{"type":"FeatureCollection","bbox":[-22,4,74,54],"features":[{"type":"Feature","properties":{"scalerank":0,"min_zoom":0},"geometry":{"type":"MultiPolygon","coordinates":[[[[9.6337,4.0],[47.535,4.0],[47.9485,4.4571],[48.0557,4.6129],[48.2024,4.9089],[48.3289,5.0797],[48.448,5.2087],[48.5481,5.3751],[48.6467,5.48],[48.6958,5.5873],[49.0361,6.1442],[49.0713,6.2199],[49.0856,6.3074],[49.0747,6.4153],[49.2473,6.8106],[49.367,7.0257],[49.5866,7.3148],[49.7442,7.5891],[49.7522,7.6503],[49.825,7.7578],[49.8234,7.8053],[49.8032,7.8269],[49.8242,7.9339],[49.9294,8.0517],[50.0911,8.161],[50.1564,8.3206],[50.2562,8.4726],[50.3035,8.5046],[50.3265,8.6411],[50.3743,8.6989],[50.4397,8.8882],[50.6336,9.0732],[50.6484,9.1104],[50.647,9.2114],[50.6895,9.2748],[50.7683,9.3193],[50.8303,9.4196],[50.8403,9.4561],[50.8062,9.6245],[50.8245,9.6511],[50.8333,9.7688],[50.9017,10.0117],[50.8838,10.1013],[50.9128,10.1769],[50.9017,10.2344],[50.9274,10.3278],[51.0901,10.4073],[51.241,10.4256],[51.2566,10.4203],[51.2729,10.3779],[51.3674,10.3677],[51.3975,10.3958],[51.417,10.4475],[51.3952,10.479],[51.2925,10.4801],[51.1761,10.5628],[51.1965,10.4774],[51.2204,10.442],[51.0381,10.4161],[51.0101,10.434],[51.0358,10.4675],[51.0923,10.4822],[51.1074,10.5766],[51.1607,10.5985],[51.1382,10.6767],[51.1151,10.9934],[51.1238,11.0388],[51.1895,11.1383],[51.1744,11.1588],[51.1309,11.1608],[51.0859,11.188],[51.0725,11.2338],[51.0813,11.3415],[51.125,11.448],[51.1209,11.5053],[51.2478,11.6524],[51.2494,11.7288],[51.2927,11.8331],[51.1277,11.8786],[51.0488,11.8786],[50.9701,11.9323],[50.8671,11.9429],[50.7979,11.9891],[50.772,11.9858],[50.6615,11.9476],[50.6411,11.9544],[50.5759,11.921],[50.5295,11.8595],[50.5127,11.7712],[50.437,11.6906],[50.3723,11.6689],[50.2683,11.5893],[50.1619,11.5634],[50.0725,11.5087],[49.9421,11.5156],[49.8512,11.4649],[49.8049,11.4584],[49.6868,11.4744],[49.5768,11.46],[49.5217,11.3938],[49.4192,11.3448],[49.3357,11.3346],[49.3035,11.3454],[49.2396,11.3003],[48.9768,11.2514],[48.8888,11.2506],[48.6548,11.3306],[48.522,11.3193],[48.4785,11.2963],[48.3428,11.2755],[48.3042,11.2275],[48.2199,11.2111],[48.1608,11.1457],[48.1304,11.1367],[47.7673,11.1302],[47.7105,11.1013],[47.5227,11.187],[47.4059,11.1846],[47.1807,11.0805],[47.0081,10.939],[46.8865,10.8986],[46.866,10.8719],[46.6597,10.7543],[46.4478,10.6931],[46.3351,10.7097],[46.2376,10.7924],[46.1022,10.7707],[45.9776,10.7991],[45.8845,10.8412],[45.8556,10.824],[45.8169,10.8692],[45.7693,10.8781],[45.6731,10.7962],[45.573,10.7581],[45.4871,10.6847],[45.4092,10.6595],[45.3206,10.6621],[45.1572,10.5411],[44.988,10.4604],[44.9942,10.4427],[44.962,10.4158],[44.7507,10.4279],[44.5861,10.3836],[44.3892,10.3972],[44.3476,10.4145],[44.0975,10.5893],[43.8296,10.803],[43.6589,10.988],[43.563,11.1703],[43.5293,11.1866],[43.4881,11.2389],[43.4894,11.3809],[43.4597,11.3511],[43.376,11.3916],[43.2827,11.4989],[43.2883,11.4604],[43.2669,11.4623],[43.1838,11.5266],[43.1519,11.6118],[43.1034,11.577],[43.0818,11.5895],[42.8752,11.5837],[42.8558,11.5958],[42.8291,11.577],[42.6941,11.546],[42.6653,11.5156],[42.6875,11.4972],[42.6725,11.4797],[42.6448,11.4882],[42.6038,11.4678],[42.5387,11.503],[42.5281,11.5702],[42.515,11.5672],[42.5269,11.5825],[42.5774,11.5624],[42.668,11.5685],[42.7772,11.7322],[42.8965,11.7806],[42.9426,11.7738],[42.9868,11.7961],[43.0555,11.8036],[43.2066,11.9578],[43.3504,11.9879],[43.3988,12.0295],[43.4187,12.0913],[43.4143,12.2249],[43.3678,12.3069],[43.3294,12.4888],[43.2974,12.482],[43.1618,12.6427],[43.1177,12.7079],[43.0864,12.8209],[43.0295,12.8789],[43.001,12.9003],[43.001,12.8649],[42.978,12.824],[42.928,12.7897],[42.9321,12.8109],[42.8689,12.8214],[42.8358,12.8649],[42.7813,12.8519],[42.7297,13.0331],[42.6554,13.0723],[42.5339,13.2326],[42.4768,13.1945],[42.3794,13.2226],[42.3425,13.4181],[42.3059,13.4761],[42.2884,13.5746],[42.1848,13.6675],[42.1599,13.6566],[42.2197,13.6326],[42.219,13.606],[42.1987,13.5987],[42.2239,13.5539],[42.1438,13.6504],[42.1066,13.6435],[42.0892,13.688],[41.9937,13.7836],[41.9697,13.8456],[41.9043,13.8798],[41.849,13.8762],[41.7981,13.9344],[41.7534,13.9207],[41.6765,13.9403],[41.6209,14.0636],[41.5418,14.1262],[41.5059,14.2134],[41.4128,14.3065],[41.3766,14.3763],[41.3359,14.402],[41.3068,14.4889],[41.2088,14.5681],[41.1675,14.6369],[40.9727,14.6696],[40.8845,14.7145],[40.8081,14.7221],[40.8081,14.7028],[40.7664,14.6953],[40.7664,14.7146],[40.7239,14.7571],[40.7324,14.8257],[40.6709,14.8803],[40.6927,14.8819],[40.6945,14.8962],[40.6604,14.9026],[40.6566,14.8803],[40.6277,14.892],[40.6164,14.9487],[40.561,14.9554],[40.5542,14.9902],[40.5127,15.0175],[40.5202,14.9827],[40.499,14.9622],[40.4631,14.9797],[40.4544,15.0045],[40.4227,14.999],[40.4177,14.9691],[40.4014,14.9661],[40.3898,15.0032],[40.3472,14.9441],[40.2868,14.9135],[40.2726,14.9376],[40.1594,14.9822],[40.1543,15.0373],[40.1279,15.0662],[40.1018,15.0646],[40.0813,15.1645],[40.0415,15.205],[40.052,15.2296],[40.0266,15.2372],[40.0813,15.3192],[40.0799,15.3407],[40.0051,15.381],[39.8753,15.5041],[39.8416,15.4631],[39.8356,15.4761],[39.8281,15.4489],[39.8071,15.4589],[39.7734,15.3905],[39.7809,15.2781],[39.7897,15.2575],[39.8177,15.2812],[39.8547,15.1735],[39.8197,15.1258],[39.8113,15.0789],[39.7737,15.071],[39.7523,15.0926],[39.7156,15.0941],[39.6983,15.1236],[39.7183,15.2639],[39.6908,15.3222],[39.6636,15.3362],[39.6113,15.5],[39.5872,15.5314],[39.5518,15.5423],[39.5169,15.5201],[39.4575,15.5246],[39.4302,15.6031],[39.4828,15.6149],[39.4849,15.6339],[39.464,15.6383],[39.4507,15.6196],[39.4446,15.6352],[39.4779,15.6611],[39.4265,15.7558],[39.437,15.812],[39.3135,15.8939],[39.2941,15.9288],[39.2356,16.1087],[39.1974,16.2986],[39.2048,16.3498],[39.177,16.5214],[39.1509,16.5294],[39.161,16.5638],[39.1449,16.6094],[39.1633,16.6282],[39.1614,16.6572],[39.136,16.7238],[39.1497,16.7169],[39.0689,16.9539],[39.0559,17.0341],[38.9985,17.196],[38.9526,17.2535],[38.9647,17.2923],[38.929,17.3971],[38.7897,17.6689],[38.6698,17.854],[38.6629,17.895],[38.6037,17.9944],[38.5845,18.0771],[38.5259,18.1284],[38.5417,18.0859],[38.532,18.0707],[38.5122,18.0737],[38.4917,18.1414],[38.4756,18.1306],[38.4338,18.1423],[38.4432,18.1557],[38.3914,18.2242],[38.3762,18.1906],[38.2651,18.2239],[38.2173,18.2177],[38.2762,18.242],[38.2795,18.273],[38.3123,18.296],[38.3062,18.3065],[38.2512,18.2808],[38.2454,18.2439],[38.1517,18.2493],[38.1036,18.2917],[38.0761,18.3481],[38.083,18.3829],[38.1219,18.4133],[38.0382,18.4611],[37.9255,18.585],[37.8128,18.6156],[37.7852,18.6402],[37.7581,18.6286],[37.7656,18.6673],[37.7407,18.7092],[37.7017,18.7112],[37.6747,18.741],[37.5398,18.7159],[37.4343,18.8617],[37.3796,19.0693],[37.3552,19.1016],[37.3608,19.1283],[37.3335,19.1597],[37.2858,19.4753],[37.2438,19.5762],[37.2383,19.6553],[37.2634,19.7038],[37.2653,19.7869],[37.1888,20.0132],[37.2249,20.1195],[37.1751,20.3492],[37.1789,20.4499],[37.1823,20.4628],[37.2224,20.4682],[37.228,20.565],[37.1691,20.7464],[37.1473,20.9409],[37.0864,21.0406],[37.1178,21.0861],[37.105,21.2075],[37.1214,21.2243],[37.1486,21.2187],[37.1592,21.148],[37.1751,21.1567],[37.2297,21.1278],[37.2721,21.0543],[37.25,21.055],[37.2093,21.0986],[37.1893,21.0972],[37.252,21.006],[37.304,21.0209],[37.313,21.0577],[37.199,21.2021],[37.1136,21.2781],[36.9841,21.4658],[36.8879,21.6501],[36.8968,21.6779],[36.8742,21.8153],[36.8735,21.9361],[36.8401,21.9661],[36.8806,21.9807],[36.8984,22.0175],[36.8954,22.0661],[36.8182,22.1088],[36.7822,22.1645],[36.7568,22.1769],[36.7476,22.161],[36.7137,22.1691],[36.5628,22.2967],[36.4398,22.3564],[36.4281,22.426],[36.3134,22.4916],[36.2905,22.5682],[36.2261,22.6354],[36.1206,22.6757],[35.9695,22.698],[35.8475,22.763],[35.7849,22.8332],[35.7557,22.9223],[35.7234,22.9319],[35.7637,22.8704],[35.7371,22.884],[35.6751,22.9666],[35.6546,23.0738],[35.5747,23.2126],[35.5475,23.394],[35.4894,23.497],[35.5101,23.7564],[35.4832,23.7725],[35.4748,23.7979],[35.4907,23.87],[35.4839,23.9178],[35.5139,23.9771],[35.5985,23.9294],[35.6845,23.9109],[35.7504,23.9324],[35.7858,23.893],[35.7925,23.9023],[35.7386,23.9833],[35.6053,24.0188],[35.5884,24.0758],[35.5039,24.1405],[35.4938,24.139],[35.5105,24.1112],[35.4938,24.1089],[35.4286,24.186],[35.3919,24.2828],[35.2355,24.4001],[35.1857,24.4857],[35.1446,24.5002],[35.1603,24.5746],[35.1095,24.6438],[35.0635,24.7641],[35.0022,24.8156],[34.9898,24.905],[34.9537,24.9441],[34.9391,25.0034],[34.8069,25.2116],[34.7433,25.3513],[34.6819,25.4287],[34.6335,25.5694],[34.5466,25.725],[34.3387,26.0018],[34.014,26.6116],[33.9414,26.6535],[33.9321,26.6826],[33.9519,26.7434],[33.9483,26.831],[33.9596,26.8498],[33.9961,26.8379],[33.9961,26.8966],[33.9517,26.931],[33.9009,27.0142],[33.9014,27.0587],[33.8368,27.1208],[33.8247,27.1805],[33.8384,27.1942],[33.8384,27.2426],[33.6917,27.3419],[33.633,27.4958],[33.5579,27.5368],[33.5647,27.5715],[33.4963,27.6466],[33.5265,27.6776],[33.5442,27.6792],[33.5579,27.6597],[33.5579,27.6814],[33.5921,27.6466],[33.575,27.6814],[33.5368,27.7081],[33.5579,27.7599],[33.5227,27.7519],[33.4735,27.8232],[33.4889,27.8459],[33.5921,27.7912],[33.5544,27.8965],[33.5125,27.9591],[33.4417,28.0165],[33.3436,28.0506],[33.3381,28.0854],[33.2494,28.1429],[33.242,28.1749],[33.2122,28.1899],[33.1265,28.2875],[33.1067,28.3471],[33.0432,28.4008],[33.0029,28.4895],[32.8689,28.5789],[32.8069,28.7781],[32.7492,28.8048],[32.6808,28.8806],[32.6734,28.9215],[32.6255,28.9727],[32.6247,29.0482],[32.6597,29.0891],[32.6589,29.1108],[32.6323,29.2431],[32.5915,29.3495],[32.5286,29.4237],[32.3877,29.5256],[32.3377,29.5925],[32.3639,29.6882],[32.3928,29.7344],[32.5095,29.8668],[32.4729,29.882],[32.4769,29.9322],[32.5134,29.9616],[32.554,29.9621],[32.5715,29.9426],[32.5575,29.9765],[32.5715,30.0114],[32.5778,29.9835],[32.5616,29.9764],[32.5855,29.9525],[32.5715,29.9289],[32.6253,29.8743],[32.6255,29.8463],[32.6045,29.8242],[32.6484,29.7946],[32.6907,29.7336],[32.6808,29.5999],[32.7124,29.5805],[32.7241,29.5395],[32.715,29.456],[32.7285,29.456],[32.7347,29.4838],[32.7415,29.456],[32.8172,29.414],[32.8174,29.3598],[32.8394,29.3162],[32.8683,29.2974],[32.8856,29.2431],[32.9579,29.2021],[33.0612,29.1014],[33.0786,29.0649],[33.145,29.0317],[33.1779,28.9896],[33.1659,28.9761],[33.1746,28.837],[33.2283,28.7639],[33.1948,28.6751],[33.2287,28.5694],[33.2562,28.5516],[33.2376,28.5661],[33.2629,28.5771],[33.2698,28.5441],[33.2562,28.5441],[33.3692,28.4479],[33.4339,28.3664],[33.5647,28.2971],[33.6182,28.2333],[33.6348,28.1813],[33.6746,28.1605],[33.716,28.0753],[33.7639,28.049],[33.7634,28.024],[33.8656,27.9613],[33.8794,27.9346],[33.904,27.9418],[33.9876,27.8867],[34.0545,27.8145],[34.1898,27.7868],[34.2498,27.7286],[34.2498,27.7428],[34.2635,27.736],[34.2573,27.7695],[34.2212,27.7698],[34.2141,27.7915],[34.2591,27.8017],[34.2795,27.8583],[34.321,27.8613],[34.3313,27.9141],[34.3709,27.9237],[34.4007,27.9687],[34.4349,27.9756],[34.444,28.0535],[34.4268,28.0815],[34.4553,28.1749],[34.4129,28.2331],[34.4069,28.308],[34.469,28.4554],[34.5236,28.5073],[34.5106,28.538],[34.6245,28.736],[34.6335,28.7707],[34.6205,28.8459],[34.6471,28.8629],[34.6403,28.9488],[34.6857,28.9887],[34.6746,29.1065],[34.695,29.1645],[34.729,29.1989],[34.7453,29.2913],[34.7366,29.3113],[34.8123,29.3876],[34.8052,29.3964],[34.8597,29.4722],[34.9108,29.4899],[34.9556,29.559],[34.9968,29.5339],[34.969,29.4508],[34.9624,29.3598],[34.9453,29.3369],[34.9556,29.3051],[34.9326,29.2893],[34.9421,29.2505],[34.9094,29.2307],[34.8526,29.0451],[34.8563,28.9638],[34.8254,28.9004],[34.842,28.8896],[34.8386,28.8286],[34.7785,28.6645],[34.8038,28.5271],[34.715,28.3275],[34.6746,28.2772],[34.6887,28.2636],[34.6746,28.2705],[34.6683,28.209],[34.6496,28.2009],[34.6577,28.1706],[34.6271,28.1767],[34.6267,28.1605],[34.5728,28.1128],[34.5744,28.0941],[34.6062,28.096],[34.613,28.0302],[34.635,28.0333],[34.6471,28.0712],[34.6683,28.0712],[34.6471,28.0991],[34.6746,28.1128],[34.682,28.1352],[34.695,28.1265],[34.7092,28.1401],[34.7274,28.1121],[34.7708,28.1059],[34.7708,28.0929],[34.8191,28.1128],[34.7918,28.0786],[34.8049,28.0712],[34.8368,28.1163],[34.8662,28.1128],[34.8426,28.0998],[34.8464,28.0712],[34.8602,28.0854],[34.9277,28.0786],[34.9979,28.1142],[35.0308,28.0991],[35.0197,28.1135],[35.0519,28.1196],[35.1618,28.0582],[35.2163,28.0544],[35.2269,28.0331],[35.1636,28.0093],[35.2456,27.9623],[35.3228,27.8763],[35.3513,27.8014],[35.3944,27.777],[35.5003,27.6193],[35.5105,27.5442],[35.5596,27.4556],[35.784,27.2355],[35.8128,27.1911],[35.8031,27.1421],[35.9119,26.9996],[36.0139,26.9023],[36.032,26.9068],[36.0977,26.754],[36.2298,26.6256],[36.3089,26.4982],[36.3828,26.3345],[36.4492,26.2469],[36.5127,26.111],[36.5366,26.0824],[36.6406,26.0602],[36.6961,26.0223],[36.7058,25.9438],[36.6621,25.8791],[36.7023,25.78],[36.7922,25.7206],[36.804,25.7268],[36.7957,25.7595],[36.8174,25.758],[36.8816,25.6728],[36.9363,25.6461],[37.0182,25.4947],[37.0774,25.4311],[37.0598,25.4196],[37.1053,25.3222],[37.2422,25.1753],[37.2578,25.1115],[37.2515,25.0526],[37.28,24.9641],[37.2581,24.9218],[37.2566,24.8712],[37.2189,24.8466],[37.1486,24.851],[37.1787,24.7994],[37.2271,24.7995],[37.2285,24.7377],[37.4567,24.4412],[37.455,24.4069],[37.4279,24.4211],[37.418,24.401],[37.4294,24.3673],[37.5227,24.2677],[37.5457,24.2744],[37.5858,24.2467],[37.6284,24.248],[37.626,24.2814],[37.6761,24.2912],[37.8656,24.1499],[37.9181,24.1496],[37.9126,24.1915],[37.948,24.207],[37.9395,24.1614],[37.9831,24.1657],[37.9353,24.139],[38.0457,24.0674],[38.0791,24.0704],[38.1854,23.9759],[38.2589,23.9448],[38.3191,23.8864],[38.3653,23.8704],[38.3996,23.8141],[38.4526,23.784],[38.4948,23.6446],[38.5392,23.5919],[38.5401,23.5432],[38.5955,23.5215],[38.5609,23.5457],[38.5599,23.5625],[38.6002,23.5682],[38.6917,23.273],[38.7776,23.1393],[38.7984,23.1496],[38.8044,23.0792],[38.7791,23.0412],[38.7996,22.9987],[38.8142,22.9827],[38.8939,22.9652],[38.9647,22.8704],[38.951,22.852],[38.9129,22.862],[38.8804,22.9285],[38.8512,22.9433],[38.9026,22.8432],[38.9709,22.7469],[38.9455,22.8312],[39.013,22.7668],[38.9857,22.7243],[39.0815,22.5468],[39.0703,22.3658],[39.0948,22.3702],[39.1149,22.4186],[39.1428,22.4032],[39.0404,22.2358],[39.0193,22.1316],[39.0261,22.1169],[39.0466,22.1511],[39.0444,22.1308],[39.0057,22.002],[38.9862,22.0022],[38.9591,22.0344],[38.9327,22.0252],[38.9313,22.0061],[38.9496,21.9219],[39.0667,21.7252],[39.0884,21.7305],[39.1012,21.76],[39.1091,21.7478],[39.0774,21.6916],[39.0923,21.5766],[39.1198,21.5169],[39.1428,21.5409],[39.1589,21.5078],[39.1497,21.4801],[39.1647,21.4649],[39.1711,21.4041],[39.0807,21.315],[39.1702,21.1915],[39.1565,21.1675],[39.1743,21.1089],[39.2378,21.0629],[39.2971,20.924],[39.3278,20.9318],[39.3528,20.9199],[39.3596,20.8967],[39.3408,20.9103],[39.3391,20.8874],[39.3597,20.8626],[39.4097,20.8284],[39.4113,20.8469],[39.4487,20.8273],[39.4575,20.7943],[39.4234,20.8141],[39.4232,20.7717],[39.4583,20.7449],[39.4779,20.739],[39.4575,20.7595],[39.506,20.7464],[39.4929,20.7062],[39.5264,20.6707],[39.5435,20.6192],[39.5947,20.5888],[39.5674,20.5677],[39.6465,20.4616],[39.7446,20.3812],[39.7601,20.3508],[39.9407,20.2592],[39.9031,20.3083],[39.992,20.2667],[40.0452,20.2861],[40.0838,20.2792],[40.1648,20.2004],[40.2388,20.178],[40.2321,20.1636],[40.3135,20.0907],[40.3936,20.0643],[40.4456,20.0097],[40.5345,19.9618],[40.527,19.9103],[40.5645,19.8859],[40.6566,19.7595],[40.6541,19.7943],[40.7449,19.777],[40.798,19.6923],[40.7944,19.6013],[40.7604,19.6087],[40.8355,19.5466],[40.9447,19.5057],[40.9592,19.456],[40.9377,19.4194],[40.9559,19.3433],[41.0361,19.2646],[41.0402,19.1835],[41.0686,19.1254],[41.1494,19.0937],[41.1765,19.0674],[41.1365,18.9365],[41.1712,18.8716],[41.249,18.8342],[41.2102,18.6979],[41.2754,18.592],[41.3078,18.5734],[41.3283,18.5876],[41.3557,18.569],[41.4358,18.47],[41.4722,18.2792],[41.5064,18.2722],[41.4933,18.2239],[41.5186,18.228],[41.5337,18.2104],[41.5213,18.1967],[41.561,18.1898],[41.5564,18.1743],[41.6026,18.1147],[41.5935,18.0959],[41.6511,18.039],[41.6536,18.0153],[41.6737,18.0093],[41.6773,17.9606],[41.7783,17.8598],[41.7876,17.8336],[41.8104,17.8369],[41.8478,17.812],[41.8695,17.8205],[41.9793,17.7106],[42.0005,17.7175],[42.0532,17.6532],[42.0935,17.6521],[42.1409,17.5712],[42.2606,17.4851],[42.2736,17.4599],[42.3015,17.4536],[42.363,17.0248],[42.3739,17.0433],[42.3638,17.1087],[42.384,17.121],[42.3567,17.1824],[42.4108,17.1557],[42.4475,17.049],[42.5127,17.037],[42.5442,17.0043],[42.5557,16.9221],[42.5418,16.878],[42.5759,16.8323],[42.5969,16.8368],[42.6358,16.8152],[42.7124,16.7306],[42.7039,16.7091],[42.7192,16.6754],[42.7373,16.6711],[42.7287,16.5472],[42.7949,16.4528],[42.7813,16.4202],[42.8433,16.0522],[42.8303,15.8925],[42.7658,15.8358],[42.7417,15.7532],[42.6919,15.7021],[42.7136,15.6947],[42.7083,15.6278],[42.7334,15.5922],[42.7192,15.57],[42.7783,15.479],[42.8091,15.2678],[42.7881,15.2297],[42.7949,15.2093],[42.7786,15.2216],[42.7743,15.2604],[42.6994,15.3117],[42.7124,15.3663],[42.6782,15.3083],[42.6919,15.2707],[42.6826,15.2465],[42.6101,15.2436],[42.6377,15.1909],[42.6714,15.1854],[42.6914,15.2143],[42.7334,15.2093],[42.864,15.1364],[42.8823,15.1025],[42.8801,15.0248],[42.9373,14.9485],[42.9523,14.8795],[42.9456,14.8114],[42.9104,14.8414],[42.8833,14.9155],[42.8836,14.8837],[42.9422,14.7889],[42.9617,14.7086],[42.9998,14.6633],[42.9873,14.6339],[43.0287,14.538],[43.014,14.4968],[43.0215,14.4421],[42.9837,14.5203],[42.966,14.5303],[42.9593,14.5135],[42.9873,14.4892],[43.0955,14.084],[43.1617,13.954],[43.2332,13.8764],[43.2435,13.7943],[43.2809,13.7221],[43.2952,13.5856],[43.2542,13.5266],[43.2483,13.3489],[43.2263,13.2839],[43.2489,13.2127],[43.3088,13.1393],[43.3418,13.0626],[43.3864,13.0073],[43.4014,12.9434],[43.4732,12.8466],[43.4812,12.7734],[43.468,12.6839],[43.5256,12.6904],[43.6006,12.7563],[43.8948,12.6527],[43.9463,12.598],[44.0623,12.6117],[44.1535,12.656],[44.1912,12.6605],[44.19,12.6321],[44.138,12.639],[44.1912,12.6191],[44.407,12.6852],[44.4155,12.6702],[44.5428,12.7973],[44.6106,12.8196],[44.6936,12.8035],[44.7192,12.7801],[44.7278,12.742],[44.7852,12.7723],[44.8814,12.7299],[44.9128,12.7482],[44.9209,12.7714],[44.8718,12.77],[44.8716,12.8035],[44.9168,12.7995],[44.9446,12.834],[44.9981,12.8314],[45.0151,12.8587],[45.0425,12.8209],[45.0352,12.8037],[44.981,12.7973],[44.9793,12.7823],[45.0393,12.7563],[45.0586,12.762],[45.0588,12.8271],[45.1182,12.9617],[45.1935,13.0127],[45.403,13.0701],[45.4815,13.1575],[45.4942,13.1946],[45.6658,13.342],[45.8154,13.3795],[46.1113,13.4068],[46.2345,13.4363],[46.313,13.4136],[46.52,13.413],[46.6047,13.4409],[46.7007,13.4303],[46.8242,13.4763],[46.9119,13.5333],[47.1668,13.5856],[47.3982,13.6549],[47.6457,13.8732],[47.821,13.9385],[47.8665,13.9617],[47.9312,14.0306],[48.0169,14.0573],[48.1404,14.0306],[48.1936,13.9934],[48.1887,13.9691],[48.3457,14.0026],[48.3382,14.0163],[48.4504,14.0106],[48.4688,13.989],[48.5648,14.046],[48.6958,14.0436],[48.7383,14.0682],[48.7976,14.1404],[48.8526,14.167],[48.887,14.2503],[49.0037,14.3248],[49.0099,14.4011],[49.0928,14.5196],[49.1371,14.5327],[49.1819,14.5166],[49.1902,14.5486],[49.3724,14.6498],[49.4605,14.6736],[49.5781,14.7373],[49.9421,14.8388],[50.0298,14.8503],[50.0418,14.8183],[50.1463,14.8498],[50.1795,14.8433],[50.3023,14.9175],[50.3582,14.9333],[50.4595,15.0104],[50.554,15.0486],[50.6615,15.0585],[51.2688,15.2018],[51.3425,15.2377],[51.3678,15.2297],[51.4743,15.2707],[51.5305,15.3168],[51.6764,15.3403],[51.6621,15.3771],[51.6799,15.4035],[51.8293,15.4687],[51.8687,15.4516],[51.8742,15.4915],[51.9131,15.5153],[52.0471,15.57],[52.2284,15.6161],[52.2449,15.6577],[52.2214,15.717],[52.2244,15.8467],[52.1755,15.8779],[52.1865,15.9191],[52.16,16.0021],[52.2244,16.1136],[52.2214,16.1609],[52.2927,16.2638],[52.5326,16.4473],[52.8511,16.5561],[52.9849,16.6282],[53.0218,16.6195],[53.0692,16.6318],[53.1753,16.6845],[53.3386,16.7348],[53.6154,16.7579],[53.6693,16.7841],[53.7532,16.8677],[53.9811,16.9088],[54.0095,16.9374],[54.0127,16.9776],[54.085,17.0111],[54.3695,17.0248],[54.39,17.0395],[54.4617,17.0248],[54.5921,17.0385],[54.6741,17.0198],[54.6979,16.9702],[54.7394,16.9565],[54.7805,16.9639],[54.7918,16.9514],[54.9754,16.9975],[55.0109,17.0263],[55.0269,17.0111],[55.1248,17.0925],[55.1436,17.1278],[55.1892,17.1448],[55.2192,17.2104],[55.2603,17.2343],[55.2512,17.29],[55.2942,17.3521],[55.3008,17.4168],[55.2295,17.4886],[55.2282,17.5388],[55.2632,17.6077],[55.3695,17.6964],[55.4452,17.841],[55.6535,17.8953],[55.9094,17.9066],[56.0311,17.9434],[56.1162,17.9366],[56.1885,17.9571],[56.3563,17.94],[56.3577,17.9698],[56.432,18.0322],[56.4626,18.0844],[56.5276,18.1147],[56.5613,18.1492],[56.5488,18.1898],[56.6006,18.3054],[56.6123,18.3996],[56.6443,18.4676],[56.6411,18.5593],[56.6597,18.5954],[56.8078,18.7456],[56.915,18.8103],[57.2075,18.91],[57.5015,18.9537],[57.7097,18.944],[57.7523,18.973],[57.8011,18.9807],[57.8401,19.0153],[57.802,19.0948],[57.8119,19.1569],[57.7507,19.2681],[57.7739,19.4097],[57.7044,19.5487],[57.72,19.6531],[57.6892,19.7282],[57.7621,19.843],[57.8136,19.977],[57.848,20.1118],[57.8237,20.2011],[57.8561,20.2606],[57.9666,20.3302],[57.9739,20.3523],[57.9558,20.3996],[57.9944,20.4423],[58.0759,20.48],[58.0672,20.5111],[58.0908,20.5668],[58.2057,20.6133],[58.2551,20.6093],[58.2642,20.5876],[58.2283,20.4888],[58.2346,20.4237],[58.2134,20.4653],[58.2029,20.4047],[58.2796,20.3848],[58.2756,20.3685],[58.3591,20.3816],[58.4458,20.3586],[58.4836,20.4042],[58.5186,20.4168],[58.5918,20.6439],[58.6454,20.6911],[58.6665,20.7464],[58.6999,20.7408],[58.728,20.7669],[58.7293,20.7868],[58.6865,20.7595],[58.6677,20.7723],[58.659,20.7908],[58.6803,20.8284],[58.739,20.8622],[58.7349,20.883],[58.7988,20.936],[58.8079,20.9908],[58.8543,21.0656],[59.0544,21.2771],[59.1663,21.3628],[59.3442,21.4447],[59.355,21.4857],[59.4486,21.6249],[59.4979,21.7563],[59.6056,21.9102],[59.6453,21.9258],[59.6882,22.0827],[59.7347,22.1231],[59.8118,22.2374],[59.8446,22.4453],[59.8249,22.5089],[59.8032,22.5347],[59.7458,22.5382],[59.7625,22.4986],[59.7398,22.4978],[59.7212,22.5414],[59.6939,22.5414],[59.6268,22.5798],[59.5498,22.5551],[59.5158,22.5615],[59.5355,22.5831],[59.4107,22.6708],[59.3518,22.7612],[59.2975,22.7927],[59.2323,22.943],[59.0879,23.0484],[59.0737,23.0932],[59.0101,23.1533],[59.0017,23.2124],[58.9562,23.2594],[58.9295,23.3181],[58.8076,23.4211],[58.793,23.4957],[58.7621,23.5421],[58.728,23.5284],[58.7206,23.5488],[58.7069,23.5351],[58.6803,23.5625],[58.659,23.5625],[58.5842,23.647],[58.4909,23.6566],[58.453,23.624],[58.3172,23.6209],[58.2824,23.6314],[58.2274,23.6791],[58.1316,23.7133],[57.8877,23.7209],[57.835,23.7401],[57.7957,23.7822],[57.6452,23.7904],[57.1843,23.9343],[56.9395,24.1159],[56.8411,24.2238],[56.8014,24.303],[56.6112,24.4963],[56.4935,24.7002],[56.4803,24.7651],[56.4054,24.8973],[56.362,25.0573],[56.3836,25.3135],[56.3592,25.3764],[56.37,25.5257],[56.34,25.6046],[56.2791,25.6274],[56.2666,25.6726],[56.3018,25.7629],[56.3018,25.7418],[56.3638,25.8069],[56.3638,25.838],[56.3994,25.9023],[56.3836,25.9261],[56.4079,25.9374],[56.439,25.9261],[56.4533,25.9472],[56.4221,25.9566],[56.4004,25.9905],[56.4234,26.0046],[56.4229,26.0231],[56.4089,26.0344],[56.3836,26.0223],[56.3801,26.0382],[56.473,26.0986],[56.3638,26.1049],[56.3638,26.1458],[56.3359,26.1116],[56.3288,26.1728],[56.3684,26.2045],[56.3911,26.2011],[56.3775,26.1737],[56.4041,26.1868],[56.4124,26.1584],[56.4798,26.1458],[56.432,26.1942],[56.432,26.2215],[56.4533,26.2215],[56.4596,26.2021],[56.4873,26.2352],[56.4762,26.2492],[56.4323,26.2394],[56.3986,26.2687],[56.4528,26.3183],[56.509,26.3237],[56.501,26.3587],[56.4798,26.3519],[56.4873,26.3314],[56.4622,26.3319],[56.4116,26.345],[56.4041,26.3723],[56.3836,26.3587],[56.3638,26.386],[56.3563,26.3376],[56.3223,26.3096],[56.3638,26.2795],[56.3584,26.265],[56.3159,26.2904],[56.3084,26.2215],[56.3678,26.2441],[56.3945,26.2392],[56.4041,26.2147],[56.367,26.2215],[56.2949,26.1942],[56.2669,26.2275],[56.2124,26.2078],[56.2083,26.2631],[56.1818,26.246],[56.0915,26.1065],[56.0553,25.9888],[56.0076,25.9069],[56.041,25.9335],[56.0369,25.9151],[55.966,25.8342],[55.9523,25.7721],[55.9372,25.7767],[55.9597,25.8237],[55.8425,25.7138],[55.7705,25.6872],[55.7339,25.6468],[55.6834,25.6235],[55.6263,25.5363],[55.5482,25.5295],[55.5422,25.5425],[55.5681,25.5847],[55.551,25.5786],[55.4725,25.4128],[55.4553,25.3999],[55.439,25.4128],[55.3871,25.3571],[55.3655,25.3586],[55.3633,25.324],[55.3394,25.3214],[55.3037,25.283],[55.3342,25.2192],[55.3289,25.2015],[55.3011,25.1937],[55.3184,25.2253],[55.2824,25.2607],[55.259,25.2153],[55.0823,25.0168],[55.0446,25.0139],[55.05,24.9934],[54.76,24.8306],[54.7736,24.8148],[54.7542,24.7924],[54.707,24.8039],[54.6433,24.7487],[54.6706,24.6661],[54.6434,24.6306],[54.6159,24.6212],[54.6364,24.5978],[54.5818,24.5084],[54.5403,24.5159],[54.5613,24.5016],[54.5374,24.4984],[54.5129,24.5153],[54.4856,24.5699],[54.4651,24.5351],[54.4519,24.5565],[54.4173,24.5351],[54.4993,24.4879],[54.5713,24.4733],[54.5744,24.447],[54.5134,24.4743],[54.5403,24.4327],[54.4856,24.447],[54.4993,24.4327],[54.4832,24.4251],[54.4856,24.3883],[54.4273,24.2921],[54.3826,24.2546],[54.323,24.2707],[54.2528,24.2211],[54.187,24.2036],[54.1226,24.1447],[53.9512,24.1037],[53.8789,24.0648],[53.7028,24.0705],[53.657,24.0485],[53.5896,24.0471],[53.5193,24.0969],[53.4788,24.0937],[53.4458,24.1198],[53.2538,24.0988],[53.1653,24.1703],[53.1424,24.1658],[53.1634,24.1248],[53.1465,24.1213],[53.1072,24.1379],[53.0672,24.1219],[53.0059,24.1658],[52.9471,24.1379],[52.8276,24.1522],[52.7827,24.1379],[52.7201,24.1515],[52.6813,24.1408],[52.6003,24.2095],[52.5807,24.1994],[52.5746,24.1521],[52.3411,24.0075],[52.1555,23.9665],[52.0674,23.9634],[52.0169,23.9897],[51.9529,23.9909],[51.9314,23.988],[51.9287,23.9647],[51.8936,23.9904],[51.8094,24.0007],[51.7878,24.0486],[51.7734,24.1532],[51.7795,24.262],[51.7588,24.2905],[51.7236,24.2278],[51.7007,24.2219],[51.6726,24.2781],[51.6629,24.2328],[51.6487,24.2186],[51.6345,24.2269],[51.6238,24.3393],[51.5938,24.3849],[51.574,24.3644],[51.5907,24.2844],[51.5693,24.2562],[51.5261,24.2683],[51.479,24.3109],[51.4129,24.3235],[51.345,24.2978],[51.2822,24.303],[51.2786,24.3405],[51.2997,24.3463],[51.3064,24.406],[51.3269,24.4361],[51.3953,24.4879],[51.4437,24.5548],[51.4983,24.5836],[51.3953,24.6313],[51.3879,24.5971],[51.3337,24.5321],[51.3024,24.5172],[51.2903,24.5785],[51.3064,24.6108],[51.2952,24.6026],[51.2688,24.6245],[51.2176,24.6177],[51.2126,24.6337],[51.2781,24.663],[51.286,24.645],[51.3391,24.6462],[51.3289,24.5848],[51.3406,24.5699],[51.3815,24.6351],[51.4436,24.6798],[51.5003,24.8554],[51.5869,24.9534],[51.611,25.0224],[51.6076,25.2551],[51.59,25.2838],[51.5188,25.2971],[51.5169,25.4402],[51.4719,25.5214],[51.4914,25.5493],[51.4914,25.6182],[51.5495,25.6312],[51.5471,25.6632],[51.5051,25.6872],[51.5529,25.7076],[51.5568,25.6816],[51.5901,25.7119],[51.574,25.7349],[51.555,25.7206],[51.5446,25.7374],[51.5633,25.7629],[51.5835,25.7418],[51.5945,25.7582],[51.5703,25.8984],[51.512,25.9461],[51.404,25.9541],[51.3766,26.0229],[51.3472,26.039],[51.3469,26.1049],[51.2512,26.1601],[51.1943,26.1335],[51.1761,26.1396],[51.1419,26.0878],[51.0474,26.053],[51.0047,25.967],[50.9842,25.9814],[50.9494,25.838],[50.9707,25.8305],[50.973,25.7975],[50.9496,25.7753],[50.9329,25.8106],[50.9155,25.7864],[50.9017,25.7895],[50.9092,25.7451],[50.8875,25.6809],[50.9032,25.6401],[50.9776,25.6461],[50.9496,25.5977],[50.9206,25.6083],[50.9092,25.5977],[50.8887,25.5295],[50.8687,25.5596],[50.8709,25.6393],[50.8506,25.653],[50.8369,25.6288],[50.7964,25.6173],[50.785,25.6046],[50.8329,25.5785],[50.8279,25.5251],[50.8472,25.4674],[50.8205,25.4718],[50.7971,25.5299],[50.751,25.4947],[50.7638,25.4824],[50.751,25.4196],[50.7658,25.3236],[50.7578,25.1862],[50.7757,25.0919],[50.8086,25.0692],[50.7966,25.0036],[50.8511,24.8908],[50.8596,24.7956],[50.8267,24.7487],[50.7713,24.727],[50.7373,24.7822],[50.7264,24.8817],[50.6814,24.9139],[50.6616,24.98],[50.6063,25.0427],[50.5804,25.0622],[50.5728,25.0429],[50.5622,25.0548],[50.5491,25.1748],[50.5176,25.2449],[50.5204,25.3148],[50.4715,25.4372],[50.4102,25.4641],[50.3814,25.5129],[50.362,25.503],[50.3743,25.4612],[50.348,25.4821],[50.2341,25.6152],[50.1961,25.6872],[50.1824,25.6728],[50.1487,25.6999],[50.1447,25.7333],[50.2267,25.6872],[50.2575,25.6319],[50.2472,25.6794],[50.1619,25.7827],[50.1183,25.8679],[50.1078,25.9147],[50.1277,25.9404],[50.1013,25.9895],[50.0669,25.9963],[50.0646,26.0134],[50.0241,26.036],[50.021,26.0045],[49.99,26.0018],[49.99,26.0605],[50.0104,26.0769],[49.9758,26.1396],[50.0324,26.2011],[50.0657,26.1737],[50.0736,26.1315],[50.1133,26.1033],[50.1258,26.0465],[50.1414,26.036],[50.1584,26.1025],[50.1546,26.1662],[50.1741,26.1807],[50.1824,26.1601],[50.2122,26.1913],[50.2166,26.3239],[50.1916,26.4036],[50.0583,26.4639],[50.0306,26.4946],[50.0037,26.5707],[50.0064,26.6486],[49.9832,26.6837],[49.9885,26.7244],[50.0064,26.7476],[50.0237,26.6995],[50.0925,26.6891],[50.1619,26.6392],[50.1585,26.6649],[50.0691,26.7286],[49.973,26.8424],[49.8718,26.8625],[49.6995,26.9582],[49.6125,27.072],[49.5701,27.1041],[49.5586,27.1396],[49.5721,27.1942],[49.5449,27.1737],[49.5164,27.1884],[49.4891,27.1748],[49.5244,27.1327],[49.4319,27.1428],[49.4351,27.1668],[49.4071,27.1327],[49.3748,27.1491],[49.3669,27.1606],[49.3975,27.1626],[49.4124,27.204],[49.3709,27.2187],[49.3669,27.1942],[49.3452,27.1828],[49.3395,27.2078],[49.3226,27.2057],[49.3128,27.345],[49.2788,27.3588],[49.2234,27.3313],[49.2297,27.3797],[49.2638,27.4139],[49.2402,27.4272],[49.207,27.3952],[49.1198,27.4411],[49.1577,27.4585],[49.1819,27.4411],[49.2088,27.4581],[49.2639,27.4529],[49.2849,27.4753],[49.2927,27.4529],[49.3128,27.4486],[49.3053,27.4821],[49.2398,27.5451],[49.072,27.5578],[49.0776,27.5465],[49.0589,27.5382],[49.0447,27.5442],[49.064,27.5563],[49.0542,27.5683],[48.9685,27.6203],[48.9153,27.6086],[48.9143,27.5715],[48.8911,27.5881],[48.9006,27.633],[48.8708,27.6056],[48.8318,27.6125],[48.849,27.6234],[48.8733,27.6125],[48.8596,27.6404],[48.8771,27.6445],[48.8801,27.6876],[48.8581,27.6628],[48.8392,27.7081],[48.8153,27.6876],[48.8113,27.7428],[48.7914,27.7149],[48.7788,27.7196],[48.8125,27.8286],[48.8255,27.8111],[48.805,27.7565],[48.8529,27.8179],[48.8576,27.8035],[48.8392,27.7286],[48.8745,27.7699],[48.8827,27.8267],[48.8147,27.9067],[48.7437,27.9613],[48.7468,27.9816],[48.7845,27.9892],[48.792,28.007],[48.6521,28.0461],[48.6008,28.1478],[48.6184,28.2173],[48.5222,28.3188],[48.5355,28.4076],[48.4688,28.3871],[48.4761,28.4008],[48.499,28.3934],[48.5078,28.4157],[48.4985,28.4929],[48.4053,28.5699],[48.3867,28.654],[48.3518,28.6405],[48.3527,28.6614],[48.3799,28.6677],[48.3662,28.6887],[48.3867,28.6751],[48.3796,28.7104],[48.3936,28.7434],[48.3288,28.76],[48.2769,28.8396],[48.2795,28.8944],[48.2259,28.9183],[48.1585,29.0173],[48.1338,29.1536],[48.0954,29.2577],[48.1003,29.35],[48.0252,29.3549],[47.9857,29.3938],[47.8579,29.323],[47.8164,29.3376],[47.8226,29.3634],[47.8512,29.3802],[47.8373,29.3875],[47.7047,29.3636],[47.7184,29.3942],[47.7639,29.4129],[47.807,29.4676],[47.9655,29.5763],[48.0859,29.575],[48.1545,29.5391],[48.1768,29.5419],[48.1809,29.5622],[48.0789,29.744],[48.0524,29.743],[47.9956,29.8277],[47.9753,29.9426],[47.9409,30.0265],[47.9485,30.0623],[47.9348,30.1071],[47.9517,30.0883],[47.969,30.0041],[48.0383,30.0369],[48.1192,30.045],[48.2092,30.0245],[48.4119,29.9384],[48.5205,29.9289],[48.5593,29.9466],[48.5308,29.9562],[48.5374,29.9699],[48.6108,29.957],[48.6514,29.975],[48.6616,29.9935],[48.6433,30.0554],[48.702,30.0319],[48.8972,30.0294],[48.9286,30.06],[48.9417,30.1651],[48.9212,30.2504],[48.867,30.2947],[48.8596,30.3162],[48.8737,30.3367],[48.8623,30.3456],[48.9348,30.4186],[49.0173,30.4149],[49.0373,30.4325],[49.0044,30.464],[48.9456,30.4797],[48.9815,30.5156],[49.1101,30.518],[49.134,30.4975],[49.1668,30.5088],[49.1682,30.477],[49.2112,30.5063],[49.2283,30.4544],[49.2638,30.4497],[49.2029,30.3466],[49.1764,30.3727],[49.062,30.4081],[48.9486,30.4011],[48.9212,30.3808],[48.9795,30.3618],[49.0173,30.2983],[49.124,30.2564],[49.1614,30.2238],[49.1929,30.2377],[49.2092,30.2715],[49.2212,30.2646],[49.216,30.2238],[49.2371,30.2064],[49.2451,30.1565],[49.3499,30.1753],[49.4798,30.1561],[49.5012,30.1201],[49.5041,30.0587],[49.5322,30.0229],[49.6008,30.0301],[49.9146,30.2039],[49.9883,30.2199],[50.0734,30.1957],[50.1277,30.1207],[50.1218,30.0946],[50.1448,30.0379],[50.134,30.0041],[50.1533,29.991],[50.134,29.9835],[50.1449,29.9381],[50.2438,29.8668],[50.397,29.6547],[50.4561,29.6341],[50.6069,29.4696],[50.6074,29.4995],[50.6553,29.4491],[50.6615,29.3188],[50.6895,29.2908],[50.6826,29.2431],[50.6675,29.2573],[50.6358,29.2077],[50.6438,29.1435],[50.6937,29.1234],[50.7383,29.1401],[50.8403,29.1406],[50.8508,29.1055],[50.8744,29.1133],[50.9017,29.0649],[50.9202,29.069],[50.9299,29.0546],[50.929,29.0097],[50.8949,28.9761],[50.8993,28.9494],[50.8887,28.9414],[50.8233,28.9966],[50.8026,28.9858],[50.8049,28.9336],[50.8762,28.832],[50.9787,28.8166],[51.0109,28.7991],[51.0588,28.7359],[51.0807,28.5339],[51.1419,28.4008],[51.2853,28.2409],[51.2698,28.1405],[51.3452,28.0527],[51.3999,27.9317],[51.4204,27.9332],[51.4282,27.9611],[51.4964,27.893],[51.5703,27.8776],[51.5851,27.8493],[51.6834,27.8306],[51.8596,27.8459],[51.8943,27.8309],[52.0112,27.8327],[52.0892,27.7954],[52.2449,27.6814],[52.4596,27.6326],[52.5676,27.5407],[52.5984,27.4858],[52.6701,27.4486],[52.679,27.4253],[52.6665,27.4154],[52.6052,27.4121],[52.5791,27.3928],[52.6013,27.3529],[52.7322,27.3013],[52.8483,27.2153],[52.9147,27.192],[52.9326,27.1603],[52.9922,27.147],[53.0287,27.1041],[53.4441,26.9757],[53.4915,26.8543],[53.7283,26.7047],[53.7517,26.7161],[53.8428,26.7021],[54.0158,26.7495],[54.1504,26.7082],[54.3081,26.715],[54.3377,26.6934],[54.3894,26.6051],[54.4256,26.5893],[54.5613,26.5847],[54.62,26.5082],[54.7497,26.5089],[54.791,26.4958],[54.9307,26.5727],[55.1033,26.7013],[55.2059,26.7264],[55.2329,26.7764],[55.2708,26.7925],[55.4422,26.7599],[55.5217,26.7846],[55.5804,26.8591],[55.5824,26.9136],[55.5545,26.8999],[55.6659,26.9954],[55.7637,26.9962],[55.9393,27.0267],[56.0935,27.1256],[56.1237,27.1606],[56.353,27.2016],[56.5829,27.1531],[56.7161,27.1531],[56.7573,27.1252],[56.8088,27.1396],[56.8314,27.0961],[56.8846,27.0781],[56.8441,27.0402],[56.8655,27.0119],[56.8909,27.017],[56.9324,26.9893],[56.9733,27.003],[56.9733,26.9688],[56.9255,26.9551],[56.9665,26.9272],[56.9652,26.9111],[57.0249,26.851],[57.09,26.6188],[57.0803,26.4154],[57.1182,26.3643],[57.1331,26.2637],[57.2129,26.1662],[57.1709,26.1156],[57.1668,26.083],[57.1986,25.995],[57.2197,25.995],[57.2536,25.959],[57.3044,25.7998],[57.3262,25.777],[57.46,25.769],[57.5207,25.7436],[57.7556,25.7427],[57.7831,25.6998],[57.7717,25.6356],[57.884,25.6916],[57.9632,25.6932],[58.0462,25.5749],[58.1704,25.5441],[58.419,25.612],[58.4118,25.596],[58.4305,25.588],[58.5464,25.5937],[58.8137,25.5636],[58.8403,25.5329],[58.9235,25.5134],[58.9943,25.4196],[59.044,25.3996],[59.0941,25.4064],[59.1172,25.3942],[59.1953,25.4229],[59.4539,25.4616],[59.538,25.3998],[59.614,25.3838],[59.7749,25.3899],[59.9038,25.3299],[59.9408,25.3549],[60.082,25.366],[60.1167,25.3398],[60.2092,25.3197],[60.216,25.3383],[60.1926,25.3561],[60.2015,25.3712],[60.2894,25.3772],[60.304,25.3712],[60.2903,25.3513],[60.3192,25.3299],[60.3626,25.3306],[60.4672,25.2903],[60.4377,25.3339],[60.402,25.3447],[60.3953,25.3779],[60.4456,25.4282],[60.5497,25.4469],[60.6016,25.406],[60.6082,25.3276],[60.6323,25.2961],[60.617,25.2832],[60.6335,25.275],[61.0306,25.2098],[61.1703,25.1644],[61.1851,25.1232],[61.4117,25.0594],[61.4351,25.0877],[61.4206,25.0969],[61.4895,25.1186],[61.5242,25.1732],[61.4826,25.1937],[61.5042,25.2088],[61.5584,25.2005],[61.5373,25.2204],[61.5545,25.2541],[61.5882,25.2021],[61.6942,25.2005],[61.7495,25.1732],[61.7796,25.1911],[61.7801,25.1625],[61.7324,25.0916],[61.7201,25.0374],[61.7549,25.0135],[61.8473,25.0379],[61.8811,25.103],[62.0972,25.1071],[62.059,25.1616],[62.08,25.1972],[62.1452,25.2184],[62.2542,25.212],[62.2975,25.1851],[62.3153,25.1302],[62.2561,25.0986],[62.3811,25.0876],[62.3872,25.1016],[62.3391,25.1247],[62.3431,25.1555],[62.4138,25.2065],[62.4894,25.2142],[62.4676,25.2235],[62.4772,25.2591],[62.7705,25.2619],[63.0278,25.2204],[63.1441,25.2609],[63.3081,25.2204],[63.4111,25.2225],[63.5005,25.1937],[63.5187,25.2209],[63.4695,25.2893],[63.4958,25.2914],[63.5725,25.365],[63.7378,25.3853],[63.9441,25.3349],[64.0597,25.3446],[64.0796,25.365],[64.0488,25.4165],[64.0117,25.3973],[63.9971,25.4196],[63.9766,25.4128],[64.0454,25.4503],[64.1553,25.4469],[64.1409,25.4289],[64.0838,25.4267],[64.0835,25.4035],[64.1069,25.3854],[64.0945,25.3359],[64.2446,25.3166],[64.2658,25.2987],[64.3607,25.283],[64.4393,25.2346],[64.492,25.2457],[64.5184,25.2756],[64.5654,25.2702],[64.6277,25.2285],[64.6004,25.1732],[64.655,25.1657],[64.7102,25.1794],[64.6686,25.2067],[64.6686,25.2551],[64.696,25.2976],[64.7444,25.324],[64.9207,25.3271],[65.1553,25.2961],[65.188,25.311],[65.2323,25.3707],[65.2598,25.3804],[65.2923,25.365],[65.3954,25.3923],[65.3823,25.3712],[65.4678,25.3854],[65.6521,25.3445],[65.8584,25.4175],[66.1592,25.4469],[66.2518,25.4729],[66.3595,25.4652],[66.4984,25.3985],[66.5116,25.4142],[66.4575,25.4538],[66.4922,25.481],[66.4562,25.496],[66.4232,25.481],[66.3364,25.5534],[66.2581,25.5431],[66.2588,25.5248],[66.2131,25.4914],[66.0944,25.4748],[66.2039,25.5932],[66.2581,25.612],[66.3386,25.6081],[66.3755,25.6257],[66.3726,25.6039],[66.3877,25.5924],[66.437,25.5977],[66.4928,25.5181],[66.531,25.5181],[66.5505,25.4571],[66.5871,25.4262],[66.5912,25.3996],[66.5793,25.3794],[66.5537,25.3854],[66.5479,25.3656],[66.7102,25.2392],[66.7372,25.1811],[66.6996,25.0853],[66.6813,24.9489],[66.6813,24.9105],[66.7044,24.892],[66.6567,24.8587],[66.6541,24.8392],[66.8821,24.851],[66.9651,24.81],[66.9651,24.8436],[67.0825,24.7742],[67.0812,24.8033],[67.1397,24.8033],[67.1673,24.7602],[67.2327,24.7707],[67.2555,24.748],[67.1755,24.6887],[67.1521,24.6157],[67.209,24.6138],[67.2526,24.5903],[67.1836,24.5903],[67.1946,24.5473],[67.2308,24.5251],[67.2109,24.5084],[67.2468,24.468],[67.2588,24.4191],[67.2866,24.4395],[67.2717,24.3691],[67.3625,24.3439],[67.286,24.3296],[67.2928,24.303],[67.2791,24.2812],[67.3413,24.0864],[67.354,24.0709],[67.5098,24.0521],[67.5331,24.0703],[67.5199,24.0451],[67.4782,24.0324],[67.4512,23.9877],[67.5064,23.974],[67.4989,23.9256],[67.5405,23.9393],[67.5125,23.8983],[67.4785,23.8915],[67.5466,23.871],[67.5301,23.8913],[67.5466,23.8983],[67.5746,23.8718],[67.5884,23.8847],[67.5894,23.8665],[67.6145,23.8501],[67.6374,23.8743],[67.6504,23.9331],[67.6316,23.8035],[67.7157,23.7917],[67.7437,23.8088],[67.7186,23.8437],[67.8317,23.8095],[67.8552,23.9119],[67.8689,23.8505],[67.8999,23.8676],[67.9099,23.8362],[67.9343,23.833],[67.9509,23.8089],[67.9942,23.8112],[68.0135,23.7685],[68.0539,23.8294],[68.0135,23.9393],[68.0637,23.9232],[68.0594,23.8619],[68.1022,23.8157],[68.0817,23.8056],[68.0744,23.7648],[68.0539,23.7437],[68.0628,23.7231],[68.0989,23.7093],[68.1022,23.7338],[68.1491,23.6945],[68.1433,23.7611],[68.1706,23.8399],[68.1575,23.9051],[68.1831,23.8435],[68.1681,23.7475],[68.1978,23.7748],[68.2088,23.6962],[68.241,23.674],[68.2804,23.686],[68.2759,23.6658],[68.2327,23.645],[68.1981,23.6591],[68.1434,23.6127],[68.1814,23.5941],[68.3176,23.5861],[68.3489,23.6034],[68.342,23.624],[68.4277,23.7143],[68.5989,23.7819],[68.6335,23.8331],[68.7178,23.841],[68.7669,23.8784],[68.8216,23.8784],[68.7256,23.8189],[68.6707,23.8157],[68.6379,23.7615],[68.5835,23.7353],[68.5335,23.6792],[68.4694,23.6592],[68.4688,23.6408],[68.4927,23.6376],[68.4915,23.6188],[68.4275,23.6314],[68.4089,23.6213],[68.4061,23.5087],[68.4116,23.4947],[68.447,23.503],[68.4373,23.5488],[68.4587,23.5215],[68.4813,23.5251],[68.4858,23.5141],[68.4474,23.4875],[68.4237,23.4458],[68.4404,23.4343],[68.4655,23.4458],[68.4588,23.4198],[68.4754,23.4049],[68.5301,23.4257],[68.541,23.4117],[68.5151,23.3993],[68.5207,23.3692],[68.561,23.3639],[68.603,23.3328],[68.561,23.3161],[68.541,23.2782],[68.5523,23.2597],[68.6231,23.2676],[68.6094,23.2267],[68.5957,23.2404],[68.5999,23.225],[68.6226,23.1916],[68.6497,23.1809],[68.6541,23.1578],[68.8662,23.02],[69.0399,22.9505],[69.2019,22.8522],[69.3381,22.8331],[69.5857,22.7612],[69.7158,22.7469],[69.7801,22.8275],[69.8332,22.8585],[70.1354,22.93],[70.1095,22.9592],[70.1306,22.994],[70.1291,22.9693],[70.1631,22.949],[70.222,22.9592],[70.2331,23.0001],[70.3035,22.9381],[70.3924,22.9409],[70.411,23.0232],[70.3988,23.069],[70.4671,23.1297],[70.5029,23.1044],[70.5285,23.0471],[70.5047,22.9796],[70.4863,22.9637],[70.4534,22.9666],[70.3753,22.9027],[70.3225,22.8227],[70.3191,22.7783],[70.1785,22.562],[70.1447,22.5478],[70.0591,22.5584],[69.973,22.5414],[69.8848,22.4736],[69.8333,22.4638],[69.7949,22.4186],[69.7334,22.48],[69.6994,22.4043],[69.6694,22.4092],[69.6404,22.376],[69.6297,22.3838],[69.6161,22.3559],[69.5547,22.3776],[69.5479,22.4521],[69.516,22.4481],[69.5256,22.3921],[69.4797,22.3422],[69.3599,22.3292],[69.2865,22.2846],[69.2121,22.2739],[69.1697,22.3279],[69.2022,22.4149],[69.1786,22.4276],[69.147,22.4049],[69.0718,22.3995],[69.0482,22.4316],[69.0823,22.4595],[69.0736,22.4819],[68.9832,22.4194],[68.9446,22.2951],[68.9942,22.2039],[69.1984,21.9797],[69.3362,21.8625],[69.3678,21.8561],[69.3909,21.8767],[69.3977,21.8153],[69.4274,21.7812],[69.4785,21.7526],[69.5682,21.6501],[69.6297,21.616],[69.7564,21.4904],[69.8086,21.4658],[69.845,21.3896],[70.0544,21.1532],[70.3367,20.9271],[70.3988,20.9035],[70.4514,20.8559],[70.5415,20.8078],[70.7402,20.7185],[70.7746,20.7274],[70.8402,20.7019],[70.9824,20.7102],[71.0077,20.7416],[71.0623,20.739],[71.0955,20.7637],[71.1406,20.7657],[71.3186,20.8493],[71.4622,20.8853],[71.5511,20.9736],[71.5693,20.9792],[71.5496,20.9512],[71.5835,20.9582],[71.7176,21.0321],[71.763,21.0323],[71.9263,21.13],[71.9907,21.1364],[72.1047,21.2051],[72.0908,21.2529],[72.1115,21.2961],[72.1045,21.315],[72.2199,21.4447],[72.2988,21.6263],[72.2717,21.6909],[72.2238,21.7006],[72.166,21.7939],[72.1174,21.7766],[72.0739,21.7887],[72.0218,21.7743],[72.0218,21.801],[72.0015,21.7879],[71.9961,21.7995],[72.0042,21.8577],[72.0628,21.8344],[72.1045,21.8358],[72.0864,21.8656],[72.0493,21.8804],[72.058,21.8987],[72.1309,21.8463],[72.1694,21.8414],[72.1698,21.8904],[72.1454,21.9108],[72.1565,21.9258],[72.1045,21.9177],[72.0287,21.9388],[72.0552,21.9535],[72.1021,21.9451],[72.1045,21.9592],[72.0765,21.9797],[72.1149,21.9694],[72.1281,21.9835],[72.097,22.007],[72.1343,22.0046],[72.1731,21.9757],[72.1999,22.007],[72.2144,21.994],[72.221,22.011],[72.2577,22.0122],[72.3076,22.079],[72.3172,22.1849],[72.3065,22.2296],[72.2391,22.2389],[72.2404,22.2882],[72.1907,22.2513],[72.1488,22.2779],[72.2063,22.2739],[72.2085,22.3004],[72.2404,22.3019],[72.2647,22.2952],[72.2752,22.2603],[72.3283,22.2607],[72.361,22.3435],[72.3972,22.3668],[72.405,22.333],[72.3804,22.3124],[72.3919,22.2535],[72.4137,22.2463],[72.4639,22.264],[72.4548,22.2453],[72.4662,22.2326],[72.5737,22.2882],[72.7566,22.2437],[72.8182,22.2734],[72.8861,22.2624],[72.9058,22.2814],[72.9227,22.2546],[72.916,22.2231],[72.8972,22.213],[72.8474,22.2404],[72.8123,22.2341],[72.7482,22.164],[72.6345,22.2104],[72.5754,22.1945],[72.5359,22.1405],[72.5017,21.976],[72.5427,21.9108],[72.6231,21.9666],[72.6935,21.9723],[72.7078,21.994],[72.7345,21.994],[72.6901,21.9388],[72.6184,21.9251],[72.5669,21.8494],[72.5285,21.6951],[72.5503,21.6667],[72.6161,21.6855],[72.7981,21.6735],[72.8582,21.695],[72.9269,21.685],[73.1188,21.7647],[73.132,21.7578],[73.117,21.7372],[72.8897,21.6405],[72.8231,21.6439],[72.7732,21.5805],[72.6196,21.4874],[72.5837,21.4174],[72.7383,21.4829],[72.7471,21.4529],[72.7283,21.4658],[72.6351,21.4075],[72.5646,21.3858],[72.5789,21.367],[72.6458,21.3628],[72.5868,21.3412],[72.6184,21.2529],[72.6458,21.2734],[72.647,21.2536],[72.7345,21.1989],[72.6304,21.136],[72.615,21.1059],[72.6379,21.0854],[72.6712,21.0998],[72.6764,21.1536],[72.714,21.1641],[72.7287,21.1481],[72.7004,21.0748],[72.7345,21.0925],[72.742,21.1232],[72.7556,21.1096],[72.8096,21.13],[72.8499,21.048],[72.8231,21.0338],[72.7669,21.0386],[72.772,21.0239],[72.8327,20.9724],[72.8884,20.9826],[72.8865,20.9621],[72.8367,20.9299],[72.8649,20.8973],[72.8369,20.8358],[72.9004,20.8681],[72.8801,20.8299],[72.8858,20.8071],[72.9002,20.7991],[72.9194,20.8215],[72.9194,20.7874],[72.9468,20.7595],[72.8989,20.7322],[72.9094,20.6987],[72.8853,20.6192],[72.8865,20.5316],[72.8294,20.4379],[72.8171,20.3759],[72.7816,20.3523],[72.7482,20.2803],[72.742,20.225],[72.7556,20.2152],[72.7103,20.0829],[72.7034,19.9976],[72.6652,19.9529],[72.6642,19.8816],[72.6492,19.852],[72.6799,19.8005],[72.6779,19.7466],[72.7283,19.7936],[72.7328,19.7797],[72.7313,19.7546],[72.714,19.7458],[72.7264,19.7058],[72.7078,19.6975],[72.6867,19.7248],[72.7225,19.5363],[72.7556,19.5194],[72.7345,19.5466],[72.742,19.5808],[72.7959,19.5268],[72.8567,19.5413],[72.8792,19.5324],[72.7544,19.4818],[72.7634,19.3802],[72.8021,19.3319],[72.8369,19.348],[72.8989,19.307],[72.9878,19.3007],[73.0497,19.2177],[73.0266,19.2055],[72.9727,19.2937],[72.9006,19.2908],[72.867,19.3168],[72.7854,19.3139],[72.7754,19.2047],[72.8151,19.2536],[72.8301,19.2524],[72.7816,19.1597],[72.7922,19.1505],[72.8112,19.1755],[72.8231,19.1693],[72.8096,19.1463],[72.8231,19.1085],[72.8096,19.0668],[72.8242,19.0535],[72.8171,19.0327],[72.8027,19.0402],[72.8024,18.9997],[72.7704,18.9482],[72.7754,18.9365],[72.8027,18.9576],[72.8027,18.9098],[72.8213,18.9033],[72.8693,19.0114],[72.8853,19.0259],[72.8914,18.9918],[72.9343,19.0341],[72.9356,19.1151],[72.9748,19.1631],[72.9673,19.091],[72.9919,19.0672],[72.9883,18.9986],[73.0568,19.0153],[73.0466,18.9952],[72.9536,18.9713],[72.9883,18.9644],[72.9772,18.9484],[72.9368,18.9474],[72.9281,18.9114],[72.9126,18.9235],[72.8968,18.8945],[72.9461,18.8583],[72.9778,18.875],[72.9813,18.8327],[73.0163,18.8136],[72.9917,18.7794],[72.9951,18.731],[72.9696,18.747],[72.9748,18.7795],[72.9269,18.8266],[72.9126,18.8],[72.8656,18.7994],[72.8524,18.7699],[72.8553,18.6811],[72.9102,18.559],[72.9603,18.5547],[72.9888,18.4899],[73.015,18.47],[73.0088,18.4505],[72.9468,18.5324],[72.9072,18.5236],[72.8897,18.4413],[72.9126,18.3612],[72.9748,18.3276],[72.968,18.3106],[72.9949,18.2836],[73.0715,18.273],[73.0715,18.2041],[73.0575,18.1856],[73.051,18.2275],[72.9727,18.2447],[72.94,18.286],[72.9269,18.2239],[72.9548,18.2175],[72.9673,18.196],[72.9873,18.0666],[73.0088,18.039],[73.0435,18.067],[73.0052,18.0124],[73.0354,17.9918],[73.0186,17.9517],[73.1233,17.7358],[73.1055,17.6889],[73.1262,17.6554],[73.1213,17.6264],[73.1392,17.6008],[73.2007,17.5865],[73.126,17.5565],[73.1807,17.4777],[73.1706,17.3897],[73.249,17.2849],[73.2312,17.2793],[73.187,17.306],[73.236,17.2206],[73.2757,17.0786],[73.2694,17.0316],[73.259,17.0441],[73.2512,17.0322],[73.2546,17.0067],[73.2894,16.9838],[73.2705,16.945],[73.2694,16.8756],[73.2866,16.8209],[73.3037,16.8131],[73.2896,16.7402],[73.3216,16.6924],[73.3122,16.6447],[73.3235,16.6207],[73.3543,16.6347],[73.3713,16.6102],[73.363,16.5968],[73.3582,16.6207],[73.3146,16.5994],[73.3364,16.5656],[73.3713,16.5593],[73.3508,16.5382],[73.3787,16.5183],[73.344,16.5236],[73.3073,16.5632],[73.303,16.533],[73.3413,16.4321],[73.3849,16.4016],[73.3582,16.3675],[73.3787,16.3569],[73.4136,16.2239],[73.4352,16.2178],[73.447,16.1136],[73.4528,16.1666],[73.488,16.1894],[73.4634,16.1596],[73.4504,16.0589],[73.4839,16.0282],[73.516,16.0248],[73.4873,16.0142],[73.491,15.9935],[73.6047,15.8808],[73.6463,15.7921],[73.6463,15.7369],[73.7009,15.7232],[73.6859,15.7043],[73.7283,15.6196],[73.7839,15.6591],[73.8381,15.6611],[73.7604,15.632],[73.7371,15.5985],[73.7512,15.5131],[73.7864,15.4922],[73.866,15.5376],[73.8595,15.5211],[73.8722,15.5109],[73.8176,15.4966],[73.7964,15.4489],[73.8416,15.4489],[73.9276,15.4174],[73.9678,15.3738],[73.9541,15.3663],[73.9334,15.3954],[73.8996,15.4079],[73.7829,15.4079],[73.8274,15.3652],[73.8913,15.3432],[73.9473,15.1608],[73.9622,15.152],[73.929,15.1206],[73.9131,15.0789],[73.9644,15.0646],[74.0,15.0085],[74.0,54.0],[14.6499,54.0],[14.367,53.917],[14.2375,53.9287],[14.1092,54.0],[14.0516,54.0],[14.0484,53.9409],[14.0143,53.9471],[14.0278,53.9614],[13.9875,53.9614],[13.959,53.9409],[13.9727,53.9892],[13.9045,53.9954],[13.9019,53.9698],[13.939,53.9282],[13.9317,53.8993],[13.8218,53.8651],[13.8753,53.8441],[13.9385,53.8447],[14.0484,53.8794],[14.2031,53.8783],[14.2747,53.8308],[14.3283,53.8173],[14.3421,53.821],[14.3283,53.831],[14.4157,53.853],[14.4092,53.8716],[14.363,53.8794],[14.4319,53.9062],[14.4255,53.8798],[14.4412,53.8696],[14.5759,53.8548],[14.5896,53.8378],[14.5691,53.8242],[14.5871,53.8126],[14.6306,53.8515],[14.6238,53.7695],[14.5759,53.7695],[14.5449,53.704],[14.5759,53.6597],[14.6238,53.6528],[14.5906,53.5984],[14.531,53.6578],[14.4146,53.6824],[14.2942,53.7491],[14.3016,53.7348],[14.2886,53.728],[14.3049,53.7126],[14.24,53.7008],[14.2127,53.7081],[14.2674,53.7354],[14.2502,53.76],[14.1865,53.7398],[14.1061,53.7434],[13.8999,53.8091],[13.8081,53.8651],[13.8901,53.9129],[13.906,53.9431],[13.8486,53.9556],[13.8386,53.9863],[13.7965,54.0],[11.4926,54.0],[11.4979,53.9818],[11.4724,53.9688],[11.4691,53.9328],[11.4463,53.9062],[11.3999,53.9409],[11.3582,53.9409],[11.3342,53.9614],[11.2937,53.9409],[11.2429,53.9452],[11.2454,53.9784],[11.1955,54.0],[11.0267,54.0],[10.9177,53.9608],[10.8874,53.9639],[10.8755,53.9954],[10.8026,54.0],[8.8638,54.0],[8.916,53.9374],[8.9846,53.897],[9.03,53.9071],[9.2578,53.8856],[9.3952,53.831],[9.4358,53.7487],[9.5322,53.7112],[9.5508,53.6346],[9.5837,53.6125],[9.6924,53.5759],[9.7821,53.5697],[9.832,53.5436],[9.6966,53.5566],[9.5671,53.5996],[9.4984,53.6599],[9.4847,53.6901],[9.4027,53.7424],[9.2747,53.8651],[9.1145,53.8651],[9.0163,53.8405],[8.8607,53.831],[8.7825,53.8425],[8.6519,53.8925],[8.5733,53.8577],[8.4861,53.7004],[8.5083,53.6251],[8.5658,53.5467],[8.5567,53.5182],[8.4976,53.4748],[8.5044,53.3581],[8.485,53.4012],[8.49,53.4864],[8.5521,53.5436],[8.3877,53.5771],[8.3294,53.6181],[8.2707,53.6129],[8.2489,53.5903],[8.2312,53.5252],[8.2915,53.5294],[8.3205,53.5092],[8.3151,53.4749],[8.2595,53.4123],[8.2053,53.4107],[8.1524,53.4498],[8.0998,53.4474],[8.077,53.4687],[8.0588,53.502],[8.1554,53.526],[8.168,53.5532],[8.1192,53.5719],[8.1276,53.5908],[8.0529,53.6363],[8.0249,53.6726],[8.0314,53.7081],[7.9514,53.7219],[7.5039,53.6787],[7.4588,53.6951],[7.305,53.6848],[7.2261,53.6665],[7.0868,53.5869],[7.1418,53.5372],[7.1196,53.5163],[7.0597,53.5217],[7.0233,53.4505],[7.0236,53.3764],[7.0383,53.3486],[7.3029,53.3328],[7.3665,53.3028],[7.2547,53.3195],[7.2295,53.2966],[7.2336,53.2736],[7.1946,53.245],[7.0807,53.2668],[7.0735,53.2956],[7.0855,53.3096],[7.02,53.3061],[6.9006,53.3518],[6.8669,53.4343],[6.8291,53.4506],[6.7302,53.4606],[6.4944,53.4387],[6.3115,53.399],[6.2739,53.4127],[5.9808,53.4061],[5.5916,53.3028],[5.4474,53.2209],[5.3792,53.0974],[5.3128,53.0828],[5.0781,52.954],[4.8738,52.904],[4.8094,52.9296],[4.8169,52.9676],[4.7455,52.9676],[4.7117,52.8631],[4.6694,52.7966],[4.5969,52.5066],[4.5081,52.3364],[4.2847,52.1129],[4.1419,52.0056],[4.0156,51.9877],[4.0435,51.9087],[4.0321,51.882],[4.0776,51.8436],[4.0476,51.8337],[3.9627,51.8474],[3.8623,51.8161],[3.8716,51.7883],[3.9815,51.81],[4.0339,51.7842],[4.0715,51.7172],[4.1769,51.6859],[4.1126,51.6708],[4.113,51.6394],[4.136,51.6204],[4.19,51.6167],[4.2073,51.5903],[4.1572,51.6079],[4.0677,51.6107],[3.9881,51.5903],[4.0913,51.5351],[4.2678,51.5083],[4.2967,51.4705],[4.2832,51.4477],[4.1048,51.4457],[4.0571,51.5084],[4.0159,51.5308],[3.8716,51.5494],[3.9058,51.5692],[3.8511,51.6108],[3.5604,51.5946],[3.447,51.546],[3.5354,51.4592],[3.61,51.4451],[3.6897,51.4543],[3.8272,51.3911],[3.9021,51.4049],[3.957,51.4558],[4.0151,51.4489],[4.1111,51.407],[4.201,51.4053],[4.2347,51.419],[4.2831,51.3501],[4.2893,51.3091],[4.3308,51.2961],[4.3164,51.2768],[4.2967,51.2676],[4.303,51.2961],[4.1996,51.376],[4.1219,51.3594],[3.9841,51.4105],[3.9558,51.3718],[3.834,51.3432],[3.7555,51.3501],[3.5257,51.4156],[3.1248,51.3297],[2.4661,51.0688],[1.9735,51.0071],[1.7298,50.9439],[1.6533,50.8891],[1.5806,50.8688],[1.6056,50.79],[1.5627,50.699],[1.5779,50.5886],[1.6104,50.5482],[1.5793,50.5331],[1.5735,50.4454],[1.5552,50.4048],[1.6104,50.3707],[1.572,50.3757],[1.5515,50.3491],[1.5415,50.2779],[1.6255,50.2243],[1.665,50.2198],[1.6445,50.2124],[1.6725,50.1925],[1.521,50.2147],[1.4868,50.185],[1.4558,50.1236],[1.2212,49.979],[0.7609,49.8751],[0.6748,49.8758],[0.5967,49.8572],[0.2358,49.7293],[0.1709,49.6916],[0.1309,49.6035],[0.0766,49.535],[0.1044,49.4936],[0.2568,49.4641],[0.4221,49.4644],[0.4932,49.4936],[0.4573,49.4674],[0.1624,49.4152],[0.0129,49.3346],[-0.2195,49.2801],[-0.4111,49.3428],[-0.8221,49.3627],[-0.9404,49.3923],[-1.0723,49.3968],[-1.1064,49.3795],[-1.1034,49.349],[-1.1229,49.3454],[-1.1517,49.3627],[-1.182,49.3562],[-1.1757,49.4152],[-1.2616,49.4932],[-1.3063,49.5581],[-1.3014,49.5818],[-1.264,49.5893],[-1.2278,49.6241],[-1.2631,49.6955],[-1.4095,49.7116],[-1.4557,49.7022],[-1.5115,49.6625],[-1.6067,49.6501],[-1.6172,49.6643],[-1.8165,49.6916],[-1.8394,49.7154],[-1.9352,49.7241],[-1.9456,49.678],[-1.8695,49.6617],[-1.8395,49.6198],[-1.8437,49.5718],[-1.8847,49.5309],[-1.8194,49.4521],[-1.8165,49.3837],[-1.768,49.3837],[-1.7755,49.3701],[-1.7148,49.3385],[-1.6991,49.3559],[-1.6862,49.3354],[-1.7067,49.3292],[-1.6991,49.3135],[-1.6582,49.2875],[-1.6719,49.2801],[-1.6247,49.2193],[-1.6169,49.2382],[-1.5484,49.2255],[-1.6104,49.2159],[-1.5893,49.1435],[-1.5695,49.1435],[-1.6077,49.1027],[-1.5893,49.0821],[-1.5936,49.029],[-1.5795,49.0132],[-1.5497,49.0398],[-1.508,49.0337],[-1.5458,49.0303],[-1.5631,48.9576],[-1.5428,48.9352],[-1.5637,48.9221],[-1.5785,48.8626],[-1.6029,48.8494],[-1.5668,48.8222],[-1.5536,48.7471],[-1.5165,48.7252],[-1.5027,48.6955],[-1.4558,48.6834],[-1.4433,48.6628],[-1.3946,48.6683],[-1.3566,48.6433],[-1.5797,48.6433],[-1.644,48.6234],[-1.796,48.6159],[-1.861,48.6409],[-1.8612,48.6642],[-1.8363,48.6911],[-1.8437,48.7121],[-1.9456,48.6986],[-1.9859,48.6879],[-2.0287,48.6433],[-2.0005,48.6013],[-1.953,48.575],[-1.9803,48.5887],[-1.9673,48.5471],[-1.9394,48.534],[-1.9803,48.5136],[-1.9764,48.5356],[-2.0083,48.575],[-2.0009,48.5887],[-2.0524,48.6501],[-2.1448,48.6365],[-2.1243,48.6091],[-2.161,48.613],[-2.1721,48.6017],[-2.1591,48.5887],[-2.1741,48.583],[-2.1926,48.6159],[-2.2137,48.5819],[-2.251,48.6501],[-2.3127,48.6202],[-2.3303,48.6296],[-2.282,48.6706],[-2.3161,48.6986],[-2.3862,48.6501],[-2.4875,48.6501],[-2.4595,48.6365],[-2.5694,48.5887],[-2.62,48.5436],[-2.6761,48.5402],[-2.6824,48.509],[-2.7345,48.534],[-2.714,48.5607],[-2.813,48.5986],[-2.827,48.6575],[-2.9467,48.7332],[-2.9331,48.7674],[-3.0424,48.7879],[-3.0082,48.8214],[-3.0655,48.824],[-3.1255,48.76],[-3.0771,48.8283],[-3.0907,48.8357],[-3.0843,48.8622],[-3.1037,48.8767],[-3.1788,48.841],[-3.2205,48.7941],[-3.2136,48.8698],[-3.3976,48.8073],[-3.5153,48.8419],[-3.5426,48.8078],[-3.5815,48.7906],[-3.5283,48.7395],[-3.5805,48.7332],[-3.5705,48.688],[-3.614,48.6827],[-3.6385,48.6878],[-3.6382,48.7047],[-3.6866,48.6986],[-3.8101,48.7332],[-3.817,48.7121],[-3.8371,48.7073],[-3.8375,48.6706],[-3.8579,48.6849],[-3.8517,48.6296],[-3.9063,48.6644],[-3.892,48.678],[-3.9547,48.6575],[-3.974,48.7328],[-4.0565,48.7121],[-4.064,48.6849],[-4.0793,48.6969],[-4.1739,48.6911],[-4.213,48.6612],[-4.1938,48.6501],[-4.2421,48.6575],[-4.3065,48.6415],[-4.2991,48.6636],[-4.3433,48.6789],[-4.4265,48.6575],[-4.4066,48.6433],[-4.5636,48.6296],[-4.5575,48.6091],[-4.5301,48.6017],[-4.6077,48.603],[-4.5773,48.5682],[-4.6425,48.5819],[-4.6923,48.5755],[-4.7082,48.5682],[-4.7008,48.5607],[-4.722,48.5682],[-4.7746,48.4913],[-4.7493,48.4788],[-4.7849,48.4362],[-4.7663,48.3904],[-4.7648,48.3776],[-4.7834,48.3764],[-4.7684,48.3454],[-4.7045,48.3416],[-4.6905,48.3627],[-4.5994,48.3502],[-4.2899,48.4316],[-4.3966,48.3878],[-4.4537,48.3354],[-4.2694,48.3627],[-4.3247,48.3217],[-4.1875,48.3075],[-4.2694,48.2884],[-4.2899,48.2938],[-4.2626,48.3],[-4.389,48.2871],[-4.4265,48.3],[-4.5155,48.2958],[-4.5432,48.3047],[-4.5301,48.3416],[-4.5467,48.3468],[-4.5752,48.29],[-4.6263,48.2871],[-4.6263,48.2665],[-4.5472,48.2526],[-4.5636,48.2324],[-4.5438,48.2051],[-4.5575,48.1772],[-4.5316,48.1831],[-4.4855,48.2426],[-4.3793,48.2324],[-4.3661,48.2152],[-4.3024,48.1964],[-4.2757,48.1436],[-4.2854,48.1154],[-4.7008,48.0748],[-4.7281,48.0406],[-4.602,48.0256],[-4.572,48.0059],[-4.5333,48.0263],[-4.4346,47.9757],[-4.372,47.9158],[-4.3473,47.8629],[-4.3476,47.8383],[-4.3718,47.8345],[-4.3718,47.8072],[-4.1852,47.8134],[-4.1527,47.842],[-4.18,47.842],[-4.1856,47.8744],[-4.1527,47.855],[-4.1112,47.8693],[-4.1427,47.912],[-4.1322,47.9239],[-4.1066,47.8801],[-4.0367,47.855],[-4.0019,47.8693],[-4.0292,47.855],[-4.0089,47.8513],[-3.9792,47.883],[-3.9883,47.9035],[-3.9618,47.9],[-3.8859,47.855],[-3.8517,47.801],[-3.7754,47.7936],[-3.7232,47.8134],[-3.7062,47.7969],[-3.6252,47.7799],[-3.5283,47.7799],[-3.4464,47.7046],[-3.3645,47.7185],[-3.3832,47.737],[-3.2826,47.7873],[-3.3583,47.711],[-3.2826,47.6911],[-3.3583,47.6973],[-3.2621,47.6837],[-3.2242,47.6564],[-3.1932,47.6837],[-3.2074,47.6973],[-3.1591,47.711],[-3.1932,47.7464],[-3.1392,47.7526],[-3.1392,47.7247],[-3.118,47.7321],[-3.1112,47.7042],[-3.1864,47.6806],[-3.2006,47.6396],[-3.1412,47.598],[-3.1317,47.5574],[-3.1454,47.5161],[-3.1317,47.4782],[-3.0845,47.4782],[-3.1233,47.519],[-3.1233,47.5988],[-3.0738,47.5765],[-3.0157,47.5812],[-3.0118,47.6072],[-3.0034,47.5787],[-2.9886,47.5823],[-2.9945,47.5955],[-2.9399,47.5608],[-2.9331,47.5744],[-2.9636,47.6026],[-2.9747,47.6638],[-2.9331,47.6365],[-2.9399,47.6018],[-2.9127,47.6092],[-2.9194,47.5955],[-2.7754,47.6365],[-2.7891,47.6427],[-2.7463,47.6339],[-2.7345,47.6223],[-2.7754,47.6291],[-2.7086,47.6023],[-2.6998,47.6092],[-2.714,47.616],[-2.6956,47.6234],[-2.7065,47.6427],[-2.684,47.623],[-2.6886,47.6044],[-2.7414,47.5513],[-2.8096,47.5676],[-2.8164,47.5465],[-2.8506,47.5465],[-2.8653,47.5666],[-2.9092,47.5584],[-2.8171,47.4992],[-2.6807,47.5042],[-2.6655,47.5335],[-2.6178,47.5267],[-2.6383,47.5403],[-2.5768,47.5539],[-2.632,47.5198],[-2.5175,47.5284],[-2.3639,47.5062],[-2.4947,47.4912],[-2.4806,47.4782],[-2.4889,47.4592],[-2.439,47.4448],[-2.4482,47.4306],[-2.3918,47.4237],[-2.439,47.3963],[-2.439,47.41],[-2.4768,47.4157],[-2.5564,47.3832],[-2.5148,47.3649],[-2.5017,47.3206],[-2.4806,47.3479],[-2.4362,47.307],[-2.4761,47.2907],[-2.542,47.3001],[-2.4484,47.2666],[-2.3714,47.2864],[-2.3161,47.2517],[-2.2784,47.2464],[-2.1481,47.3132],[-2.0101,47.3197],[-1.9056,47.2939],[-1.7882,47.2256],[-1.727,47.2108],[-1.8039,47.219],[-1.9189,47.266],[-1.8984,47.2734],[-1.9171,47.2842],[-2.0146,47.3001],[-2.1606,47.2712],[-2.1652,47.1679],[-2.2411,47.1425],[-2.03,47.0921],[-1.9907,47.0354],[-2.0492,46.9575],[-2.1022,46.9306],[-2.0963,46.9165],[-2.1288,46.8935],[-2.1188,46.82],[-2.0503,46.7921],[-1.9565,46.7043],[-1.9099,46.6918],[-1.8227,46.5944],[-1.7954,46.4945],[-1.7817,46.4954],[-1.7892,46.5329],[-1.7611,46.492],[-1.6335,46.4543],[-1.6172,46.4435],[-1.6256,46.4311],[-1.4814,46.4082],[-1.4487,46.3434],[-1.3702,46.3542],[-1.2774,46.3195],[-1.2401,46.2842],[-1.2132,46.2791],[-1.2143,46.3107],[-1.1772,46.3262],[-1.1325,46.3241],[-1.1107,46.3027],[-1.1107,46.2592],[-1.1796,46.2295],[-1.1852,46.1972],[-1.2108,46.1745],[-1.117,46.1282],[-1.129,46.1158],[-1.097,46.1015],[-1.0842,46.0565],[-1.0487,46.0388],[-1.073,46.0075],[-1.1107,46.0184],[-1.0692,45.9643],[-1.0898,45.9508],[-1.0704,45.9263],[-1.0734,45.9044],[-1.1517,45.8682],[-1.1254,45.8077],[-0.9872,45.7174],[-1.0572,45.7402],[-1.1638,45.8067],[-1.2303,45.7924],[-1.2473,45.7099],[-1.1942,45.7102],[-1.1493,45.6789],[-1.0838,45.6604],[-0.7955,45.4771],[-0.7197,45.3611],[-0.656,45.0991],[-0.6022,45.0535],[-0.519,45.0294],[-0.4938,44.998],[-0.5962,45.0246],[-0.539,44.9765],[-0.5485,44.9495],[-0.5347,44.895],[-0.5565,44.9185],[-0.569,44.998],[-0.6822,45.0765],[-0.716,45.1345],[-0.7662,45.3261],[-0.9153,45.4504],[-1.0399,45.5073],[-1.0623,45.5324],[-1.0586,45.5696],[-1.0853,45.569],[-1.14,45.4901],[-1.1579,45.2791],[-1.1995,45.1208],[-1.2604,44.6274],[-1.2336,44.7069],[-1.1722,44.7783],[-1.0653,44.7175],[-1.0447,44.6694],[-1.1002,44.6553],[-1.1865,44.6655],[-1.2572,44.5561],[-1.2473,44.5045],[-1.2816,44.3022],[-1.3461,44.0192],[-1.4769,43.5801],[-1.5967,43.4425],[-1.661,43.3997],[-1.7755,43.3762],[-1.8113,43.3951],[-1.9257,43.3426],[-1.9047,43.3284],[-1.9187,43.321],[-1.9604,43.3431],[-2.1278,43.2874],[-2.1963,43.3148],[-2.3271,43.3068],[-2.4644,43.3492],[-2.4835,43.3706],[-2.6612,43.4119],[-2.6778,43.4062],[-2.691,43.3675],[-2.7152,43.4245],[-2.7686,43.4525],[-2.9467,43.4308],[-2.9399,43.4171],[-3.0293,43.3762],[-3.0082,43.3209],[-3.0895,43.3669],[-3.1315,43.3558],[-3.269,43.4041],[-3.4362,43.419],[-3.447,43.4308],[-3.4611,43.4125],[-3.5017,43.4308],[-3.47,43.4542],[-3.4286,43.4468],[-3.4315,43.4669],[-3.5054,43.4792],[-3.5563,43.4997],[-3.5544,43.5169],[-3.5794,43.5183],[-3.7289,43.4792],[-3.7289,43.4655],[-3.7555,43.4717],[-3.745,43.4383],[-3.7723,43.4525],[-3.8112,43.4255],[-3.8313,43.4246],[-3.8443,43.4451],[-3.7692,43.4792],[-3.8267,43.497],[-3.9401,43.4771],[-3.9746,43.4588],[-3.961,43.4451],[-3.9814,43.4383],[-4.0128,43.4525],[-4.1886,43.4054],[-4.3594,43.3997],[-4.3793,43.3836],[-4.4325,43.4026],[-4.4817,43.3836],[-4.5082,43.4025],[-4.7349,43.4171],[-4.941,43.4717],[-4.9752,43.4588],[-5.1779,43.4894],[-5.2999,43.5377],[-5.3568,43.5386],[-5.4139,43.5065],[-5.3939,43.5552],[-5.6775,43.5611],[-5.6968,43.5828],[-5.7089,43.5686],[-5.8038,43.6505],[-5.8522,43.663],[-5.8635,43.6414],[-5.9074,43.6368],[-5.9074,43.5884],[-6.0235,43.5884],[-6.0692,43.5697],[-6.178,43.5754],[-6.2228,43.5959],[-6.3146,43.5686],[-6.4176,43.5611],[-6.4691,43.5754],[-6.463,43.555],[-6.5101,43.5475],[-6.6487,43.579],[-6.7037,43.5576],[-6.944,43.566],[-7.0014,43.5567],[-7.0446,43.4792],[-7.0536,43.4965],[-7.0309,43.5332],[-7.0443,43.5594],[-7.2711,43.5611],[-7.2567,43.5816],[-7.3041,43.5986],[-7.3671,43.6801],[-7.5414,43.7316],[-7.5864,43.718],[-7.616,43.6885],[-7.641,43.7527],[-7.6916,43.7272],[-7.6956,43.7459],[-7.6683,43.7725],[-7.6855,43.7934],[-7.7128,43.7607],[-7.812,43.7231],[-7.826,43.7117],[-7.8192,43.6975],[-7.8676,43.6975],[-7.8492,43.6756],[-7.8584,43.6682],[-7.9086,43.6702],[-7.8738,43.6845],[-7.8676,43.718],[-7.8465,43.718],[-7.8808,43.7633],[-7.9086,43.7663],[-7.9812,43.7178],[-8.0593,43.7094],[-8.074,43.6785],[-8.0519,43.6565],[-8.0655,43.6428],[-8.0519,43.6428],[-8.0746,43.6396],[-8.0867,43.6565],[-8.2322,43.5755],[-8.3127,43.5671],[-8.2921,43.5329],[-8.3166,43.5229],[-8.3331,43.4715],[-8.289,43.473],[-8.2573,43.492],[-8.2437,43.4852],[-8.2573,43.4777],[-8.1686,43.492],[-8.1788,43.4733],[-8.3052,43.4511],[-8.2648,43.4273],[-8.1754,43.4163],[-8.2096,43.3907],[-8.2102,43.3132],[-8.2672,43.3859],[-8.3307,43.4057],[-8.3536,43.3486],[-8.3883,43.3859],[-8.443,43.3753],[-8.5584,43.3132],[-8.5925,43.3242],[-8.6931,43.2934],[-8.8412,43.3389],[-8.988,43.283],[-8.9482,43.2499],[-8.9153,43.245],[-8.9325,43.2353],[-8.9857,43.2269],[-9.0115,43.2388],[-9.0524,43.1964],[-9.1379,43.2015],[-9.1701,43.1887],[-9.2176,43.1553],[-9.2084,43.1379],[-9.1077,43.1411],[-9.1898,43.1023],[-9.2176,43.1144],[-9.2579,43.0609],[-9.2795,43.055],[-9.251,43.0168],[-9.292,42.9226],[-9.2684,42.8913],[-9.2356,42.9349],[-9.1958,42.9266],[-9.1959,42.9493],[-9.1345,42.9175],[-9.1487,42.8845],[-9.1412,42.8574],[-9.1003,42.8333],[-9.135,42.8128],[-9.1003,42.7575],[-9.0687,42.7597],[-9.0456,42.778],[-9.0489,42.7947],[-8.951,42.7951],[-8.9126,42.8166],[-8.9084,42.8395],[-8.8877,42.8311],[-8.8983,42.7923],[-9.0301,42.7077],[-9.0709,42.5961],[-9.0334,42.5781],[-9.0115,42.5307],[-8.9699,42.5792],[-8.9222,42.5937],[-8.9364,42.6064],[-8.8895,42.6306],[-8.8948,42.6201],[-8.8688,42.6175],[-8.847,42.6406],[-8.857,42.6491],[-8.8395,42.6824],[-8.785,42.6406],[-8.7309,42.6884],[-8.7755,42.6047],[-8.823,42.5695],[-8.8129,42.5028],[-8.8265,42.4619],[-8.8743,42.4693],[-8.8608,42.485],[-8.8813,42.4966],[-8.9426,42.4693],[-8.888,42.4556],[-8.8675,42.4147],[-8.8436,42.4037],[-8.7576,42.4072],[-8.6945,42.4396],[-8.6553,42.4414],[-8.772,42.3427],[-8.8307,42.3416],[-8.8272,42.2967],[-8.8533,42.3048],[-8.8675,42.2564],[-8.785,42.2601],[-8.6748,42.299],[-8.6499,42.3356],[-8.6217,42.3408],[-8.6252,42.3019],[-8.8058,42.1975],[-8.816,42.1745],[-8.847,42.1608],[-8.8237,42.1476],[-8.8265,42.1305],[-8.8846,42.126],[-8.8986,42.1018],[-8.8813,41.8933],[-8.7954,41.9257],[-8.7508,41.969],[-8.7628,41.932],[-8.8747,41.8496],[-8.8803,41.7369],[-8.8611,41.7044],[-8.83,41.6946],[-8.6962,41.722],[-8.8305,41.6716],[-8.7748,41.4683],[-8.7838,41.3939],[-8.7445,41.3281],[-8.7372,41.2497],[-8.6858,41.1595],[-8.6483,41.1528],[-8.6661,41.1328],[-8.6551,40.9938],[-8.7508,40.6531],[-8.7143,40.7091],[-8.6898,40.8041],[-8.6757,40.8244],[-8.6632,40.8149],[-8.6553,40.8449],[-8.6456,40.8237],[-8.6837,40.7831],[-8.6684,40.7475],[-8.5727,40.7556],[-8.6636,40.7241],[-8.6416,40.6942],[-8.6621,40.6699],[-8.6962,40.6737],[-8.69,40.6469],[-8.7103,40.6535],[-8.7446,40.619],[-8.7446,40.6469],[-8.753,40.6408],[-8.8654,40.2755],[-8.9084,40.2007],[-8.8965,40.1647],[-8.8162,40.1466],[-8.785,40.1187],[-8.8251,40.1201],[-8.8533,40.1392],[-8.8682,40.1248],[-9.0717,39.6804],[-9.0904,39.5793],[-9.1357,39.5162],[-9.1829,39.4926],[-9.2299,39.4407],[-9.2059,39.4155],[-9.2176,39.4062],[-9.2608,39.4184],[-9.3529,39.3679],[-9.4093,39.3752],[-9.3541,39.3162],[-9.3406,39.2668],[-9.3509,39.1973],[-9.4366,39.0295],[-9.4227,38.9314],[-9.4555,38.8505],[-9.4975,38.8098],[-9.4917,38.7076],[-9.4717,38.7025],[-9.4048,38.7041],[-9.3218,38.6703],[-9.2852,38.6988],[-9.2202,38.6939],[-9.1125,38.7142],[-9.0982,38.7379],[-9.1003,38.8302],[-8.9359,39.0407],[-8.8364,39.0567],[-8.7651,39.0977],[-8.8265,39.0493],[-8.9084,39.0363],[-8.9432,39.0152],[-9.0115,38.9134],[-8.9863,38.8494],[-8.9631,38.8507],[-8.9703,38.8354],[-8.9426,38.7756],[-9.0524,38.6937],[-9.1139,38.6794],[-9.1077,38.6589],[-9.145,38.6811],[-9.2527,38.6655],[-9.1838,38.5515],[-9.19,38.4725],[-9.2311,38.4377],[-9.2306,38.4187],[-9.0486,38.4407],[-8.9919,38.4595],[-8.9549,38.5051],[-8.9058,38.5124],[-8.7884,38.4814],[-8.7803,38.5054],[-8.8129,38.5286],[-8.7733,38.5653],[-8.7576,38.5633],[-8.7612,38.5381],[-8.7372,38.5224],[-8.7525,38.488],[-8.7362,38.4518],[-8.6068,38.4187],[-8.6569,38.406],[-8.7986,38.4261],[-8.8002,38.4391],[-8.9045,38.4864],[-8.9273,38.4938],[-8.9426,38.4814],[-8.8783,38.4492],[-8.7951,38.3592],[-8.7744,38.1869],[-8.8157,38.0621],[-8.8948,37.9525],[-8.8207,37.9273],[-8.8048,37.9019],[-8.8087,37.7229],[-8.7522,37.7308],[-8.7576,37.7067],[-8.7993,37.6976],[-8.8265,37.6006],[-8.7955,37.5354],[-8.816,37.4179],[-8.8387,37.3603],[-8.8828,37.3099],[-8.8671,37.2767],[-8.8814,37.2325],[-8.9227,37.1997],[-8.9136,37.1699],[-8.9856,37.0634],[-8.9979,37.0215],[-8.946,37.0079],[-8.8789,37.0472],[-8.8592,37.0408],[-8.7477,37.083],[-8.6863,37.083],[-8.6416,37.1177],[-8.5801,37.124],[-8.4388,37.0827],[-8.3654,37.098],[-8.2932,37.0777],[-8.1792,37.0881],[-8.0353,37.0375],[-7.9768,36.9868],[-7.9912,37.0141],[-7.8196,36.9987],[-7.4901,37.1785],[-7.4076,37.1649],[-7.4002,37.1785],[-7.4144,37.1928],[-7.3814,37.1799],[-7.3279,37.2016],[-7.0856,37.2065],[-7.1273,37.2147],[-7.101,37.2243],[-6.9285,37.1723],[-6.9626,37.2338],[-6.9311,37.2339],[-6.8527,37.2952],[-6.9176,37.2151],[-6.8929,37.1666],[-6.7449,37.1014],[-6.4996,36.9597],[-6.388,36.8082],[-6.3467,36.8199],[-6.3447,36.9013],[-6.2836,36.9259],[-6.2397,36.9134],[-6.1948,36.9321],[-6.2233,36.9023],[-6.3044,36.9072],[-6.3382,36.8837],[-6.3456,36.795],[-6.4333,36.7512],[-6.4379,36.7333],[-6.3947,36.6369],[-6.2832,36.6124],[-6.2349,36.5758],[-6.2244,36.5108],[-6.1794,36.5135],[-6.2315,36.4727],[-6.2575,36.5138],[-6.2894,36.5373],[-6.31,36.5341],[-6.2796,36.5113],[-6.2184,36.4025],[-6.1842,36.3707],[-6.1595,36.3043],[-6.1047,36.2807],[-6.0368,36.1895],[-5.9836,36.177],[-5.9172,36.1841],[-5.7961,36.0855],[-5.7131,36.06],[-5.6894,36.0671],[-5.6297,36.0368],[-5.6118,36.0065],[-5.4386,36.0628],[-5.4287,36.0808],[-5.4423,36.1488],[-5.4254,36.1798],[-5.3666,36.1632],[-5.342,36.1105],[-5.3341,36.1878],[-5.2853,36.2608],[-5.2906,36.2774],[-5.2537,36.2971],[-5.1866,36.4112],[-5.0625,36.4522],[-4.9942,36.4571],[-4.9027,36.5065],[-4.7228,36.493],[-4.6592,36.5076],[-4.615,36.5306],[-4.5878,36.5738],[-4.5248,36.5807],[-4.4333,36.7107],[-4.4032,36.7239],[-4.2247,36.7124],[-4.1102,36.7257],[-4.0567,36.748],[-3.961,36.7268],[-3.8385,36.752],[-3.7313,36.7241],[-3.6011,36.7426],[-3.5498,36.7124],[-3.516,36.721],[-3.4776,36.6961],[-3.4152,36.6955],[-3.3296,36.7449],[-3.2279,36.7548],[-2.9877,36.7371],[-2.9333,36.7517],[-2.8483,36.7002],[-2.821,36.7139],[-2.7567,36.6804],[-2.7183,36.682],[-2.6589,36.6948],[-2.6172,36.7284],[-2.5608,36.8188],[-2.4814,36.8299],[-2.4331,36.8163],[-2.3617,36.8368],[-2.2828,36.8101],[-2.2036,36.7371],[-2.1267,36.7364],[-2.0712,36.7753],[-1.9889,36.9005],[-1.9003,36.9412],[-1.9061,36.9876],[-1.8552,37.0766],[-1.8127,37.2071],[-1.7285,37.2824],[-1.6709,37.3633],[-1.515,37.4332],[-1.4969,37.4278],[-1.4709,37.4822],[-1.3237,37.562],[-1.2617,37.5577],[-1.2427,37.5792],[-1.1058,37.5321],[-1.12,37.559],[-1.0878,37.5809],[-0.9735,37.5764],[-0.9252,37.5559],[-0.7366,37.5994],[-0.7053,37.6195],[-0.708,37.643],[-0.7265,37.6515],[-0.7548,37.6413],[-0.8099,37.6669],[-0.8561,37.7425],[-0.8124,37.7701],[-0.788,37.8228],[-0.7607,37.7961],[-0.7586,37.8633],[-0.7184,37.943],[-0.6545,37.9893],[-0.645,38.116],[-0.6237,38.1624],[-0.5914,38.1896],[-0.504,38.2072],[-0.5188,38.2987],[-0.5098,38.3384],[-0.4744,38.3367],[-0.4602,38.3601],[-0.4137,38.3648],[-0.3952,38.4138],[-0.3294,38.47],[-0.177,38.5272],[-0.0754,38.5399],[-0.043,38.6117],[0.0806,38.631],[0.083,38.661],[0.145,38.6863],[0.1768,38.724],[0.2345,38.7423],[0.2277,38.7702],[0.1709,38.7961],[0.1853,38.8035],[0.154,38.831],[-0.0098,38.8697],[-0.1059,38.9365],[-0.2267,39.1118],[-0.2422,39.1663],[-0.2155,39.1818],[-0.3013,39.322],[-0.3306,39.4804],[-0.3127,39.534],[-0.2089,39.6641],[-0.1945,39.7154],[-0.0913,39.8479],[-0.0029,39.932],[0.0662,40.0319],[0.1445,40.0788],[0.2053,40.1715],[0.3506,40.2849],[0.5635,40.59],[0.5998,40.6137],[0.7327,40.6337],[0.6632,40.5747],[0.5925,40.5821],[0.6159,40.5535],[0.6771,40.5652],[0.784,40.661],[0.8581,40.6863],[0.8737,40.7279],[0.8418,40.7321],[0.7669,40.785],[0.7502,40.786],[0.7673,40.771],[0.7502,40.7656],[0.6948,40.786],[0.9904,41.0397],[1.0977,41.0709],[1.1729,41.0587],[1.2178,41.1047],[1.5392,41.1874],[2.0603,41.2746],[2.1633,41.3266],[2.2967,41.4653],[2.4495,41.5352],[2.7785,41.6456],[2.8402,41.6946],[2.933,41.7125],[3.0691,41.7991],[3.0786,41.8266],[3.1168,41.8476],[3.1502,41.8454],[3.1949,41.8883],[3.2357,41.9655],[3.2079,41.99],[3.1959,42.0331],[3.2145,42.0683],[3.1225,42.1405],[3.1188,42.2183],[3.1702,42.2597],[3.2101,42.2397],[3.263,42.2399],[3.3177,42.323],[3.1873,42.3495],[3.1702,42.3966],[3.1816,42.4351],[3.1431,42.4921],[3.1459,42.515],[3.0518,42.5549],[3.0376,42.6832],[3.0561,42.9071],[3.039,42.9428],[3.114,43.1063],[3.2443,43.2194],[3.3177,43.2631],[3.3854,43.2839],[3.5134,43.2811],[3.6222,43.3749],[3.7399,43.4128],[3.953,43.5399],[4.0475,43.5561],[4.1312,43.5362],[4.1172,43.5105],[4.1328,43.487],[4.1817,43.4638],[4.4094,43.4477],[4.513,43.4558],[4.5796,43.4301],[4.5857,43.4042],[4.5663,43.3711],[4.5923,43.3599],[4.8203,43.3464],[4.823,43.3672],[4.7425,43.4226],[4.7288,43.5279],[4.6946,43.5791],[4.7424,43.5245],[4.7424,43.4487],[4.7578,43.4223],[4.8333,43.382],[4.8558,43.3418],[4.901,43.367],[4.8675,43.3651],[4.8503,43.4014],[4.8682,43.4215],[4.9285,43.4401],[4.9985,43.4147],[5.0511,43.4293],[5.0623,43.4516],[5.0093,43.5176],[5.0291,43.5586],[5.0537,43.5382],[5.1057,43.533],[5.14,43.4858],[5.2228,43.504],[5.2263,43.4803],[5.1738,43.4283],[5.0261,43.4093],[5.0056,43.3816],[5.034,43.3355],[5.2383,43.328],[5.2942,43.3555],[5.3389,43.3343],[5.3692,43.2704],[5.347,43.2159],[5.525,43.2126],[5.5727,43.1691],[5.6124,43.1604],[5.6342,43.1872],[5.6739,43.1799],[5.6963,43.1469],[5.7761,43.1308],[5.8115,43.1067],[5.8181,43.0991],[5.7819,43.0791],[5.8566,43.0448],[5.8753,43.0688],[5.9514,43.08],[5.8794,43.1204],[5.9409,43.134],[5.9341,43.1136],[6.0165,43.0989],[6.027,43.0782],[6.1097,43.0843],[6.1291,43.0714],[6.1321,43.0526],[6.0885,43.0348],[6.1801,43.0359],[6.1854,43.0454],[6.1528,43.0481],[6.1532,43.072],[6.1932,43.1088],[6.2804,43.1187],[6.3754,43.0908],[6.3661,43.1186],[6.4017,43.1469],[6.5057,43.151],[6.5399,43.1822],[6.5933,43.1877],[6.6099,43.1734],[6.6798,43.2016],[6.6684,43.2395],[6.6934,43.273],[6.6117,43.2643],[6.5909,43.2689],[6.5972,43.284],[6.6613,43.3223],[6.6746,43.3464],[6.7178,43.3506],[6.7311,43.4078],[6.7465,43.4179],[6.8467,43.4126],[6.863,43.4394],[6.894,43.4276],[6.9543,43.5001],[6.9452,43.5273],[6.9756,43.5469],[7.0306,43.5479],[7.0372,43.5363],[7.0884,43.5687],[7.1389,43.554],[7.1262,43.6058],[7.1516,43.6548],[7.1967,43.6569],[7.2038,43.6444],[7.2573,43.6916],[7.3305,43.6864],[7.3532,43.7157],[7.4043,43.718],[7.5023,43.7922],[7.7366,43.7982],[7.7858,43.822],[7.9597,43.8529],[8.0677,43.8967],[8.168,43.9565],[8.1527,43.9832],[8.2163,44.0452],[8.2332,44.1036],[8.2565,44.1284],[8.4082,44.1935],[8.4119,44.227],[8.4354,44.2404],[8.4445,44.2839],[8.4661,44.3043],[8.7624,44.4321],[9.1021,44.374],[9.1301,44.3633],[9.1467,44.3286],[9.2107,44.3053],[9.2306,44.3537],[9.3677,44.2944],[9.3745,44.2718],[9.4368,44.2395],[9.4844,44.2438],[9.6211,44.1483],[9.6826,44.1365],[9.8198,44.0634],[9.8323,44.0423],[9.8464,44.0463],[9.8333,44.0521],[9.8475,44.0725],[9.8196,44.093],[9.8447,44.1086],[9.9627,44.0447],[9.9885,44.0598],[10.0906,44.0254],[10.1807,43.9553],[10.264,43.8094],[10.3172,43.4926],[10.437,43.3886],[10.5282,43.2468],[10.5466,43.1471],[10.5171,43.0239],[10.4776,42.9901],[10.4995,42.9405],[10.5186,42.9253],[10.5466,42.9348],[10.5391,42.9491],[10.6325,42.9585],[10.7635,42.9183],[10.7777,42.8947],[10.7649,42.8353],[10.7313,42.8044],[10.9436,42.743],[10.99,42.7103],[11.0057,42.6679],[11.0778,42.6322],[11.1287,42.5581],[11.1585,42.564],[11.1869,42.5208],[11.1884,42.4803],[11.1642,42.4398],[11.0991,42.4429],[11.0868,42.4184],[11.1066,42.3913],[11.1838,42.3663],[11.2113,42.4189],[11.3766,42.4069],[11.5391,42.3489],[11.6582,42.2794],[11.7502,42.1279],[11.8275,42.0342],[11.9168,42.0379],[12.0204,41.9931],[12.0388,41.9652],[12.1702,41.8796],[12.239,41.7363],[12.3272,41.7114],[12.448,41.6308],[12.6353,41.4475],[12.654,41.4656],[12.7485,41.4237],[12.8416,41.4184],[12.8936,41.3993],[12.9795,41.331],[13.0446,41.2275],[13.0905,41.2265],[13.1145,41.2509],[13.187,41.278],[13.2858,41.2957],[13.3244,41.2948],[13.4997,41.2217],[13.5144,41.2297],[13.544,41.2066],[13.5754,41.2081],[13.5636,41.238],[13.5944,41.2531],[13.7219,41.2524],[13.8517,41.1473],[13.9107,41.0646],[13.918,41.0237],[13.9653,40.9964],[14.0213,40.9218],[14.0523,40.8376],[14.0477,40.7896],[14.0825,40.7835],[14.0825,40.8313],[14.2035,40.8012],[14.2236,40.8314],[14.2942,40.8388],[14.3944,40.7616],[14.4426,40.7551],[14.4741,40.7297],[14.4764,40.6951],[14.3874,40.6369],[14.3377,40.6244],[14.3298,40.5845],[14.3426,40.5706],[14.4866,40.6326],[14.5442,40.6136],[14.6257,40.6491],[14.6904,40.6491],[14.7522,40.6767],[14.782,40.6699],[14.8888,40.5731],[14.9983,40.3976],[14.9945,40.3584],[14.9324,40.3337],[14.9391,40.3071],[14.9069,40.2586],[14.9111,40.2416],[15.0031,40.2103],[15.0472,40.1689],[15.1272,40.1696],[15.2634,40.0737],[15.2791,40.0477],[15.2612,40.0294],[15.3143,40.0338],[15.3432,40.0041],[15.4101,39.994],[15.5349,40.0778],[15.6243,40.0778],[15.7744,39.8911],[15.7697,39.8301],[15.8064,39.6955],[15.8762,39.5515],[15.9331,39.5137],[15.9954,39.4388],[16.034,39.3452],[16.083,39.0753],[16.1543,38.955],[16.2147,38.919],[16.2217,38.8566],[16.2009,38.7764],[16.1526,38.7309],[16.0026,38.7254],[15.8366,38.649],[15.8355,38.6282],[15.916,38.5504],[15.9048,38.4739],[15.8128,38.3006],[15.7865,38.278],[15.6506,38.241],[15.6328,38.2203],[15.6478,38.1431],[15.624,38.0921],[15.6585,38.0425],[15.6351,38.0091],[15.6844,37.9535],[15.7615,37.9252],[15.9421,37.9331],[16.001,37.919],[16.0772,37.9399],[16.1255,38.0048],[16.1694,38.1432],[16.3063,38.2771],[16.5081,38.3715],[16.5696,38.4295],[16.577,38.5286],[16.5491,38.6899],[16.5348,38.6999],[16.5856,38.7978],[16.7278,38.8789],[16.9351,38.9387],[16.9813,38.9372],[17.022,38.906],[17.095,38.9191],[17.104,38.8991],[17.1724,38.9605],[17.1724,39.0052],[17.2064,39.0295],[17.1585,39.0405],[17.1245,39.0909],[17.1457,39.2107],[17.1149,39.2828],[17.1222,39.3383],[17.1587,39.4062],[17.0886,39.4226],[17.0115,39.4862],[16.8462,39.5527],[16.7825,39.6116],[16.6248,39.6253],[16.5459,39.6609],[16.5156,39.6896],[16.5286,39.7215],[16.4898,39.7752],[16.4917,39.8055],[16.5422,39.8854],[16.6316,39.9662],[16.5994,40.0341],[16.6047,40.0845],[16.7307,40.2007],[16.7827,40.3016],[16.9121,40.4452],[16.9761,40.4926],[17.0496,40.5191],[17.156,40.5124],[17.19,40.4819],[17.2474,40.5028],[17.2686,40.4962],[17.2617,40.4887],[17.3233,40.4985],[17.2957,40.4732],[17.2276,40.4744],[17.2479,40.4573],[17.243,40.4414],[17.2002,40.4204],[17.3994,40.331],[17.5121,40.3037],[17.8631,40.2856],[17.9128,40.2553],[17.8997,40.2491],[17.926,40.1763],[18.011,40.096],[18.0029,40.0744],[17.9675,40.0573],[18.0158,40.0362],[18.0203,40.0102],[17.9954,39.9953],[18.0715,39.9115],[18.2113,39.8393],[18.2821,39.8332],[18.3465,39.798],[18.3683,39.7966],[18.3892,39.8171],[18.3926,39.9161],[18.4114,39.9788],[18.4341,40.0225],[18.4836,40.0552],[18.5161,40.1045],[18.5161,40.1392],[18.4373,40.2679],[18.2383,40.4577],[18.12,40.5046],[18.0374,40.557],[18.0432,40.602],[18.007,40.6507],[17.9549,40.6469],[17.9558,40.6705],[17.8439,40.6942],[17.7484,40.7476],[17.4761,40.8301],[17.3479,40.9121],[17.2764,40.9802],[17.0571,41.0819],[16.5939,41.207],[16.5207,41.2501],[16.0217,41.4278],[15.9336,41.4794],[15.8963,41.5364],[15.9001,41.6147],[15.9253,41.64],[16.1458,41.7488],[16.1929,41.7909],[16.1792,41.8933],[16.1609,41.8926],[16.1405,41.9199],[16.0271,41.9441],[15.7744,41.9212],[15.6113,41.928],[15.4461,41.9069],[15.1654,41.9278],[15.0452,41.969],[14.9937,42.0106],[14.8711,42.0318],[14.7407,42.0846],[14.7092,42.1755],[14.5602,42.2257],[14.429,42.3217],[14.3874,42.373],[14.2206,42.4702],[14.0754,42.5988],[13.9447,42.7983],[13.8348,43.1273],[13.617,43.5313],[13.6156,43.5605],[13.5789,43.5729],[13.5161,43.6317],[13.4734,43.612],[13.2533,43.7032],[12.9289,43.9158],[12.804,43.9669],[12.6916,43.9906],[12.5742,44.0856],[12.5109,44.1146],[12.39,44.2227],[12.3211,44.3537],[12.2837,44.4876],[12.2858,44.6027],[12.2466,44.7116],[12.28,44.8205],[12.2664,44.8266],[12.303,44.8429],[12.3757,44.7922],[12.4162,44.8033],[12.424,44.8205],[12.3967,44.8335],[12.4165,44.8511],[12.3916,44.8588],[12.4069,44.8913],[12.4383,44.9011],[12.424,44.8546],[12.4446,44.8205],[12.4873,44.8623],[12.499,44.9215],[12.5127,44.9223],[12.5339,44.97],[12.5026,44.9914],[12.4861,44.9912],[12.4992,44.9837],[12.4862,44.9765],[12.3688,45.0656],[12.3866,45.0388],[12.3688,45.011],[12.3552,45.0246],[12.3762,45.039],[12.3408,45.0814],[12.2967,45.0886],[12.3073,45.1284],[12.3073,45.1079],[12.3285,45.101],[12.3211,45.1723],[12.298,45.2154],[12.3073,45.2307],[12.2664,45.1966],[12.2305,45.2042],[12.2111,45.243],[12.2249,45.2512],[12.2173,45.2938],[12.1974,45.2996],[12.1994,45.2746],[12.1807,45.258],[12.1491,45.2922],[12.1545,45.3135],[12.2163,45.3162],[12.2322,45.3406],[12.2238,45.3539],[12.2453,45.3611],[12.259,45.3952],[12.2461,45.4113],[12.2527,45.4362],[12.3096,45.4889],[12.3504,45.5049],[12.424,45.4982],[12.3841,45.523],[12.3967,45.5393],[12.4036,45.5181],[12.4514,45.5119],[12.4419,45.5303],[12.5066,45.5733],[12.5373,45.5358],[12.5817,45.5529],[12.5215,45.519],[12.5151,45.4927],[12.465,45.5045],[12.4719,45.4859],[12.4514,45.4982],[12.4309,45.484],[12.4103,45.4362],[12.4237,45.4381],[12.7808,45.5535],[12.9439,45.6286],[13.085,45.6419],[13.1497,45.7038],[13.075,45.6968],[13.0806,45.7276],[13.1229,45.7372],[13.1082,45.7582],[13.1193,45.772],[13.1497,45.7515],[13.2155,45.7788],[13.2549,45.756],[13.3694,45.7446],[13.4226,45.7241],[13.4314,45.7069],[13.3767,45.6832],[13.4017,45.6754],[13.5549,45.7372],[13.5283,45.7405],[13.5242,45.7601],[13.5513,45.7924],[13.5742,45.7896],[13.6289,45.7726],[13.7262,45.7038],[13.7537,45.6723],[13.7577,45.655],[13.7393,45.6491],[13.8081,45.6143],[13.7302,45.6131],[13.7118,45.5932],[13.7529,45.5529],[13.5686,45.5393],[13.596,45.5181],[13.5895,45.4888],[13.5134,45.5119],[13.5015,45.4986],[13.5208,45.4573],[13.5134,45.4362],[13.5549,45.3673],[13.5413,45.3461],[13.5618,45.3264],[13.6095,45.3201],[13.5754,45.3065],[13.6027,45.2853],[13.5754,45.2649],[13.5952,45.2508],[13.5823,45.1966],[13.6006,45.1373],[13.7262,45.1345],[13.6126,45.1179],[13.6369,45.0936],[13.6232,45.0731],[13.6608,45.0612],[13.7741,44.9638],[13.8081,44.9154],[13.7946,44.895],[13.8423,44.8881],[13.8196,44.8677],[13.7871,44.8751],[13.8423,44.8546],[13.8491,44.8266],[13.897,44.8131],[13.9032,44.7724],[13.918,44.7783],[13.8901,44.8335],[13.9187,44.829],[13.9248,44.8131],[14.0,44.8131],[13.9727,44.8266],[13.993,44.8813],[13.9727,44.9011],[14.0205,44.9011],[14.0391,44.9318],[14.0347,44.9564],[14.0757,44.9837],[14.0443,45.0014],[14.0403,45.039],[14.0838,44.9864],[14.0689,44.9495],[14.1013,44.9743],[14.1514,44.9775],[14.1662,45.0189],[14.1439,45.0594],[14.1582,45.0532],[14.1582,45.0873],[14.1931,45.1056],[14.1794,45.1345],[14.2092,45.1264],[14.2326,45.1494],[14.272,45.2901],[14.3298,45.354],[14.5519,45.2881],[14.5344,45.3127],[14.5822,45.2853],[14.5686,45.2759],[14.576,45.2623],[14.6579,45.1966],[14.8425,45.1055],[14.9216,44.9588],[14.8814,44.8441],[14.8952,44.7362],[14.8838,44.7236],[14.9014,44.6902],[15.0073,44.5697],[15.0801,44.5361],[15.308,44.3544],[15.406,44.3206],[15.4492,44.2854],[15.5287,44.2718],[15.5036,44.2592],[15.4245,44.268],[15.2612,44.3326],[15.3027,44.2991],[15.2817,44.2854],[15.2953,44.2507],[15.1981,44.3017],[15.2066,44.2854],[15.1854,44.2854],[15.2078,44.2728],[15.1766,44.2499],[15.1406,44.2825],[15.1104,44.2644],[15.1522,44.2353],[15.1604,44.2132],[15.1445,44.1955],[15.3581,44.0257],[15.4551,43.928],[15.6789,43.8193],[15.6174,43.8255],[15.6821,43.7972],[15.7063,43.7634],[15.7922,43.7545],[15.9312,43.6765],[15.939,43.6964],[15.9504,43.6885],[15.9321,43.6684],[15.953,43.6509],[15.9048,43.648],[15.9663,43.6412],[15.919,43.6287],[15.918,43.5933],[15.9321,43.5866],[15.918,43.5729],[15.9442,43.5667],[15.9253,43.5586],[15.9595,43.5382],[15.9873,43.5449],[15.9837,43.5211],[15.9595,43.504],[16.1131,43.4789],[16.1108,43.4897],[16.1724,43.4897],[16.1177,43.5245],[16.4338,43.5498],[16.4734,43.5382],[16.3914,43.5108],[16.5247,43.5108],[16.6258,43.449],[16.8806,43.406],[17.0495,43.278],[17.0735,43.239],[17.1724,43.1818],[17.3163,43.1273],[17.4046,43.0515],[17.4261,43.0652],[17.4323,43.0362],[17.4602,43.031],[17.4336,43.0174],[17.502,43.031],[17.4709,43.0134],[17.4985,42.9722],[17.603,42.9326],[17.6179,42.9218],[17.5565,42.9348],[17.6787,42.8794],[17.7074,42.887],[17.7019,42.8685],[17.7415,42.8393],[17.5589,42.9128],[17.4602,42.9218],[17.4541,42.9423],[17.3905,42.9777],[17.2402,43.0228],[17.0733,43.0242],[17.0016,43.0515],[17.0282,43.031],[17.0275,43.0036],[17.0954,42.9844],[17.2139,42.9826],[17.3509,42.9218],[17.4172,42.9112],[17.4427,42.8986],[17.4404,42.8734],[17.7288,42.8008],[17.7489,42.7908],[17.7487,42.772],[17.7619,42.7787],[17.721,42.8262],[17.7801,42.7969],[17.8067,42.8119],[17.8928,42.7908],[17.8807,42.7687],[17.9016,42.7519],[18.0283,42.6913],[18.0432,42.7021],[18.0773,42.6679],[18.0574,42.6679],[18.076,42.6513],[18.2175,42.6201],[18.2206,42.5792],[18.2389,42.5591],[18.4745,42.4414],[18.5103,42.4053],[18.5298,42.4004],[18.513,42.409],[18.5213,42.438],[18.5025,42.4556],[18.6541,42.4518],[18.6873,42.4829],[18.6838,42.4588],[18.7066,42.421],[18.7004,42.393],[18.5628,42.4385],[18.5452,42.4236],[18.6167,42.3681],[18.6532,42.3663],[18.6585,42.3866],[18.6785,42.386],[18.7145,42.3253],[18.7786,42.2715],[18.8176,42.2912],[18.8314,42.2775],[18.854,42.2905],[18.886,42.2844],[18.9133,42.2222],[19.0106,42.1396],[19.0487,42.1402],[19.0838,42.1101],[19.0825,42.0812],[19.1392,42.0424],[19.138,41.9853],[19.1703,41.938],[19.3102,41.8945],[19.3651,41.8524],[19.433,41.8686],[19.5916,41.8188],[19.599,41.7787],[19.5713,41.7704],[19.5781,41.6876],[19.5576,41.6605],[19.6001,41.6391],[19.613,41.6053],[19.5848,41.6196],[19.5652,41.5851],[19.5281,41.5766],[19.4409,41.5854],[19.5142,41.53],[19.5166,41.5134],[19.4893,41.4661],[19.4409,41.4409],[19.4452,41.4152],[19.4287,41.4013],[19.3932,41.4135],[19.4142,41.3828],[19.419,41.3226],[19.488,41.3065],[19.5134,41.2767],[19.5095,41.2373],[19.4688,41.1876],[19.4637,41.1513],[19.4419,41.1439],[19.4564,41.1067],[19.4406,41.0207],[19.4749,40.9958],[19.4539,40.924],[19.4955,41.0026],[19.5234,40.9206],[19.4409,40.8723],[19.4378,40.8865],[19.4273,40.8723],[19.427,40.9368],[19.4409,40.9486],[19.3812,40.9083],[19.4142,40.8688],[19.3932,40.8449],[19.4067,40.8207],[19.3688,40.8022],[19.3605,40.7098],[19.3044,40.6531],[19.3864,40.5507],[19.3916,40.5783],[19.4157,40.5835],[19.4546,40.5539],[19.4336,40.5059],[19.3864,40.5433],[19.4188,40.4919],[19.4788,40.4539],[19.4749,40.3484],[19.4236,40.33],[19.3482,40.4306],[19.3162,40.4378],[19.2896,40.4204],[19.3442,40.3743],[19.3811,40.2952],[19.4762,40.2137],[19.7327,40.1103],[19.7705,40.0635],[19.7774,40.0778],[19.8074,40.0529],[19.8635,40.0454],[19.9412,39.94],[19.9064,39.9064],[20.0098,39.8657],[20.0142,39.833],[19.9806,39.7573],[20.0027,39.7482],[19.989,39.6867],[20.0889,39.6731],[20.1818,39.6245],[20.1746,39.5768],[20.1467,39.5707],[20.1336,39.5297],[20.1831,39.5333],[20.2224,39.5086],[20.222,39.5213],[20.2639,39.5086],[20.2551,39.4924],[20.2156,39.4949],[20.2673,39.4469],[20.2156,39.4403],[20.2428,39.4124],[20.236,39.3994],[20.2697,39.3874],[20.2907,39.3647],[20.2928,39.3334],[20.3249,39.3038],[20.3656,39.2877],[20.3936,39.2969],[20.4824,39.2827],[20.4789,39.2252],[20.5959,39.1238],[20.6865,39.0725],[20.7158,39.0151],[20.7022,38.9984],[20.7351,38.9501],[20.7664,38.9776],[20.8318,38.9637],[20.7454,39.0147],[20.7432,39.0295],[20.7575,39.022],[20.784,39.0493],[20.7918,39.0808],[20.7772,39.0909],[20.8224,39.1145],[20.8381,39.0917],[20.8257,39.0698],[20.8462,39.0772],[20.8578,39.0589],[20.8599,39.0425],[20.8449,39.0369],[20.8865,39.0364],[20.8667,39.053],[20.9014,39.0772],[20.9485,39.0698],[20.9348,39.0567],[20.9538,39.0342],[21.0584,39.009],[21.0374,39.022],[21.0789,39.0363],[21.0852,39.0629],[21.1599,38.9977],[21.1401,38.9413],[21.1774,38.876],[21.1023,38.9108],[21.0852,38.8643],[21.0256,38.898],[21.0274,38.9326],[20.9207,38.9543],[20.9038,38.928],[20.8667,38.9264],[20.8599,38.9605],[20.8171,38.9214],[20.7816,38.935],[20.7698,38.959],[20.756,38.9069],[20.8052,38.8677],[20.7494,38.8572],[20.7293,38.8098],[20.7733,38.7609],[20.804,38.7734],[20.8114,38.7625],[20.8452,38.7996],[20.8734,38.7953],[20.9144,38.6862],[20.979,38.6726],[21.0247,38.6085],[21.0169,38.5459],[21.0305,38.5114],[21.096,38.5319],[21.0852,38.5019],[21.0994,38.4944],[21.0789,38.4875],[21.1062,38.4814],[21.1062,38.4329],[21.1199,38.4404],[21.1068,38.4254],[21.0852,38.4404],[21.0818,38.4207],[21.0947,38.403],[21.1404,38.3989],[21.1135,38.3739],[21.1062,38.3852],[21.0925,38.3641],[21.1062,38.3715],[21.1057,38.353],[21.0852,38.3436],[21.1404,38.3367],[21.1556,38.3039],[21.1745,38.3026],[21.2,38.3231],[21.1813,38.3305],[21.1896,38.3414],[21.2503,38.3367],[21.2695,38.3679],[21.2912,38.3641],[21.2912,38.3777],[21.3366,38.3957],[21.339,38.4329],[21.3533,38.4329],[21.3086,38.4944],[21.3225,38.4963],[21.3601,38.4677],[21.3775,38.3989],[21.4163,38.3941],[21.4221,38.3641],[21.4761,38.3715],[21.47,38.3579],[21.4898,38.3579],[21.4761,38.3436],[21.4898,38.3367],[21.4898,38.3095],[21.4284,38.3305],[21.5178,38.2958],[21.5996,38.351],[21.7163,38.3579],[21.7625,38.3284],[21.7822,38.3637],[21.8312,38.3967],[21.8792,38.378],[21.9579,38.4117],[22.1326,38.3727],[22.1892,38.3231],[22.2249,38.3601],[22.3823,38.3427],[22.3986,38.3759],[22.3737,38.392],[22.4084,38.4156],[22.4016,38.4534],[22.4684,38.4211],[22.5625,38.2935],[22.6003,38.3026],[22.6065,38.3231],[22.5872,38.3367],[22.6123,38.3638],[22.6462,38.3618],[22.6268,38.3715],[22.6465,38.39],[22.6844,38.3611],[22.6753,38.3436],[22.6965,38.3169],[22.7988,38.2821],[22.7648,38.248],[22.8057,38.227],[22.8747,38.2412],[22.8809,38.227],[22.895,38.2412],[22.9087,38.1928],[22.9695,38.1928],[22.9505,38.2098],[22.9224,38.207],[22.9519,38.2253],[23.0251,38.2166],[23.052,38.1928],[23.0322,38.1859],[23.0667,38.1832],[23.1227,38.2081],[23.1489,38.1859],[23.1284,38.1723],[23.2234,38.1592],[23.1755,38.145],[23.2166,38.1033],[23.1729,38.0795],[23.0686,38.0589],[22.9429,38.0835],[22.8755,38.0493],[22.854,38.0351],[22.8875,38.0336],[22.9754,37.979],[22.9463,37.9462],[22.8672,37.9395],[22.6804,38.0666],[22.5115,38.1293],[22.4148,38.1379],[22.3312,38.1789],[22.2185,38.1882],[22.1614,38.2132],[22.1433,38.2491],[22.1136,38.2678],[22.0488,38.2748],[22.0204,38.3132],[21.9559,38.3367],[21.8495,38.3413],[21.7642,38.2958],[21.7013,38.2053],[21.6223,38.1548],[21.5239,38.166],[21.4009,38.2148],[21.4085,38.1859],[21.3743,38.2206],[21.367,38.1211],[21.2844,38.0153],[21.3185,38.0351],[21.3259,38.0214],[21.2078,37.946],[21.1644,37.9296],[21.1336,37.9464],[21.1062,37.8781],[21.113,37.8433],[21.2849,37.7851],[21.3119,37.7263],[21.2987,37.6726],[21.3123,37.6379],[21.3237,37.6649],[21.3433,37.6693],[21.4022,37.6554],[21.55,37.5615],[21.6748,37.396],[21.6958,37.3164],[21.6823,37.2839],[21.5744,37.1924],[21.5697,37.1162],[21.5786,37.0767],[21.6548,36.9947],[21.6618,36.9594],[21.6817,36.9731],[21.668,36.9594],[21.6882,36.9645],[21.71,36.9427],[21.6885,36.8912],[21.6885,36.8496],[21.7074,36.818],[21.7642,36.795],[21.8228,36.8086],[21.8826,36.7265],[21.9359,36.766],[21.9451,36.7899],[21.9702,36.795],[21.9286,36.8223],[21.9217,36.8632],[21.9431,36.9933],[22.0481,37.0351],[22.1532,37.0212],[22.1379,36.9171],[22.1751,36.8912],[22.2002,36.9064],[22.2215,36.8975],[22.2917,36.8201],[22.3054,36.7751],[22.3586,36.7021],[22.388,36.7062],[22.3684,36.6565],[22.388,36.6441],[22.3713,36.6427],[22.3674,36.6025],[22.388,36.6025],[22.3737,36.5827],[22.3882,36.5561],[22.3674,36.5479],[22.3545,36.5119],[22.3814,36.4805],[22.4084,36.4871],[22.4699,36.4523],[22.491,36.3909],[22.5115,36.4666],[22.4866,36.5251],[22.4841,36.6066],[22.5046,36.6243],[22.5127,36.6028],[22.5261,36.6124],[22.5168,36.6662],[22.5339,36.6706],[22.5525,36.6509],[22.5498,36.6783],[22.5251,36.6851],[22.5462,36.7214],[22.5791,36.7404],[22.5774,36.783],[22.6856,36.8095],[22.7869,36.7934],[22.8171,36.718],[22.815,36.6706],[22.8372,36.6865],[22.8843,36.6542],[22.8747,36.6305],[22.9292,36.5963],[22.9724,36.5202],[23.051,36.5224],[23.0721,36.4931],[23.0663,36.4735],[23.0947,36.4432],[23.1393,36.4341],[23.1619,36.4462],[23.1961,36.4325],[23.2036,36.4561],[23.1346,36.5076],[23.155,36.5411],[23.0806,36.5793],[23.0357,36.6491],[23.0344,36.6749],[23.0594,36.6926],[23.0322,36.6926],[23.0309,36.7256],[23.052,36.7471],[23.0886,36.7329],[23.1141,36.7813],[23.0806,36.7888],[23.0933,36.8183],[23.0459,36.8691],[23.0117,36.9389],[23.0117,36.9731],[22.9907,36.9868],[23.0117,36.9868],[22.9998,37.0333],[22.9639,37.083],[22.9817,37.0827],[22.9564,37.0959],[22.9564,37.124],[22.9032,37.1213],[22.9066,37.1939],[22.8193,37.3164],[22.8193,37.3437],[22.758,37.3983],[22.7648,37.4318],[22.7305,37.4945],[22.7264,37.5664],[22.7783,37.5969],[22.8262,37.5491],[22.8193,37.5355],[22.854,37.515],[22.885,37.5331],[22.9224,37.528],[22.9019,37.5417],[22.9216,37.5404],[22.9807,37.5088],[23.0049,37.4597],[23.0459,37.487],[23.0594,37.4665],[23.0459,37.4597],[23.132,37.4486],[23.1414,37.4119],[23.1141,37.4256],[23.095,37.3896],[23.0726,37.4011],[23.0731,37.3552],[23.1224,37.3457],[23.1346,37.3293],[23.1141,37.3362],[23.1234,37.3248],[23.1619,37.3231],[23.1414,37.3095],[23.1686,37.2995],[23.2036,37.3027],[23.186,37.3406],[23.278,37.3498],[23.23,37.3749],[23.2627,37.401],[23.4465,37.4146],[23.5256,37.4392],[23.5256,37.4597],[23.4792,37.4907],[23.3953,37.515],[23.422,37.528],[23.3743,37.5559],[23.4043,37.5993],[23.3987,37.6379],[23.3122,37.6174],[23.3591,37.5743],[23.3604,37.5477],[23.3367,37.5355],[23.1686,37.6142],[23.1755,37.7198],[23.1209,37.7409],[23.1282,37.7605],[23.1824,37.7744],[23.1824,37.8091],[23.1141,37.8508],[23.0125,37.8476],[22.9951,37.8821],[23.0151,37.9252],[23.0941,37.911],[23.2268,37.9736],[23.4089,37.9743],[23.4295,37.9805],[23.3953,37.9879],[23.45,38.0214],[23.5813,38.0463],[23.5979,38.0211],[23.553,37.9805],[23.6418,37.9525],[23.6281,37.9327],[23.697,37.9395],[23.779,37.8023],[23.8073,37.8086],[23.8192,37.8297],[23.8656,37.8077],[23.8888,37.7744],[23.9025,37.7819],[23.9227,37.7212],[23.9434,37.7272],[23.9497,37.6774],[24.0327,37.6515],[24.0721,37.6895],[24.0594,37.7198],[24.0731,37.7272],[24.0594,37.7335],[24.0819,37.7525],[24.0874,37.7852],[24.0532,37.8228],[24.0669,37.8644],[24.0117,37.8918],[24.0464,37.906],[24.0117,37.9252],[24.0117,37.9669],[24.0327,38.0078],[24.0091,38.0406],[23.989,38.1226],[24.0378,38.1437],[24.0594,38.1313],[24.0806,38.166],[24.0731,38.1965],[23.951,38.2909],[23.782,38.3436],[23.71,38.3367],[23.6729,38.3564],[23.625,38.414],[23.594,38.4261],[23.5962,38.4468],[23.5735,38.4534],[23.6013,38.4739],[23.543,38.5117],[23.5194,38.4907],[23.335,38.5036],[23.3401,38.5224],[23.3816,38.5353],[23.3074,38.5685],[23.2854,38.5565],[23.2933,38.5791],[23.3333,38.6042],[23.3312,38.6303],[23.3059,38.6527],[23.1868,38.686],[23.1681,38.6794],[23.1961,38.6663],[23.1825,38.6538],[23.1045,38.6384],[23.042,38.7467],[22.9453,38.7581],[22.9149,38.7756],[22.8672,38.7551],[22.8293,38.7861],[22.7783,38.7817],[22.7026,38.8507],[22.5934,38.8302],[22.6003,38.8445],[22.5828,38.832],[22.5539,38.8481],[22.5729,38.8643],[22.5251,38.8581],[22.5251,38.8854],[22.5388,38.878],[22.6216,38.9145],[22.689,38.878],[22.7183,38.8898],[22.7327,38.8724],[22.792,38.878],[22.8367,38.8965],[22.8465,38.9264],[22.8984,38.9196],[22.9429,38.9326],[22.936,38.9468],[22.9845,38.9543],[23.0233,39.0085],[23.0731,39.0363],[23.0425,39.0401],[22.9639,39.009],[22.9588,39.0251],[22.9981,39.0493],[22.9981,39.0698],[22.9611,39.119],[22.936,39.1318],[22.936,39.1114],[22.9206,39.1251],[22.9019,39.1796],[22.877,39.1904],[22.854,39.1591],[22.8262,39.2213],[22.8262,39.2722],[22.8425,39.2885],[22.9429,39.3032],[22.929,39.3242],[22.9359,39.3606],[22.9981,39.3571],[23.0205,39.3175],[23.1346,39.2969],[23.1691,39.2685],[23.1755,39.2343],[23.2171,39.1796],[23.1992,39.1514],[23.1813,39.1587],[23.1717,39.135],[23.1006,39.1046],[23.1141,39.1591],[23.0811,39.1472],[23.052,39.0977],[23.1155,39.0883],[23.2036,39.1046],[23.2302,39.1182],[23.2097,39.1318],[23.3013,39.1514],[23.3438,39.1796],[23.2713,39.3229],[23.1257,39.4544],[23.0974,39.5018],[22.9395,39.5806],[22.8503,39.7905],[22.7305,39.8854],[22.7079,39.9614],[22.6003,40.0163],[22.5713,40.0543],[22.5525,40.1666],[22.6611,40.369],[22.6065,40.4136],[22.6038,40.444],[22.5791,40.4682],[22.6029,40.4813],[22.6507,40.4728],[22.6753,40.4962],[22.6563,40.5045],[22.6735,40.5268],[22.7367,40.5153],[22.7586,40.5678],[22.8159,40.5706],[22.8506,40.5934],[22.854,40.6395],[22.9105,40.6446],[22.9496,40.6054],[22.9417,40.5873],[22.9832,40.5527],[22.9416,40.5172],[22.8216,40.5021],[22.8897,40.4184],[22.8882,40.3863],[22.9639,40.3795],[23.0291,40.3258],[23.2991,40.2354],[23.3246,40.175],[23.3059,40.1045],[23.3816,40.0027],[23.3606,39.9611],[23.471,39.9716],[23.6165,39.9233],[23.7031,39.9127],[23.7479,39.9305],[23.6973,39.9405],[23.6703,39.9861],[23.4989,40.0423],[23.4006,40.144],[23.3636,40.1505],[23.3401,40.228],[23.365,40.2617],[23.4385,40.2792],[23.5403,40.2448],[23.6418,40.2354],[23.6755,40.2179],[23.7933,40.0938],[23.7852,40.0672],[23.8267,40.0089],[23.8241,40.0219],[23.8449,40.0241],[23.94,39.9525],[23.9912,39.9536],[23.9699,39.9681],[23.9987,39.9748],[23.988,39.99],[24.0192,40.0163],[24.0117,40.0436],[23.9868,40.0422],[24.0049,40.0672],[23.9776,40.0908],[23.9912,40.1187],[23.8967,40.1713],[23.7786,40.2027],[23.7163,40.2553],[23.6936,40.3092],[23.7305,40.359],[23.7596,40.3492],[23.8335,40.372],[23.9365,40.3652],[24.0192,40.3105],[24.169,40.2753],[24.2383,40.187],[24.2861,40.1605],[24.3,40.1281],[24.3611,40.1324],[24.3938,40.1525],[24.3833,40.1791],[24.2334,40.3169],[24.2039,40.3174],[24.1799,40.3515],[24.0858,40.366],[24.0114,40.4492],[23.9912,40.4477],[24.0116,40.4018],[24.0025,40.3864],[23.9639,40.3795],[23.8682,40.4135],[23.8267,40.4614],[23.823,40.507],[23.9072,40.5254],[23.9149,40.5389],[23.8888,40.5638],[23.8467,40.5603],[23.7927,40.588],[23.7556,40.6457],[23.718,40.6587],[23.6917,40.6954],[23.697,40.7214],[23.7317,40.7519],[23.8421,40.7834],[23.9863,40.7322],[24.1101,40.7279],[24.3407,40.8313],[24.3057,40.8417],[24.3313,40.855],[24.3127,40.8797],[24.4155,40.9455],[24.4641,40.9411],[24.5051,40.9616],[24.5667,40.9517],[24.6287,40.8586],[24.6628,40.8797],[24.7088,40.8518],[24.7658,40.8654],[24.802,40.8535],[24.8921,40.9206],[24.9898,40.9421],[24.9917,40.9685],[25.0396,40.9896],[25.0391,41.006],[25.1384,41.0101],[25.1699,40.9958],[25.1401,40.9836],[25.134,40.9629],[25.1807,40.9427],[25.2661,40.9269],[25.2997,40.9518],[25.5378,40.8704],[25.9186,40.853],[25.9984,40.817],[25.9984,40.8388],[26.0122,40.8244],[26.054,40.831],[26.0537,40.8162],[26.0059,40.8039],[26.0274,40.7961],[26.0469,40.7425],[26.0332,40.7351],[26.0581,40.6977],[26.0537,40.6606],[26.0913,40.6054],[26.3026,40.6011],[26.3731,40.6144],[26.3998,40.6042],[26.4447,40.619],[26.5056,40.5986],[26.6092,40.6395],[26.7904,40.6606],[26.8289,40.602],[26.7883,40.5629],[26.7328,40.5638],[26.6698,40.5108],[26.5645,40.4995],[26.4328,40.4398],[26.3211,40.3652],[26.2191,40.3314],[26.21,40.3219],[26.2318,40.3101],[26.2181,40.2969],[26.2669,40.2578],[26.272,40.2304],[26.2598,40.1945],[26.16,40.0672],[26.1575,40.0553],[26.1776,40.0507],[26.2429,40.0708],[26.3758,40.1535],[26.3456,40.1998],[26.4265,40.2303],[26.4972,40.2899],[26.6016,40.3461],[26.6315,40.4001],[26.6743,40.4257],[26.6834,40.4555],[26.9116,40.5507],[26.9898,40.5638],[27.0475,40.6122],[27.1777,40.6326],[27.2879,40.7036],[27.3308,40.761],[27.4248,40.8313],[27.4717,40.9418],[27.4932,40.9753],[27.5242,40.9892],[27.7378,41.0126],[27.9413,40.9711],[28.013,41.0407],[28.1653,41.0852],[28.2367,41.0852],[28.4353,41.0429],[28.5125,40.9927],[28.5414,40.9896],[28.5625,41.0368],[28.5278,41.0852],[28.5519,41.0805],[28.5825,41.0464],[28.5755,41.0237],[28.6035,41.0095],[28.5952,40.978],[28.6253,40.9684],[28.7702,40.9793],[28.822,40.9616],[28.9461,41.0095],[28.9865,41.0026],[28.9895,41.0311],[29.0422,41.0664],[29.0706,41.1302],[29.0408,41.1643],[29.0868,41.1919],[29.1092,41.2353],[29.0687,41.2537],[29.0243,41.2428],[28.9085,41.2665],[28.3843,41.4475],[28.1777,41.5582],[28.0972,41.6267],[28.0759,41.6605],[28.0884,41.6769],[27.972,41.8223],[27.9776,41.8874],[28.0466,41.8971],[28.0309,41.9138],[28.007,42.0379],[27.9866,42.0721],[27.904,42.1198],[27.8494,42.1671],[27.8562,42.1813],[27.7559,42.2585],[27.7512,42.277],[27.7879,42.311],[27.7744,42.3217],[27.7804,42.3389],[27.7258,42.3389],[27.7083,42.3631],[27.719,42.3867],[27.698,42.4004],[27.719,42.4147],[27.6917,42.4283],[27.6522,42.4185],[27.6433,42.4556],[27.562,42.4482],[27.5444,42.46],[27.5142,42.4351],[27.4727,42.4619],[27.4657,42.4283],[27.4529,42.4801],[27.4802,42.4829],[27.5115,42.553],[27.5409,42.5655],[27.6502,42.5581],[27.6284,42.629],[27.7395,42.6611],[27.717,42.6745],[27.7327,42.7145],[27.8923,42.7105],[27.884,42.8484],[27.904,42.8597],[27.904,42.9423],[27.8836,43.031],[27.9114,43.0652],[27.9456,43.1688],[27.904,43.2023],[28.0176,43.2327],[28.0916,43.364],[28.1572,43.4078],[28.2432,43.4078],[28.3216,43.4283],[28.3938,43.4143],[28.4732,43.3668],[28.4793,43.3968],[28.5785,43.4808],[28.6035,43.5382],[28.5731,43.6061],[28.5845,43.8008],[28.6717,43.9974],[28.6309,44.1545],[28.6458,44.172],[28.6717,44.1687],[28.631,44.2644],[28.6351,44.3164],[28.6644,44.3484],[28.6931,44.3461],[28.7066,44.381],[28.7967,44.4679],[28.844,44.4937],[28.925,44.6206],[28.9063,44.5877],[28.7783,44.5074],[28.7585,44.4653],[28.7456,44.4862],[28.7742,44.5523],[28.7469,44.566],[28.7327,44.5523],[28.7327,44.5679],[28.7879,44.5865],[28.7644,44.5959],[28.7578,44.6268],[28.7947,44.6343],[28.7742,44.6008],[28.8542,44.6343],[28.9182,44.6827],[28.9578,44.6788],[28.9524,44.6964],[28.9754,44.6868],[28.9387,44.6343],[28.9621,44.6394],[28.9876,44.6753],[28.9675,44.701],[28.8977,44.7168],[28.912,44.6964],[28.8695,44.6618],[28.784,44.6492],[28.7854,44.6797],[28.8084,44.6964],[28.7871,44.6933],[28.7984,44.7202],[28.8688,44.7536],[28.9461,44.7652],[28.9255,44.7837],[28.9387,44.8062],[28.925,44.8131],[28.9524,44.8266],[28.8665,44.8826],[28.8694,44.9433],[28.9832,45.0123],[29.0583,45.001],[29.1106,44.97],[29.0521,44.9446],[29.0441,44.8655],[29.0603,44.8323],[29.1038,44.8403],[29.0964,44.8751],[29.1388,44.8392],[29.1387,44.804],[29.0982,44.7754],[28.9749,44.7449],[29.0007,44.6889],[29.0558,44.7352],[29.1561,44.7844],[29.5618,44.8203],[29.6112,44.8493],[29.6052,44.88],[29.6304,44.9077],[29.6644,45.1169],[29.6996,45.1618],[29.667,45.1642],[29.6239,45.2165],[29.6924,45.2167],[29.7297,45.2377],[29.7562,45.3212],[29.7502,45.3858],[29.7277,45.4157],[29.7559,45.4279],[29.7474,45.4634],[29.7323,45.4757],[29.7132,45.4362],[29.7022,45.4566],[29.6753,45.4496],[29.6724,45.4771],[29.656,45.4742],[29.6408,45.4418],[29.6057,45.4782],[29.707,45.5733],[29.6484,45.5454],[29.5897,45.5591],[29.6032,45.6913],[29.6375,45.7099],[29.6239,45.7515],[29.6519,45.789],[29.6336,45.8214],[29.6428,45.8272],[29.6939,45.7813],[29.6792,45.7515],[29.6826,45.6968],[29.724,45.6674],[29.7337,45.6143],[29.7891,45.6354],[29.7891,45.6553],[29.8096,45.6486],[29.8601,45.6689],[29.8032,45.7042],[29.8024,45.7375],[29.8877,45.7651],[29.9324,45.7242],[29.9393,45.7515],[29.9177,45.7829],[29.9263,45.8138],[29.9529,45.772],[29.9685,45.8389],[29.9907,45.8471],[30.0612,45.8135],[30.0946,45.8148],[30.1275,45.8913],[30.1384,45.8198],[30.2614,45.8955],[30.3713,45.998],[30.4942,46.0805],[30.5233,46.1338],[30.6824,46.2995],[30.6865,46.32],[30.6519,46.3446],[30.7145,46.348],[30.7725,46.3964],[30.7982,46.4464],[30.7549,46.5159],[30.7907,46.5529],[30.867,46.5558],[30.9914,46.6013],[31.1595,46.629],[31.3377,46.6013],[31.4162,46.6291],[31.5059,46.7204],[31.4558,46.7546],[31.4407,46.8005],[31.5083,46.7452],[31.584,46.7936],[31.6061,46.8264],[31.6182,46.8135],[31.4909,46.6634],[31.481,46.6464],[31.493,46.6287],[31.5789,46.6173],[31.5972,46.6432],[31.6741,46.6532],[31.8147,46.623],[31.8921,46.6436],[31.9085,46.6627],[31.9067,46.7382],[31.8652,46.78],[31.8648,46.8066],[31.8986,46.8429],[31.9451,46.8595],[31.9728,46.9154],[31.9683,46.937],[31.9256,46.9229],[31.8994,46.9438],[31.9471,46.9991],[31.8374,47.0085],[31.8447,47.0537],[31.8743,47.0938],[31.8156,47.1226],[31.8062,47.1927],[31.7268,47.2205],[31.7417,47.2591],[31.7577,47.2162],[31.8306,47.1868],[31.8456,47.134],[31.8823,47.1186],[31.8968,47.0927],[31.8652,47.0264],[31.9769,47.0093],[31.9359,46.9548],[31.9959,46.9404],[32.0075,46.9152],[31.9362,46.8004],[31.9403,46.7589],[31.9798,46.6771],[32.0228,46.6291],[32.1179,46.6069],[32.1463,46.5602],[32.2482,46.6074],[32.3358,46.5622],[32.409,46.5689],[32.6455,46.6496],[32.5884,46.6043],[32.5248,46.5927],[32.4357,46.5432],[32.4084,46.5173],[32.427,46.4988],[32.3997,46.4783],[32.3176,46.4643],[32.1117,46.5124],[31.8618,46.5193],[31.7564,46.5543],[31.5816,46.5452],[31.5083,46.5876],[31.6636,46.4721],[31.6865,46.4299],[31.6903,46.4786],[31.7485,46.4999],[31.9107,46.4559],[32.0078,46.449],[32.0619,46.3938],[31.9683,46.3511],[31.7998,46.3422],[31.7673,46.3182],[31.7859,46.2924],[31.8823,46.2791],[31.8858,46.32],[32.0181,46.2575],[32.0501,46.2661],[32.1287,46.2097],[32.2131,46.1931],[32.2693,46.2046],[32.242,46.1767],[32.2625,46.1282],[32.5034,46.0761],[32.7663,46.1357],[32.8993,46.1152],[33.0182,46.1277],[33.0325,46.141],[33.0234,46.1699],[33.1229,46.1359],[33.1751,46.1531],[33.2351,46.2238],[33.2146,46.1282],[33.3157,46.131],[33.2903,46.0947],[33.3108,46.0873],[33.3311,46.1075],[33.3578,46.1038],[33.4238,46.0533],[33.5163,46.0463],[33.4958,46.0679],[33.5056,46.0803],[33.5579,46.0873],[33.5325,46.1215],[33.5715,46.1494],[33.6135,46.1452],[33.6484,46.09],[33.6279,46.0678],[33.6436,46.015],[33.632,45.9883],[33.6468,45.9797],[33.6199,45.9508],[33.6825,45.9584],[33.777,45.9296],[33.6935,45.9145],[33.6917,45.8607],[33.6589,45.8593],[33.6199,45.8818],[33.5301,45.8419],[33.4822,45.8545],[33.2654,45.7538],[33.2302,45.7509],[33.1692,45.7844],[33.1592,45.7685],[33.181,45.7552],[33.1761,45.7431],[32.8682,45.6301],[32.827,45.5955],[32.8279,45.5624],[32.7578,45.5646],[32.7048,45.5311],[32.6436,45.5217],[32.5252,45.4582],[32.4816,45.4089],[32.5129,45.3406],[32.5915,45.3201],[32.6631,45.3201],[32.7285,45.3611],[32.8993,45.3542],[33.0786,45.2717],[33.1736,45.1966],[33.2401,45.1796],[33.2596,45.1561],[33.3965,45.1898],[33.5374,45.1174],[33.5625,45.0939],[33.6196,44.9315],[33.6092,44.8717],[33.5596,44.8498],[33.5163,44.7851],[33.5484,44.6987],[33.5163,44.6343],[33.5715,44.6206],[33.4359,44.6053],[33.3711,44.5884],[33.3723,44.5765],[33.5176,44.4905],[33.5784,44.4971],[33.6454,44.4251],[33.7412,44.3959],[33.8521,44.4015],[33.9378,44.381],[34.1026,44.4251],[34.1475,44.4499],[34.1825,44.4928],[34.2429,44.5075],[34.271,44.5455],[34.3313,44.5455],[34.4143,44.6738],[34.5,44.7426],[34.613,44.7652],[34.757,44.8205],[34.8899,44.8181],[34.9525,44.8415],[35.0057,44.8352],[35.0376,44.7988],[35.0808,44.7938],[35.1543,44.9011],[35.2151,44.9144],[35.256,44.9587],[35.3193,44.97],[35.3672,44.9433],[35.3622,44.9866],[35.374,44.998],[35.4354,45.0048],[35.4006,45.0246],[35.4081,45.0625],[35.5062,45.1135],[35.5906,45.1199],[35.7064,45.0947],[35.7832,45.0575],[35.848,44.9924],[35.9934,44.998],[36.0479,45.0488],[36.2246,45.0075],[36.2443,45.011],[36.2678,45.0437],[36.4401,45.0674],[36.4553,45.0916],[36.4089,45.1495],[36.4373,45.272],[36.4906,45.2922],[36.4844,45.3164],[36.5025,45.3469],[36.5862,45.3338],[36.6384,45.3513],[36.6135,45.4089],[36.5833,45.4274],[36.533,45.4089],[36.4906,45.443],[36.4118,45.4362],[36.3405,45.4573],[36.2988,45.443],[36.3074,45.4609],[36.284,45.4766],[36.2525,45.4615],[36.1179,45.4571],[36.0689,45.43],[36.0223,45.3681],[35.986,45.3627],[35.854,45.414],[35.8577,45.4694],[35.8333,45.4709],[35.716,45.3406],[35.5178,45.2955],[35.4807,45.2978],[35.3322,45.3712],[35.0444,45.6701],[34.9582,45.7895],[34.8744,45.9261],[34.8113,46.1662],[34.8389,46.2077],[34.8822,46.2217],[34.8936,46.2518],[34.9265,46.2351],[35.0308,46.2518],[35.1084,46.2978],[35.2095,46.3964],[35.202,46.4405],[35.1667,46.4932],[35.1883,46.5124],[35.2146,46.4626],[35.2845,46.4374],[35.2586,46.3734],[35.2676,46.3511],[35.3115,46.3376],[35.346,46.361],[35.3421,46.3358],[35.2004,46.183],[35.0444,46.1419],[35.0519,46.1282],[34.9821,46.0778],[35.1618,46.1282],[35.3801,46.3685],[35.4915,46.448],[35.6287,46.4985],[35.7712,46.6013],[35.9016,46.6527],[36.1895,46.669],[36.2443,46.6353],[36.2458,46.6108],[36.2676,46.6256],[36.2783,46.6074],[36.3035,46.6592],[36.4002,46.7239],[36.5241,46.7589],[36.59,46.7589],[36.634,46.78],[36.6961,46.78],[36.8025,46.7248],[36.7717,46.6435],[36.7438,46.6496],[36.7693,46.6374],[36.8123,46.6806],[36.8625,46.7769],[36.8537,46.8005],[37.0288,46.8756],[37.2271,46.937],[37.2954,46.9202],[37.3174,46.9008],[37.313,46.8756],[37.3352,46.8825],[37.4829,47.036],[37.5807,47.0904],[37.7103,47.0742],[37.8611,47.1015],[38.0262,47.0816],[38.0715,47.0998],[38.1301,47.0747],[38.1081,47.0264],[38.1423,47.0377],[38.2241,47.1083],[38.4279,47.1335],[38.5534,47.2298],[38.7829,47.2591],[38.8104,47.2878],[38.8211,47.2763],[38.7756,47.2455],[38.5599,47.2182],[38.478,47.1425],[38.5174,47.119],[38.568,47.1152],[38.5531,47.1356],[38.8474,47.1636],[38.9378,47.1898],[38.9305,47.2216],[38.9446,47.2528],[39.0134,47.2545],[39.0881,47.2864],[39.264,47.2608],[39.2816,47.2053],[39.2526,47.1803],[39.2492,47.1481],[39.2732,47.1356],[39.2649,47.0966],[39.28,47.0878],[39.3294,47.1284],[39.3887,47.1152],[39.3036,47.0847],[39.28,47.0128],[39.1531,47.0264],[39.1149,47.0128],[39.0752,47.0327],[38.9373,46.9475],[38.8657,46.9429],[38.8037,46.8935],[38.5531,46.8483],[38.4746,46.8619],[38.403,46.821],[38.403,46.78],[38.3682,46.7554],[38.3782,46.7082],[38.3893,46.7316],[38.4706,46.7435],[38.5667,46.7099],[38.5982,46.6779],[38.5916,46.6592],[38.4622,46.647],[38.3136,46.6763],[38.2717,46.7324],[38.2139,46.6962],[38.1233,46.6865],[38.0368,46.6295],[37.9823,46.6175],[37.8522,46.6225],[37.7307,46.6701],[37.7551,46.6459],[37.8273,46.4765],[37.971,46.3618],[37.9954,46.3544],[38.0187,46.3685],[37.9778,46.3821],[37.9806,46.4003],[38.0877,46.3964],[38.2713,46.2742],[38.3001,46.2187],[38.5568,46.1152],[38.576,46.0873],[38.5599,46.0327],[38.4458,46.0342],[38.3196,46.0935],[38.272,46.1357],[38.1675,46.1205],[38.1628,46.06],[38.0498,45.8549],[38.0603,45.8266],[38.0396,45.8161],[38.0012,45.8326],[38.073,45.9088],[38.0803,45.9464],[38.0418,45.9611],[38.074,46.0252],[38.0325,46.0252],[38.0975,46.0578],[38.0379,46.0565],[37.9401,46.0203],[37.8294,45.7532],[37.6668,45.669],[37.7029,45.6218],[37.6823,45.628],[37.6709,45.6097],[37.6146,45.6423],[37.6311,45.649],[37.6265,45.6683],[37.5951,45.6353],[37.5863,45.4324],[37.6192,45.4184],[37.6408,45.456],[37.6419,45.5045],[37.655,45.5082],[37.6351,45.5529],[37.6624,45.5666],[37.6233,45.5859],[37.6351,45.6081],[37.6494,45.5849],[37.6997,45.5628],[37.686,45.484],[37.7444,45.4504],[37.7029,45.4573],[37.7235,45.4146],[37.7171,45.389],[37.7581,45.402],[37.6999,45.3392],[37.736,45.3061],[37.6516,45.3127],[37.6351,45.3338],[37.5911,45.2894],[37.5667,45.2996],[37.6079,45.3127],[37.6008,45.3314],[37.5427,45.3474],[37.5047,45.3338],[37.5193,45.3693],[37.3814,45.3065],[37.3477,45.3277],[37.1589,45.3261],[37.1737,45.3001],[37.2743,45.2941],[37.3192,45.2717],[37.2544,45.2769],[37.2365,45.2553],[37.0784,45.239],[37.0659,45.2615],[37.1069,45.2717],[37.1138,45.3127],[37.1394,45.3355],[36.8333,45.443],[36.7051,45.391],[36.6681,45.3264],[36.7278,45.3718],[36.7816,45.3876],[36.8475,45.3673],[36.8122,45.3474],[36.8025,45.3127],[36.7757,45.3648],[36.7581,45.3542],[36.7888,45.2922],[36.9473,45.3202],[36.9704,45.303],[36.9617,45.2829],[36.8408,45.2329],[36.7854,45.2307],[36.7067,45.2028],[36.5947,45.2048],[36.5781,45.1871],[36.6414,45.1284],[36.7017,45.1038],[36.8401,45.1094],[37.1919,44.991],[37.306,44.9097],[37.3113,44.8909],[37.2925,44.8676],[37.3711,44.7479],[37.4987,44.6684],[37.5772,44.6553],[37.6318,44.669],[37.7365,44.6357],[37.8001,44.6352],[37.8224,44.6682],[37.7785,44.7298],[37.8748,44.6894],[37.9362,44.6343],[37.9281,44.6059],[37.9845,44.5643],[38.0562,44.559],[38.0628,44.5242],[38.1081,44.4971],[38.1777,44.406],[38.2173,44.3872],[38.5951,44.3319],[38.7583,44.2736],[38.8556,44.1845],[38.9783,44.1483],[39.0116,44.1003],[39.1164,44.0235],[39.3294,43.8962],[39.4575,43.7709],[39.6189,43.6446],[39.6908,43.6138],[39.7183,43.5678],[39.8679,43.4957],[39.9334,43.4067],[40.0869,43.3703],[40.2191,43.319],[40.2728,43.248],[40.2684,43.2164],[40.3351,43.1409],[40.3612,43.1655],[40.3983,43.1623],[40.5202,43.1273],[40.5918,43.0856],[40.7831,43.0842],[40.8628,43.059],[40.9338,42.9827],[41.0231,42.99],[41.0818,42.9081],[41.1047,42.8466],[41.1502,42.7956],[41.2254,42.8023],[41.3073,42.7676],[41.3835,42.7573],[41.4243,42.7399],[41.4828,42.6802],[41.5549,42.3898],[41.5962,42.3494],[41.6492,42.2122],[41.6641,42.114],[41.7603,41.9926],[41.7739,41.8216],[41.7398,41.7499],[41.676,41.6622],[41.6157,41.6326],[41.5071,41.4954],[41.4382,41.4514],[41.4089,41.3903],[41.285,41.3538],[41.1908,41.2957],[41.1213,41.2855],[41.0427,41.2325],[40.922,41.1906],[40.8275,41.1979],[40.7576,41.1584],[40.6983,41.0981],[40.6262,41.0822],[40.5574,41.0425],[40.4649,41.0504],[40.301,40.9685],[40.126,40.9206],[40.0857,40.9265],[39.9994,40.9821],[39.8957,40.9548],[39.73,41.0172],[39.6301,41.0085],[39.4929,41.101],[39.4302,41.1125],[39.2732,41.0504],[39.1683,41.0797],[39.0418,41.0434],[38.9275,41.0426],[38.7837,41.0018],[38.7176,40.9548],[38.6779,40.9486],[38.6371,40.976],[38.5394,40.9269],[38.4523,40.9167],[38.3309,40.9179],[38.2874,40.9472],[38.2014,40.9414],[37.9817,40.9902],[37.8958,40.9821],[37.8679,41.0156],[37.7852,41.06],[37.7839,41.1226],[37.7151,41.1147],[37.6898,41.1404],[37.6401,41.1015],[37.6079,41.0504],[37.5248,41.0372],[37.3954,41.1085],[37.2993,41.1404],[37.1355,41.1466],[37.0397,41.1815],[37.0153,41.2746],[36.8367,41.3508],[36.7581,41.3663],[36.6199,41.3751],[36.5794,41.3073],[36.5179,41.2626],[36.451,41.2404],[36.395,41.2564],[36.3438,41.2887],[36.3319,41.3232],[36.2368,41.3589],[36.2048,41.4065],[36.1345,41.4619],[36.12,41.4943],[36.1345,41.5991],[36.0449,41.7015],[36.0381,41.6878],[35.9729,41.7286],[35.9343,41.6921],[35.9153,41.6462],[35.929,41.7089],[35.9568,41.7363],[35.8938,41.7075],[35.5767,41.6297],[35.4858,41.6451],[35.4011,41.6916],[35.2982,41.7152],[35.2248,41.7619],[35.1958,41.8045],[35.2095,41.8113],[35.1257,41.8753],[35.0921,41.928],[35.1167,42.0069],[35.2163,42.0236],[35.1712,42.0441],[35.1338,42.0236],[35.0816,42.0292],[35.0444,42.0516],[35.0239,42.0925],[34.9481,42.0988],[34.9419,42.0693],[34.889,42.0078],[34.7986,41.9622],[34.6942,41.946],[34.5618,41.9518],[34.4827,41.9752],[34.3313,41.9479],[34.0036,41.9827],[33.8735,41.9744],[33.3245,42.019],[32.9261,41.8818],[32.6792,41.8363],[32.6126,41.8395],[32.5778,41.8113],[32.5348,41.8107],[32.3997,41.7425],[32.3826,41.7561],[32.3518,41.7294],[32.2634,41.7202],[32.1619,41.612],[31.8716,41.5046],[31.6589,41.3979],[31.4983,41.352],[31.471,41.3248],[31.4036,41.3165],[31.3962,41.2955],[31.4196,41.2803],[31.3928,41.1884],[31.3236,41.1339],[31.2312,41.092],[30.8333,41.0799],[30.7481,41.092],[30.6992,41.1215],[30.37,41.1813],[30.2825,41.2155],[30.2171,41.1671],[30.1369,41.1438],[29.8846,41.149],[29.2318,41.2407],[29.1697,41.2331],[29.0691,41.1528],[29.0906,41.1409],[29.0623,41.0763],[29.0076,41.0305],[29.0281,40.9821],[29.1448,40.9141],[29.2639,40.8698],[29.2949,40.8388],[29.2746,40.8388],[29.2546,40.8108],[29.3154,40.8244],[29.3395,40.8078],[29.3291,40.7904],[29.3778,40.7565],[29.4287,40.7761],[29.6662,40.7835],[29.7754,40.7487],[29.9292,40.758],[29.9393,40.7351],[29.9242,40.7165],[29.7533,40.7246],[29.5599,40.6911],[29.5275,40.7215],[29.4906,40.7272],[29.4168,40.6868],[29.3919,40.7078],[29.2816,40.6659],[28.9863,40.6448],[28.8977,40.5917],[28.7927,40.5533],[28.7742,40.5228],[28.9167,40.4709],[28.9695,40.4614],[29.011,40.4819],[29.0657,40.4819],[29.1515,40.4341],[29.0901,40.4272],[29.0516,40.3673],[28.9387,40.3652],[28.772,40.4025],[28.6377,40.3652],[28.5454,40.3913],[28.4588,40.3795],[28.4868,40.3999],[28.348,40.404],[28.112,40.3961],[27.9447,40.366],[27.9085,40.3742],[27.904,40.3999],[28.0168,40.4511],[28.0344,40.4744],[27.9699,40.503],[27.7804,40.5153],[27.76,40.5371],[27.6843,40.4962],[27.7502,40.4576],[27.7918,40.3929],[27.8836,40.3863],[27.7898,40.3205],[27.688,40.3138],[27.613,40.331],[27.5233,40.3088],[27.4523,40.322],[27.3376,40.3703],[27.2944,40.4062],[27.3286,40.4136],[27.287,40.4682],[27.2153,40.4477],[27.0964,40.4523],[26.9915,40.3886],[26.8972,40.4062],[26.7356,40.4036],[26.5007,40.213],[26.408,40.1937],[26.3932,40.1082],[26.3694,40.1029],[26.3622,40.0635],[26.311,40.0195],[26.2512,39.9949],[26.1886,40.0018],[26.1526,39.9426],[26.1567,39.899],[26.1364,39.8376],[26.155,39.8262],[26.1364,39.7557],[26.1636,39.7042],[26.1567,39.6492],[26.1107,39.5979],[26.07,39.4963],[26.0742,39.4745],[26.113,39.4592],[26.2493,39.4656],[26.2866,39.4876],[26.3622,39.4814],[26.4568,39.5212],[26.8079,39.5707],[26.8329,39.5568],[26.8934,39.5844],[26.9377,39.5748],[26.9451,39.5396],[26.9299,39.4877],[26.8679,39.4715],[26.8508,39.4398],[26.801,39.4335],[26.801,39.4062],[26.8147,39.3994],[26.6703,39.306],[26.6707,39.2827],[26.6359,39.2969],[26.6538,39.3065],[26.6455,39.3176],[26.6092,39.2752],[26.7188,39.2629],[26.7378,39.1972],[26.8237,39.1491],[26.8753,39.0909],[26.8731,39.0629],[26.7936,39.022],[26.8147,39.022],[26.7992,38.9984],[26.8065,38.9501],[26.8662,38.9134],[26.9246,38.9401],[26.9624,38.9401],[26.9826,38.9196],[27.0413,38.9401],[27.0579,38.9185],[27.0413,38.8917],[27.0627,38.8869],[27.0335,38.8605],[27.0134,38.8712],[26.9588,38.8445],[26.9714,38.8192],[26.9608,38.8061],[26.9439,38.8087],[26.9377,38.8302],[26.8972,38.8166],[26.9351,38.7705],[26.9314,38.7551],[26.8972,38.7483],[26.9035,38.7346],[26.8182,38.7554],[26.7191,38.7209],[26.7532,38.6663],[26.7191,38.6527],[26.7595,38.6384],[26.7532,38.6179],[26.801,38.6117],[26.7936,38.5974],[26.8342,38.6082],[26.8489,38.5974],[26.8352,38.549],[26.8898,38.508],[26.8147,38.5428],[26.8976,38.4947],[26.9451,38.4466],[26.9354,38.4349],[27.0223,38.4625],[27.1642,38.4534],[27.0886,38.4022],[27.0134,38.4125],[26.9246,38.3777],[26.7951,38.3586],[26.7874,38.3715],[26.7669,38.3641],[26.7254,38.4329],[26.7024,38.4302],[26.6707,38.3852],[26.6775,38.3436],[26.7,38.3258],[26.6731,38.3072],[26.6221,38.4053],[26.5881,38.4187],[26.6052,38.4538],[26.5881,38.4609],[26.6433,38.4677],[26.6304,38.5192],[26.5056,38.6527],[26.4656,38.6727],[26.403,38.6773],[26.3563,38.6617],[26.349,38.6355],[26.3696,38.5353],[26.4038,38.4875],[26.3879,38.4542],[26.4408,38.4728],[26.513,38.4329],[26.4891,38.4062],[26.4515,38.4261],[26.4759,38.3669],[26.4175,38.3367],[26.3833,38.3436],[26.385,38.3184],[26.3143,38.3367],[26.3211,38.3777],[26.3076,38.3579],[26.2941,38.3699],[26.2889,38.3406],[26.3076,38.3231],[26.2859,38.3187],[26.2654,38.2867],[26.2388,38.2958],[26.2346,38.2738],[26.354,38.2283],[26.3901,38.2617],[26.3901,38.2238],[26.4175,38.2002],[26.4175,38.2206],[26.4917,38.174],[26.5193,38.1797],[26.5238,38.1474],[26.5569,38.1223],[26.5676,38.145],[26.595,38.1039],[26.6122,38.1179],[26.6092,38.145],[26.6229,38.1387],[26.6359,38.2036],[26.7603,38.2167],[26.7761,38.1652],[26.7936,38.1723],[26.8352,38.1313],[26.8421,38.0761],[26.8731,38.0351],[26.8934,38.0562],[26.9754,38.0653],[27.0559,38.0457],[27.0702,38.02],[27.1411,37.986],[27.2391,37.9879],[27.2748,37.929],[27.2391,37.8644],[27.2616,37.8035],[27.2495,37.7443],[27.2131,37.7134],[27.1272,37.6885],[27.0208,37.6863],[27.0115,37.6657],[27.2085,37.5969],[27.2093,37.5633],[27.1804,37.5446],[27.1904,37.5127],[27.1777,37.4665],[27.2225,37.4768],[27.2262,37.4051],[27.2051,37.3983],[27.1908,37.3573],[27.2461,37.3362],[27.3303,37.3516],[27.3218,37.3709],[27.3462,37.3706],[27.3703,37.4051],[27.4072,37.4127],[27.4385,37.3908],[27.3967,37.3656],[27.3968,37.3231],[27.4461,37.3056],[27.4685,37.3156],[27.4727,37.3437],[27.4914,37.3273],[27.4636,37.252],[27.5088,37.2681],[27.5178,37.246],[27.5,37.2338],[27.5147,37.2293],[27.5532,37.2729],[27.616,37.2747],[27.5894,37.2307],[27.5886,37.2111],[27.6099,37.1997],[27.5755,37.1785],[27.5877,37.1988],[27.5278,37.1928],[27.5545,37.1301],[27.5755,37.1376],[27.5651,37.1256],[27.4598,37.0895],[27.4385,37.124],[27.3866,37.1301],[27.3833,37.1518],[27.3423,37.1301],[27.3218,37.1587],[27.3218,37.124],[27.2529,37.124],[27.2604,37.1103],[27.2944,37.1103],[27.2391,37.083],[27.2288,37.0618],[27.2632,36.9634],[27.3081,36.9594],[27.3006,36.9731],[27.3265,36.986],[27.3286,37.0141],[27.3765,37.0277],[27.3833,36.9936],[27.3968,37.0277],[27.4081,37.0168],[27.4385,37.0277],[27.4727,36.9936],[27.5283,36.9913],[27.562,36.9731],[27.5671,36.9966],[27.6365,36.9805],[27.6877,37.0054],[27.7804,36.9936],[27.7879,37.0079],[27.9866,37.0351],[28.11,37.0141],[28.1073,37.0321],[28.1262,37.0359],[28.3047,37.0508],[28.3294,37.0368],[28.2466,37.0079],[28.2446,36.9882],[28.2124,37.0004],[28.1989,36.9805],[28.2124,36.9731],[28.1852,36.9389],[28.1572,36.9458],[28.1653,36.9116],[28.1572,36.9321],[28.0418,36.9389],[28.0617,36.9259],[28.0275,36.9259],[28.0418,36.9116],[28.0213,36.9116],[28.0554,36.8707],[28.007,36.857],[28.0246,36.8391],[28.007,36.8291],[28.0396,36.8266],[28.0554,36.8086],[28.0275,36.7813],[27.8971,36.8123],[27.7991,36.8066],[27.76,36.7813],[27.6912,36.7843],[27.6454,36.8065],[27.6234,36.8017],[27.6115,36.7653],[27.4496,36.754],[27.4143,36.7093],[27.3558,36.7124],[27.3628,36.6851],[27.3941,36.6841],[27.4043,36.6652],[27.4727,36.6509],[27.5545,36.6851],[27.6712,36.6578],[27.6843,36.7267],[27.7194,36.7563],[27.8065,36.7608],[27.8562,36.7404],[27.9124,36.7541],[27.9177,36.7404],[28.0344,36.7751],[28.0472,36.7633],[28.095,36.8014],[28.1184,36.8006],[28.1305,36.754],[28.11,36.7751],[28.0822,36.7471],[28.1169,36.7335],[28.1164,36.7188],[28.0418,36.7199],[27.9661,36.6888],[28.0296,36.6704],[28.0379,36.6906],[28.0612,36.6647],[28.048,36.6379],[28.0759,36.6578],[28.0896,36.6441],[28.0344,36.6025],[27.9592,36.6025],[27.9777,36.5657],[28.0037,36.5619],[28.0138,36.5759],[28.0359,36.5648],[28.0617,36.5963],[28.0881,36.5891],[28.1115,36.6042],[28.1623,36.6727],[28.2336,36.6994],[28.2336,36.7199],[28.2466,36.7124],[28.2673,36.7309],[28.2951,36.7199],[28.2886,36.7426],[28.2489,36.7668],[28.2367,36.8132],[28.2572,36.8462],[28.2731,36.852],[28.315,36.8291],[28.2783,36.8142],[28.2782,36.7965],[28.315,36.795],[28.315,36.8161],[28.396,36.7895],[28.4248,36.8291],[28.3767,36.8544],[28.4362,36.8647],[28.452,36.8836],[28.4663,36.8533],[28.4526,36.8496],[28.4561,36.8285],[28.5005,36.8161],[28.4868,36.8017],[28.5278,36.7888],[28.5244,36.8133],[28.5462,36.8234],[28.5759,36.8195],[28.5967,36.795],[28.6104,36.8161],[28.6167,36.767],[28.6035,36.7335],[28.6234,36.6994],[28.6492,36.7183],[28.6649,36.6926],[28.7017,36.7051],[28.7463,36.6977],[28.7827,36.6774],[28.7879,36.6509],[28.8425,36.6379],[28.8186,36.6208],[28.8289,36.6025],[28.8696,36.6066],[28.8635,36.6168],[28.9017,36.6583],[28.884,36.6715],[28.888,36.6484],[28.8704,36.6305],[28.8499,36.6652],[28.8625,36.6679],[28.8635,36.6926],[28.8977,36.6994],[28.8909,36.7124],[28.939,36.7513],[28.9563,36.7275],[29.0964,36.6652],[29.1169,36.6342],[29.0906,36.6271],[29.0964,36.6441],[29.0558,36.6142],[29.0418,36.6243],[29.0205,36.5895],[29.0369,36.5615],[29.0144,36.5479],[29.1149,36.5527],[29.1243,36.4933],[29.0964,36.4735],[29.1242,36.4536],[29.1304,36.4114],[29.0964,36.3909],[29.1447,36.3772],[29.1447,36.3493],[29.1585,36.3568],[29.2346,36.3243],[29.3496,36.2326],[29.3816,36.2639],[29.4116,36.2674],[29.4204,36.2306],[29.4321,36.2401],[29.4945,36.211],[29.6239,36.1991],[29.5835,36.1855],[29.6421,36.187],[29.6374,36.1724],[29.6239,36.178],[29.634,36.157],[29.6682,36.1438],[29.6724,36.1234],[29.7192,36.1627],[29.7754,36.1581],[29.7617,36.137],[29.7796,36.1394],[29.8231,36.165],[29.8026,36.1718],[29.8369,36.178],[29.8301,36.1855],[29.9165,36.2191],[29.9885,36.2178],[30.0559,36.2469],[30.0348,36.2543],[30.0482,36.2588],[30.1106,36.2401],[30.131,36.2742],[30.1447,36.2543],[30.1585,36.2987],[30.2546,36.3083],[30.3605,36.2686],[30.3843,36.2742],[30.4004,36.2481],[30.3986,36.206],[30.4274,36.2264],[30.488,36.2878],[30.4668,36.2878],[30.4788,36.3086],[30.5199,36.3419],[30.4942,36.3493],[30.5016,36.3636],[30.4746,36.4016],[30.5208,36.4897],[30.5698,36.528],[30.5835,36.5963],[30.5562,36.6379],[30.5767,36.6789],[30.5698,36.7813],[30.6017,36.8381],[30.6865,36.8912],[30.7759,36.8496],[30.9397,36.857],[31.3408,36.8086],[31.3763,36.7919],[31.3786,36.7676],[31.7366,36.6423],[31.8167,36.5895],[32.0188,36.5465],[32.1021,36.4862],[32.1743,36.4024],[32.1921,36.3584],[32.2761,36.2878],[32.2873,36.2448],[32.3655,36.178],[32.5134,36.103],[32.5679,36.0961],[32.6707,36.0467],[32.8037,36.0272],[32.9409,36.1035],[33.0877,36.0828],[33.1569,36.137],[33.2124,36.1241],[33.3084,36.1322],[33.3268,36.1501],[33.3865,36.137],[33.4583,36.1581],[33.5442,36.1445],[33.5305,36.1308],[33.5523,36.1275],[33.6472,36.1926],[33.6882,36.137],[33.7053,36.1817],[33.7428,36.2134],[33.7991,36.2307],[33.8247,36.2599],[33.811,36.2674],[33.8711,36.3149],[33.9309,36.2905],[33.9509,36.2377],[33.9414,36.2134],[33.959,36.2136],[33.9998,36.3029],[34.0779,36.3288],[34.0773,36.4139],[34.1777,36.4734],[34.2762,36.587],[34.4152,36.6629],[34.5547,36.7676],[34.6929,36.8139],[34.7708,36.8161],[34.9079,36.7404],[34.9004,36.7199],[34.9823,36.7208],[35.346,36.5411],[35.4455,36.5963],[35.531,36.5827],[35.4787,36.5985],[35.49,36.6139],[35.5571,36.5875],[35.6235,36.6025],[35.658,36.6752],[35.6956,36.7062],[35.6087,36.6469],[35.6226,36.6807],[35.7092,36.7199],[35.6648,36.7124],[35.6481,36.7332],[35.634,36.7267],[35.634,36.6994],[35.6198,36.7124],[35.6169,36.6962],[35.5945,36.7017],[35.5794,36.6851],[35.573,36.7007],[35.6067,36.7404],[35.6135,36.7199],[35.6477,36.754],[35.6841,36.7646],[35.8054,36.7751],[35.985,36.9156],[36.0586,36.9184],[36.1299,36.8693],[36.189,36.8017],[36.2162,36.6578],[36.1891,36.604],[36.0449,36.5377],[35.9902,36.4796],[35.9187,36.4482],[35.9085,36.4182],[35.7887,36.3203],[35.7986,36.2817],[35.841,36.2445],[35.9484,36.0878],[35.9754,36.0185],[35.9767,36.001],[35.8709,35.8518],[35.7986,35.8497],[35.8359,35.79],[35.8403,35.7475],[35.8001,35.6815],[35.7712,35.6678],[35.7785,35.6127],[35.7234,35.5759],[35.7433,35.5821],[35.7371,35.5617],[35.7781,35.5412],[35.7705,35.5042],[35.8184,35.5089],[35.919,35.4177],[35.929,35.3215],[35.9153,35.2879],[35.9624,35.1979],[35.8879,35.1092],[35.9006,35.0219],[35.8735,34.9788],[35.8814,34.945],[35.8669,34.9242],[35.9868,34.6208],[35.9832,34.5386],[35.9033,34.478],[35.8054,34.4649],[35.8236,34.4345],[35.8062,34.415],[35.7507,34.3898],[35.7058,34.3166],[35.6887,34.3283],[35.6652,34.3113],[35.6477,34.2222],[35.6272,34.2011],[35.6477,34.1191],[35.627,34.0443],[35.6409,33.9994],[35.6135,33.9932],[35.572,33.91],[35.4705,33.9021],[35.4832,33.8725],[35.4773,33.8039],[35.3944,33.65],[35.3491,33.5139],[35.271,33.4575],[35.2248,33.312],[35.1883,33.28],[35.2092,33.2546],[35.2048,33.2248],[35.1747,33.1702],[35.1618,33.1769],[35.1476,33.1403],[35.0996,33.1013],[35.0671,32.8668],[35.0277,32.8266],[34.9556,32.8344],[34.9098,32.5703],[34.8377,32.2807],[34.7119,31.9516],[34.6096,31.7655],[34.4434,31.5346],[34.2227,31.3266],[34.047,31.2292],[33.8543,31.1635],[33.648,31.1173],[33.4995,31.1281],[33.4064,31.1554],[33.4064,31.1373],[33.3777,31.1326],[33.3865,31.1144],[33.2772,31.1069],[33.3176,31.1008],[33.3032,31.0998],[33.304,31.0797],[33.2625,31.1008],[33.1948,31.0734],[33.2214,31.0598],[33.1333,31.0456],[33.1447,31.0779],[33.119,31.1069],[33.1577,31.1179],[33.0986,31.1833],[33.1265,31.1895],[33.1094,31.1964],[33.0303,31.1622],[32.9846,31.1095],[32.9544,31.1069],[33.0303,31.1008],[33.0643,31.1349],[33.0575,31.1008],[33.0091,31.0865],[33.0234,31.0734],[33.0099,31.0563],[32.9613,31.066],[32.9751,31.066],[32.9688,31.0865],[32.9271,31.1118],[32.9136,31.1008],[32.9409,31.0933],[32.9172,31.0828],[32.8931,31.1008],[32.7695,31.0456],[32.7007,31.0387],[32.715,31.0523],[32.6665,31.0523],[32.8396,31.1012],[32.9273,31.1554],[32.762,31.0812],[32.6016,31.061],[32.5095,31.1069],[32.3899,31.2265],[32.3442,31.2419],[32.3314,31.2714],[32.207,31.2951],[32.2141,31.2783],[32.283,31.2653],[32.2705,31.2576],[32.2951,31.2134],[32.2898,31.1696],[32.2625,31.1696],[32.2835,31.1365],[32.2341,31.1049],[32.1838,31.1249],[32.1799,31.1069],[32.1663,31.1144],[32.1528,31.1066],[32.1594,31.0933],[32.1384,31.0933],[32.1463,31.0797],[32.098,31.0933],[32.1074,31.0728],[32.1321,31.066],[32.1065,31.0534],[32.0838,31.066],[32.0838,31.0844],[32.044,31.0865],[32.0701,31.1069],[32.0501,31.1418],[32.0161,31.1281],[32.0369,31.1503],[32.0371,31.2168],[32.0093,31.2106],[31.9866,31.2303],[31.9264,31.187],[31.9266,31.2106],[31.8994,31.2032],[31.9063,31.2168],[31.8926,31.2168],[31.9063,31.2236],[31.9063,31.2516],[31.8858,31.2236],[31.8342,31.2516],[31.8206,31.2783],[31.7669,31.2847],[31.7959,31.311],[31.7972,31.3595],[31.8584,31.354],[31.8279,31.3684],[31.8447,31.395],[31.8304,31.4086],[31.8789,31.4161],[31.8548,31.4232],[31.8584,31.4433],[31.8242,31.4433],[31.8416,31.4645],[31.8789,31.4291],[31.8652,31.498],[31.8447,31.498],[31.8509,31.5185],[31.8652,31.5123],[31.8652,31.5253],[31.8789,31.5185],[31.8895,31.532],[31.918,31.524],[31.9935,31.4378],[31.9683,31.4365],[31.995,31.395],[32.1996,31.2951],[32.0249,31.4001],[31.9448,31.5209],[31.8744,31.5356],[31.7483,31.4816],[31.5568,31.4433],[31.221,31.5799],[31.0974,31.6079],[30.978,31.5843],[31.0232,31.583],[31.1111,31.5397],[31.1304,31.517],[31.1111,31.5123],[31.1292,31.5045],[31.1192,31.4931],[31.0713,31.5173],[31.0291,31.5185],[30.9807,31.4365],[30.9397,31.457],[30.9397,31.4433],[30.8924,31.4191],[30.7985,31.4465],[30.7562,31.423],[30.7344,31.3881],[30.6751,31.4216],[30.6267,31.3887],[30.5427,31.4024],[30.5579,31.4222],[30.6281,31.4343],[30.9739,31.5867],[30.5358,31.4639],[30.4564,31.4627],[30.3622,31.5087],[30.3706,31.4616],[30.3986,31.4433],[30.3646,31.4601],[30.3439,31.498],[30.3484,31.4213],[30.3128,31.3506],[30.2517,31.3034],[30.1795,31.2783],[30.2546,31.2783],[30.2409,31.2653],[30.2876,31.2782],[30.303,31.2714],[30.2887,31.2379],[30.2688,31.2653],[30.2614,31.2441],[30.2205,31.2202],[30.2017,31.2265],[30.2068,31.2379],[30.1652,31.2168],[30.1401,31.2372],[30.1726,31.2714],[30.0949,31.2856],[30.0667,31.3049],[30.0696,31.3335],[29.8982,31.2032],[29.877,31.2136],[29.8635,31.1964],[29.8846,31.1895],[29.8384,31.1541],[29.7815,31.1479],[29.766,31.1216],[29.5033,30.9567],[29.2189,30.838],[29.0281,30.8271],[28.8357,30.9108],[28.812,30.9568],[28.5276,31.0501],[28.4785,31.0518],[28.4243,31.0834],[28.3184,31.0598],[28.2039,31.0705],[28.1546,31.0933],[27.9269,31.099],[27.8971,31.1144],[27.8529,31.2403],[27.6603,31.1802],[27.6099,31.2032],[27.5877,31.1931],[27.4463,31.2232],[27.3936,31.2547],[27.3275,31.3792],[27.2461,31.3813],[27.2262,31.3677],[27.0544,31.4086],[26.9655,31.4497],[26.8657,31.4368],[26.7532,31.4775],[26.3622,31.5219],[25.9668,31.6166],[25.8241,31.6149],[25.4019,31.5032],[25.1909,31.5315],[25.1618,31.5836],[25.1563,31.6631],[25.1169,31.738],[25.0296,31.8369],[25.0334,31.9163],[25.0179,31.949],[24.9817,31.9679],[24.7337,32.0331],[24.6703,32.0324],[24.5461,31.9914],[24.0907,32.0058],[23.9707,32.0666],[23.9987,32.0939],[23.8403,32.1491],[23.6697,32.1833],[23.4053,32.1907],[23.362,32.2171],[23.2991,32.2242],[23.3122,32.1627],[23.2854,32.2038],[23.2435,32.2206],[23.1951,32.2917],[23.0806,32.3341],[23.0944,32.4365],[23.1087,32.4023],[23.1284,32.3955],[23.1489,32.4781],[23.1039,32.5163],[23.0944,32.5774],[23.1209,32.6152],[23.1061,32.6398],[22.5138,32.791],[22.3396,32.8821],[22.2068,32.8881],[22.1496,32.9479],[22.1167,32.9442],[22.0962,32.9231],[21.8775,32.9032],[21.7874,32.916],[21.7163,32.9504],[21.6087,32.9307],[21.4148,32.7934],[21.2868,32.7711],[21.051,32.7723],[20.7966,32.643],[20.5627,32.5578],[20.3855,32.4346],[20.3254,32.4098],[20.0715,32.1764],[19.9401,31.9578],[19.948,31.926],[19.9172,31.7592],[19.9548,31.5595],[20.0222,31.3968],[20.1033,31.3087],[20.1467,31.2168],[20.1467,31.0456],[20.0365,30.8191],[19.9822,30.7786],[19.9143,30.6829],[19.7489,30.5109],[19.6164,30.4214],[19.5305,30.3968],[19.3386,30.2988],[19.2398,30.274],[19.146,30.2647],[18.968,30.2777],[18.7805,30.3759],[18.6532,30.4223],[18.5684,30.5001],[18.3242,30.6569],[18.2083,30.7692],[17.9268,30.8552],[17.8486,30.9237],[17.4668,31.03],[17.3659,31.0866],[17.1603,31.1188],[16.9419,31.1833],[16.728,31.2238],[16.3587,31.2271],[16.0446,31.2755],[15.7615,31.3881],[15.6228,31.4973],[15.4904,31.6649],[15.3611,31.9653],[15.3645,32.1747],[15.3008,32.2608],[15.2831,32.3173],[15.182,32.3955],[14.9111,32.4439],[14.7268,32.4508],[14.6316,32.4957],[14.4695,32.519],[14.1853,32.7145],[13.9912,32.7446],[13.8303,32.7941],[13.5715,32.8028],[13.3517,32.9042],[13.2571,32.9186],[13.1647,32.9127],[13.0745,32.8664],[12.8244,32.8043],[12.7298,32.7986],[12.3039,32.8431],[12.1224,32.9213],[12.0807,32.9578],[11.847,33.0828],[11.6911,33.136],[11.7935,33.0808],[11.6358,33.1087],[11.5877,33.1323],[11.5602,33.1659],[11.4424,33.2047],[11.3519,33.2589],[11.4331,33.1935],[11.3722,33.1838],[11.2454,33.2179],[11.1795,33.2111],[11.1218,33.28],[11.1336,33.3114],[11.2937,33.2868],[11.1707,33.3318],[11.1311,33.3715],[11.1021,33.3641],[11.1108,33.393],[11.0899,33.4541],[11.1166,33.49],[11.1116,33.54],[11.0428,33.6179],[10.9846,33.6431],[10.9606,33.6277],[10.9362,33.6363],[10.9065,33.6164],[10.9328,33.574],[10.9094,33.5396],[10.7381,33.478],[10.7036,33.496],[10.6741,33.5456],[10.6914,33.5761],[10.7369,33.6028],[10.74,33.6716],[10.7166,33.7069],[10.6341,33.6736],[10.4893,33.6471],[10.3303,33.7028],[10.1631,33.8362],[10.0713,33.9462],[10.0215,34.0733],[10.0052,34.1706],[10.0328,34.1847],[10.1267,34.3256],[10.2472,34.3721],[10.2881,34.414],[10.3787,34.4231],[10.4319,34.4963],[10.466,34.5119],[10.5816,34.5327],[10.6253,34.6332],[10.7173,34.6647],[10.8113,34.7689],[10.8714,34.7974],[10.8563,34.8309],[10.9163,34.8736],[10.9177,34.9574],[11.0181,35.0342],[11.0159,35.0928],[11.1116,35.2056],[11.1592,35.2188],[11.1608,35.2382],[11.1013,35.2668],[11.0422,35.3344],[11.0507,35.4598],[11.0577,35.4867],[11.0851,35.5068],[11.0392,35.5185],[11.0149,35.5552],[11.0171,35.6023],[11.055,35.6145],[11.041,35.6377],[11.012,35.6579],[10.9718,35.6541],[10.8412,35.6988],[10.8245,35.7334],[10.8414,35.7665],[10.8231,35.7805],[10.7131,35.7792],[10.6086,35.8559],[10.5823,35.9218],[10.5186,35.98],[10.4795,36.0793],[10.4793,36.217],[10.5191,36.3375],[10.5509,36.3773],[10.5856,36.3981],[10.6204,36.3903],[10.7172,36.4346],[10.7999,36.4519],[11.0221,36.7883],[11.1168,36.8384],[11.1362,36.8705],[11.0945,36.9184],[11.0877,36.9594],[11.0483,37.0203],[11.0603,37.0625],[11.051,37.0803],[11.0127,37.0848],[10.9741,37.0613],[10.9021,37.0488],[10.8875,37.006],[10.7335,36.8958],[10.585,36.8762],[10.5187,36.7558],[10.437,36.7288],[10.3553,36.7312],[10.3201,36.7488],[10.2721,36.8161],[10.2472,36.7863],[10.1885,36.7976],[10.2107,36.8319],[10.2529,36.8463],[10.2796,36.8443],[10.2721,36.8291],[10.2988,36.8218],[10.3472,36.8803],[10.3137,36.9184],[10.2201,36.9766],[10.1824,37.027],[10.1743,37.0762],[10.2175,37.1103],[10.2244,37.0959],[10.2271,37.1177],[10.2113,37.1376],[10.1616,37.1343],[10.1281,37.1587],[10.178,37.178],[10.2058,37.1751],[10.2113,37.1587],[10.2721,37.1785],[10.1463,37.2365],[10.0759,37.2449],[10.0598,37.2648],[9.9798,37.246],[9.8825,37.2636],[9.8196,37.2276],[9.8612,37.2338],[9.925,37.2131],[9.9143,37.1783],[9.8799,37.1501],[9.8159,37.1518],[9.7718,37.2133],[9.8617,37.2712],[9.8589,37.3288],[9.7734,37.3305],[9.7446,37.3452],[9.6493,37.3319],[9.5915,37.3029],[9.5527,37.3095],[9.4539,37.2683],[9.4191,37.2758],[9.3425,37.2353],[9.2107,37.2338],[9.1592,37.1928],[9.0387,37.1518],[8.9876,37.1168],[8.9258,37.0389],[8.8244,36.9795],[8.6921,36.9694],[8.4976,36.9042],[8.2881,36.9259],[8.2332,36.9581],[8.05,36.8776],[7.9085,36.8496],[7.8665,36.8544],[7.7734,36.89],[7.7912,36.9184],[7.7743,36.9315],[7.7986,36.9936],[7.7708,36.9701],[7.7127,36.9632],[7.6745,36.9868],[7.5889,36.9876],[7.4902,37.055],[7.4561,37.042],[7.4046,37.0516],[7.3835,37.083],[7.3359,37.0693],[7.2927,37.0825],[7.2748,37.0693],[7.2227,37.0898],[7.1817,37.0767],[7.2505,37.0231],[7.2542,36.9947],[7.157,36.9147],[7.0923,36.9259],[6.9756,36.8912],[6.9094,36.8931],[6.822,36.9526],[6.5995,36.9731],[6.5442,37.0588],[6.4624,37.0939],[6.4158,37.093],[6.3387,37.0693],[6.2669,37.0178],[6.2568,36.9458],[6.197,36.9023],[5.8688,36.8229],[5.7337,36.8323],[5.5939,36.7739],[5.549,36.7097],[5.4649,36.6652],[5.3044,36.643],[5.2358,36.6509],[5.0902,36.7168],[5.1048,36.7813],[5.0459,36.7885],[5.0093,36.8161],[4.7871,36.8954],[4.5505,36.8837],[4.4407,36.9116],[4.3203,36.898],[4.262,36.9116],[4.2105,36.8912],[4.1595,36.9042],[4.1048,36.8837],[3.9483,36.8933],[3.8739,36.9172],[3.7419,36.8912],[3.6497,36.824],[3.4805,36.7772],[3.3405,36.7807],[3.2273,36.8123],[3.2105,36.7574],[3.1401,36.7416],[3.0142,36.8117],[2.9331,36.8086],[2.8499,36.7541],[2.793,36.6929],[2.6008,36.5963],[2.4473,36.5906],[2.4041,36.5992],[2.3733,36.6339],[2.3296,36.6373],[2.0599,36.5701],[1.7612,36.5616],[1.4528,36.528],[1.3677,36.5479],[1.117,36.4871],[1.0448,36.4869],[0.9456,36.4523],[0.9251,36.4182],[0.8648,36.3774],[0.7533,36.3386],[0.6441,36.3288],[0.4513,36.2232],[0.3423,36.206],[0.3211,36.1589],[0.2195,36.1165],[0.1273,36.0508],[0.0345,35.8633],[-0.0831,35.7944],[-0.1451,35.7904],[-0.2856,35.8283],[-0.3019,35.8428],[-0.3019,35.8776],[-0.3485,35.907],[-0.418,35.8838],[-0.4795,35.89],[-0.477,35.8594],[-0.5234,35.7797],[-0.5773,35.7708],[-0.5893,35.7425],[-0.6265,35.723],[-0.6925,35.7193],[-0.7113,35.743],[-0.8017,35.7739],[-0.8876,35.716],[-0.9227,35.7252],[-1.0329,35.6826],[-1.148,35.5821],[-1.1833,35.5765],[-1.2677,35.3903],[-1.364,35.3183],[-1.5104,35.2955],[-1.6377,35.1945],[-1.7128,35.1706],[-1.7611,35.1296],[-1.8127,35.1265],[-1.9565,35.075],[-2.0524,35.075],[-2.1569,35.101],[-2.2226,35.0893],[-2.4167,35.1492],[-2.5175,35.0994],[-2.6667,35.1082],[-2.7611,35.1433],[-2.8784,35.2463],[-2.8683,35.2174],[-2.7481,35.116],[-2.8561,35.1313],[-2.9051,35.1736],[-2.9123,35.2358],[-2.899,35.26],[-2.9481,35.3303],[-2.963,35.3735],[-2.9522,35.4331],[-2.9686,35.4464],[-3.0454,35.3144],[-3.0771,35.2879],[-3.118,35.2941],[-3.1951,35.2382],[-3.362,35.1945],[-3.591,35.2333],[-3.6996,35.2908],[-3.7471,35.2637],[-3.7648,35.2185],[-3.7875,35.2092],[-3.9039,35.2142],[-3.9295,35.2438],[-3.9094,35.2553],[-3.9193,35.2668],[-4.1306,35.2048],[-4.2694,35.1849],[-4.3476,35.1501],[-4.6283,35.2054],[-4.8106,35.26],[-4.865,35.302],[-4.9093,35.3145],[-4.9885,35.3879],[-5.0663,35.4175],[-5.1508,35.5161],[-5.2494,35.5846],[-5.2768,35.6852],[-5.3048,35.6852],[-5.3188,35.7017],[-5.3457,35.8326],[-5.3356,35.8624],[-5.2831,35.9117],[-5.3093,35.9008],[-5.3662,35.9248],[-5.4055,35.9265],[-5.4142,35.9094],[-5.4481,35.9185],[-5.599,35.8223],[-5.6935,35.8343],[-5.7693,35.7928],[-5.8734,35.802],[-5.9272,35.7807],[-6.0239,35.5012],[-6.2054,35.1246],[-6.2921,34.8808],[-6.5579,34.4177],[-6.6678,34.2805],[-6.8221,34.0396],[-6.9274,33.9442],[-7.0318,33.8743],[-7.2293,33.8009],[-7.3526,33.7247],[-7.4064,33.727],[-7.5291,33.6326],[-7.6062,33.6083],[-7.6676,33.6127],[-7.701,33.5828],[-7.8697,33.5266],[-7.8914,33.5034],[-8.2847,33.3898],[-8.3788,33.3047],[-8.4517,33.2642],[-8.5292,33.2687],[-8.621,33.1735],[-8.6291,33.1276],[-8.8678,32.8819],[-8.9985,32.7971],[-9.1122,32.6828],[-9.2599,32.5769],[-9.2783,32.5295],[-9.2488,32.4525],[-9.292,32.3508],[-9.2648,32.3306],[-9.2777,32.1966],[-9.3281,32.1304],[-9.3661,32.0263],[-9.6673,31.7311],[-9.6942,31.6257],[-9.8475,31.4024],[-9.8066,31.3435],[-9.8475,31.1213],[-9.8277,31.0674],[-9.8129,30.8271],[-9.8867,30.6867],[-9.8885,30.6483],[-9.8297,30.6286],[-9.7001,30.5427],[-9.6662,30.4593],[-9.6116,30.4044],[-9.6073,30.3776],[-9.6551,30.1269],[-9.7179,29.9966],[-9.8202,29.8389],[-10.053,29.5999],[-10.0809,29.5211],[-10.1418,29.4286],[-10.1776,29.4058],[-10.264,29.2841],[-10.302,29.2719],[-10.3479,29.2294],[-10.4509,29.0922],[-10.6124,28.9677],[-11.0631,28.7524],[-11.2665,28.5516],[-11.3259,28.5152],[-11.341,28.4797],[-11.4856,28.3256],[-12.0231,28.1196],[-12.0614,28.089],[-12.335,28.0473],[-12.5135,27.9954],[-12.6578,27.998],[-12.8389,27.9704],[-12.9681,27.9146],[-13.003,27.821],[-13.0452,27.7598],[-13.1713,27.685],[-13.2408,27.4654],[-13.3079,27.345],[-13.3011,27.3244],[-13.4025,27.1772],[-13.4803,26.9117],[-13.5611,26.7491],[-13.62,26.6889],[-13.9237,26.5009],[-14.0469,26.4444],[-14.1802,26.4244],[-14.2989,26.3022],[-14.4007,26.2663],[-14.4661,26.1942],[-14.4928,26.1327],[-14.4804,26.0878],[-14.4866,26.0154],[-14.5139,25.937],[-14.621,25.7836],[-14.6852,25.5909],[-14.7149,25.5256],[-14.7821,25.4469],[-14.8192,25.3302],[-14.8497,25.2142],[-14.8292,25.0502],[-14.8435,24.9876],[-14.836,24.9187],[-14.8956,24.7057],[-15.0,24.6145],[-15.0148,24.5624],[-15.0694,24.5273],[-15.1536,24.5056],[-15.204,24.4675],[-15.2982,24.3452],[-15.4447,24.2219],[-15.6201,24.0263],[-15.7681,23.9599],[-15.8712,23.8692],[-16.0098,23.6554],[-15.9949,23.645],[-15.9482,23.6843],[-15.8882,23.8107],[-15.8617,23.8362],[-15.7953,23.8566],[-15.7751,23.9119],[-15.7726,23.7878],[-15.8304,23.686],[-15.9055,23.6103],[-15.9565,23.5317],[-15.9812,23.4458],[-16.0604,23.3446],[-16.1393,23.1785],[-16.2131,23.0944],[-16.2202,23.0759],[-16.1595,23.0825],[-16.1632,22.9932],[-16.2386,22.9116],[-16.2896,22.8998],[-16.2965,22.8321],[-16.3368,22.7537],[-16.3573,22.5831],[-16.4294,22.5104],[-16.4666,22.3774],[-16.5218,22.3149],[-16.6317,22.2739],[-16.659,22.2951],[-16.7068,22.2755],[-16.8166,22.1306],[-16.9298,21.9079],[-16.9669,21.7812],[-16.947,21.76],[-16.9477,21.736],[-16.968,21.6973],[-16.9711,21.5926],[-17.0128,21.4452],[-17.1002,20.8376],[-17.0569,20.7669],[-17.0279,20.8542],[-17.0494,20.9035],[-17.0044,20.9324],[-16.9972,21.0185],[-17.0084,21.0134],[-17.0159,21.0312],[-16.9176,21.1592],[-16.8166,20.986],[-16.8032,20.9374],[-16.7887,20.924],[-16.7751,20.9376],[-16.7102,20.77],[-16.6711,20.7371],[-16.659,20.698],[-16.6727,20.6776],[-16.6212,20.6465],[-16.5423,20.5609],[-16.5284,20.5986],[-16.5293,20.739],[-16.5013,20.726],[-16.4808,20.6751],[-16.4087,20.675],[-16.4672,20.6496],[-16.4467,20.6365],[-16.4296,20.6442],[-16.4239,20.6013],[-16.3912,20.5695],[-16.34,20.4411],[-16.3479,20.4175],[-16.3232,20.3964],[-16.2951,20.3306],[-16.2675,20.2982],[-16.2376,20.29],[-16.2023,20.2333],[-16.2117,20.1756],[-16.2396,20.1381],[-16.2611,20.1357],[-16.2184,20.0579],[-16.2225,20.0036],[-16.3133,19.8897],[-16.3056,19.873],[-16.2665,19.9137],[-16.248,19.9029],[-16.2578,19.8642],[-16.2549,19.8483],[-16.2338,19.862],[-16.248,19.8278],[-16.2338,19.7936],[-16.3846,19.5739],[-16.4225,19.5438],[-16.4316,19.5059],[-16.4672,19.4641],[-16.4651,19.4125],[-16.4399,19.4132],[-16.4263,19.4825],[-16.3647,19.5393],[-16.3505,19.5466],[-16.3915,19.4641],[-16.3073,19.5436],[-16.2859,19.5427],[-16.2849,19.5293],[-16.3592,19.4158],[-16.4078,19.3892],[-16.4637,19.3815],[-16.5218,19.3964],[-16.5355,19.3808],[-16.5048,19.35],[-16.4672,19.2593],[-16.3683,19.2215],[-16.2828,19.1304],[-16.2046,18.9827],[-16.1656,18.8442],[-16.173,18.7931],[-16.132,18.6286],[-16.0694,18.484],[-16.0242,17.9602],[-16.049,17.6672],[-16.1726,17.2624],[-16.2781,17.0407],[-16.3431,16.9423],[-16.3578,16.8747],[-16.4592,16.6439],[-16.4672,16.4929],[-16.5293,16.3327],[-16.5392,16.2672],[-16.5273,15.9774],[-16.5389,15.7744],[-16.8782,15.2331],[-17.1387,14.9277],[-17.3221,14.839],[-17.371,14.8003],[-17.536,14.7574],[-17.4398,14.6538],[-17.4268,14.6749],[-17.4398,14.6885],[-17.4193,14.709],[-17.4398,14.7221],[-17.4174,14.7377],[-17.3306,14.7363],[-17.2241,14.6904],[-17.1378,14.599],[-17.0705,14.4654],[-16.9565,14.3901],[-16.9396,14.3559],[-16.9455,14.3014],[-16.8989,14.26],[-16.8787,14.1745],[-16.8208,14.1435],[-16.786,14.0597],[-16.7751,13.8388],[-16.7689,13.9617],[-16.7171,14.0424],[-16.7279,14.0647],[-16.6786,14.0761],[-16.6523,14.0995],[-16.6968,14.0647],[-16.7211,14.0163],[-16.6542,14.0028],[-16.6317,14.0101],[-16.6003,14.0542],[-16.5565,14.0715],[-16.5132,14.151],[-16.4604,14.1541],[-16.4687,14.1938],[-16.453,14.2018],[-16.4547,14.1802],[-16.4277,14.1701],[-16.3647,14.1678],[-16.4047,14.1454],[-16.4415,14.1566],[-16.5907,14.0436],[-16.5683,14.0303],[-16.5423,14.0373],[-16.5768,14.011],[-16.5764,13.989],[-16.599,13.9968],[-16.6379,13.9617],[-16.6463,13.983],[-16.7025,13.99],[-16.7468,13.9514],[-16.7424,13.8394],[-16.7001,13.769],[-16.6379,13.8456],[-16.5494,13.8693],[-16.487,14.0026],[-16.5157,13.8798],[-16.5006,13.8727],[-16.487,13.8046],[-16.5129,13.8133],[-16.5218,13.8518],[-16.5565,13.8456],[-16.5491,13.8245],[-16.5764,13.8388],[-16.6271,13.7705],[-16.64,13.6965],[-16.618,13.6601],[-16.5793,13.6596],[-16.5315,13.7073],[-16.5293,13.7426],[-16.5089,13.7402],[-16.5293,13.701],[-16.5082,13.688],[-16.5758,13.6403],[-16.5491,13.5639],[-16.5565,13.4856],[-16.5035,13.4169],[-16.5218,13.359],[-16.412,13.3385],[-16.3219,13.3428],[-16.3021,13.3528],[-16.3164,13.3659],[-16.2891,13.4068],[-16.2806,13.3598],[-16.1604,13.4506],[-16.0902,13.4405],[-15.7699,13.4651],[-15.6721,13.503],[-15.6107,13.4893],[-15.5561,13.5283],[-15.4908,13.503],[-15.4652,13.5102],[-15.4158,13.4732],[-15.3517,13.4567],[-15.3218,13.4582],[-15.2947,13.4962],[-15.3048,13.4553],[-15.3406,13.4408],[-15.4189,13.4546],[-15.4511,13.4909],[-15.5004,13.4882],[-15.5434,13.5097],[-15.6208,13.4548],[-15.6687,13.4757],[-15.7645,13.4369],[-15.8713,13.4409],[-15.9949,13.413],[-16.1612,13.4287],[-16.2162,13.3727],[-16.2271,13.3337],[-16.1993,13.2591],[-16.1513,13.2764],[-16.2276,13.256],[-16.2301,13.3164],[-16.258,13.3249],[-16.3747,13.2639],[-16.3846,13.2839],[-16.4399,13.2764],[-16.4153,13.267],[-16.3778,13.215],[-16.3998,13.2243],[-16.4194,13.2082],[-16.4197,13.2556],[-16.4952,13.2879],[-16.5458,13.2901],[-16.5907,13.3385],[-16.5955,13.3851],[-16.6243,13.4272],[-16.5853,13.4433],[-16.5907,13.4614],[-16.6169,13.4782],[-16.6523,13.4682],[-16.6788,13.4962],[-16.7629,13.405],[-16.81,13.3799],[-16.8297,13.3385],[-16.795,13.2359],[-16.7967,13.1772],[-16.7755,13.1127],[-16.7867,13.0901],[-16.7537,13.065],[-16.7478,13.0403],[-16.7552,12.9035],[-16.803,12.814],[-16.7941,12.795],[-16.7751,12.8109],[-16.7701,12.7934],[-16.7962,12.7488],[-16.7962,12.7153],[-16.734,12.7514],[-16.699,12.7364],[-16.7006,12.7216],[-16.7355,12.7329],[-16.7771,12.678],[-16.7809,12.6088],[-16.7546,12.5722],[-16.6472,12.6322],[-16.651,12.7053],[-16.6037,12.7625],[-16.5969,12.7973],[-16.5907,12.762],[-16.6379,12.6936],[-16.6347,12.6694],[-16.5988,12.664],[-16.5702,12.6936],[-16.5082,12.6254],[-16.5013,12.7079],[-16.4923,12.6817],[-16.4672,12.6738],[-16.4928,12.6489],[-16.4896,12.6318],[-16.371,12.5645],[-16.3238,12.6096],[-16.155,12.6117],[-16.0768,12.639],[-16.0489,12.6564],[-16.0221,12.729],[-15.9812,12.6527],[-15.9527,12.6437],[-15.9533,12.6254],[-15.9133,12.6012],[-15.8605,12.6117],[-15.8335,12.5913],[-15.7677,12.6254],[-15.6664,12.6007],[-15.6721,12.5707],[-15.641,12.5595],[-15.5425,12.6494],[-15.5495,12.7943],[-15.453,12.8314],[-15.4071,12.8223],[-15.3916,12.8382],[-15.394,12.8102],[-15.4068,12.7997],[-15.4462,12.8246],[-15.4664,12.7965],[-15.5349,12.783],[-15.5299,12.6658],[-15.5098,12.6358],[-15.5877,12.558],[-15.6334,12.5395],[-15.6659,12.5402],[-15.6995,12.5837],[-15.7296,12.5915],[-15.7688,12.5926],[-15.84,12.5571],[-15.8639,12.5776],[-15.9396,12.5806],[-15.9903,12.6229],[-16.0298,12.633],[-16.1929,12.5776],[-16.2122,12.6064],[-16.2467,12.588],[-16.3096,12.598],[-16.371,12.5502],[-16.5048,12.598],[-16.5224,12.5931],[-16.5333,12.5653],[-16.5797,12.6328],[-16.6788,12.5502],[-16.7317,12.5521],[-16.7814,12.5229],[-16.803,12.4854],[-16.7987,12.4309],[-16.7441,12.3789],[-16.7211,12.3237],[-16.6615,12.3323],[-16.6037,12.2765],[-16.5764,12.2827],[-16.5389,12.256],[-16.5006,12.1966],[-16.4576,12.1719],[-16.4157,12.1885],[-16.4058,12.2077],[-16.3915,12.194],[-16.3502,12.1972],[-16.3164,12.2827],[-16.3246,12.2222],[-16.3058,12.2144],[-16.2276,12.2827],[-16.1554,12.3],[-16.1075,12.3447],[-16.0631,12.351],[-16.1041,12.338],[-16.1484,12.2907],[-16.2574,12.2302],[-16.2686,12.2144],[-16.2611,12.1803],[-16.2775,12.1733],[-16.2828,12.194],[-16.3196,12.1717],[-16.3551,12.0873],[-16.3232,11.9953],[-16.2754,11.9811],[-16.243,11.9254],[-16.1588,11.9134],[-16.1246,11.8854],[-16.0557,11.9202],[-15.9679,11.927],[-15.9447,11.9531],[-15.9464,11.9836],[-15.9328,11.9748],[-15.9328,11.9953],[-15.8896,12.0026],[-15.8639,12.0295],[-15.8371,12.0139],[-15.782,12.0158],[-15.7615,11.9953],[-15.7137,12.0158],[-15.7205,11.9674],[-15.7676,11.9787],[-15.782,12.0028],[-15.8653,11.9722],[-15.8978,11.9096],[-15.932,11.8796],[-15.9696,11.7683],[-15.959,11.7348],[-15.9055,11.7619],[-15.8943,11.8162],[-15.8776,11.824],[-15.88,11.7744],[-15.8502,11.7753],[-15.7956,11.8854],[-15.7342,11.8581],[-15.7915,11.8632],[-15.8304,11.7484],[-15.5933,11.8446],[-15.4974,11.937],[-15.4044,11.9672],[-15.2151,11.9096],[-15.0797,11.9879],[-15.0176,11.9815],[-14.994,11.9637],[-15.0231,11.9511],[-15.0702,11.8607],[-15.0467,11.8235],[-14.9968,11.8104],[-14.9514,11.7606],[-14.9254,11.7694],[-14.9359,11.753],[-14.9824,11.7541],[-15.0026,11.7835],[-15.0694,11.8036],[-15.0871,11.8703],[-15.067,11.9401],[-15.0899,11.9401],[-15.1892,11.8712],[-15.3978,11.8854],[-15.4189,11.8712],[-15.4387,11.8854],[-15.4631,11.84],[-15.5179,11.7927],[-15.5514,11.7331],[-15.5423,11.6834],[-15.4878,11.708],[-15.494,11.6664],[-15.4761,11.6544],[-15.4263,11.6937],[-15.4689,11.6058],[-15.4387,11.5571],[-15.4189,11.6118],[-15.4045,11.5845],[-15.3916,11.5981],[-15.3711,11.5913],[-15.3916,11.6596],[-15.3431,11.6049],[-15.35,11.6801],[-15.3364,11.6844],[-15.3226,11.6323],[-15.309,11.6664],[-15.2939,11.6531],[-15.2811,11.6698],[-15.3226,11.708],[-15.2886,11.7111],[-15.2681,11.7484],[-15.275,11.7185],[-15.2612,11.7011],[-15.2742,11.6766],[-15.2593,11.6768],[-15.2401,11.6937],[-15.2265,11.7551],[-15.1861,11.7216],[-15.2128,11.7279],[-15.2066,11.6937],[-15.2314,11.6813],[-15.228,11.6586],[-15.2128,11.6801],[-15.1893,11.6655],[-15.1719,11.7011],[-15.1487,11.6945],[-15.1308,11.708],[-15.1719,11.6596],[-15.1308,11.6527],[-15.1103,11.6868],[-15.1029,11.6664],[-15.1246,11.6385],[-15.0899,11.6186],[-15.0824,11.6433],[-15.062,11.6459],[-15.0799,11.598],[-15.0073,11.6118],[-15.0238,11.5827],[-15.1051,11.5729],[-15.1233,11.5455],[-15.1246,11.5702],[-15.144,11.5838],[-15.0899,11.5913],[-15.1159,11.6177],[-15.144,11.5981],[-15.1484,11.6288],[-15.1944,11.6428],[-15.2128,11.6217],[-15.1923,11.5913],[-15.2091,11.574],[-15.2339,11.5913],[-15.2265,11.6186],[-15.2811,11.6248],[-15.2401,11.577],[-15.2748,11.5781],[-15.2947,11.6049],[-15.3363,11.577],[-15.3165,11.5838],[-15.2899,11.5428],[-15.309,11.536],[-15.3096,11.5539],[-15.35,11.5634],[-15.3544,11.5251],[-15.412,11.5292],[-15.3978,11.4945],[-15.4206,11.5053],[-15.4325,11.4808],[-15.4387,11.5019],[-15.4735,11.4945],[-15.4767,11.468],[-15.453,11.4604],[-15.504,11.3686],[-15.5027,11.3367],[-15.4495,11.3471],[-15.4263,11.3852],[-15.3842,11.4047],[-15.3534,11.4633],[-15.331,11.4626],[-15.3617,11.3991],[-15.3431,11.3784],[-15.2681,11.433],[-15.3297,11.3685],[-15.3886,11.3699],[-15.4189,11.3271],[-15.4261,11.2865],[-15.4101,11.2792],[-15.4095,11.1896],[-15.3735,11.1738],[-15.3582,11.1442],[-15.2335,11.1225],[-15.235,11.2156],[-15.2066,11.2338],[-15.2145,11.0814],[-15.2711,11.0392],[-15.2301,10.9948],[-15.1308,11.1037],[-15.1246,11.132],[-15.0819,11.1402],[-15.0831,11.1661],[-15.0387,11.1826],[-15.0148,11.2275],[-15.0009,11.2168],[-15.021,11.1661],[-15.0006,11.1422],[-15.0421,11.1388],[-15.0421,11.1183],[-15.0657,11.1146],[-15.0994,11.0577],[-15.1172,10.9843],[-15.0831,10.9675],[-15.0483,10.9948],[-15.0968,10.9293],[-15.0148,10.96],[-15.0811,10.8782],[-15.0694,10.8371],[-15.0139,10.7826],[-14.9596,10.7683],[-14.9477,10.7876],[-14.9732,10.8201],[-14.9801,10.875],[-14.9398,10.8891],[-14.9111,10.9259],[-14.9596,10.9805],[-14.9111,10.96],[-14.8988,10.9932],[-14.9186,11.029],[-14.8944,11.0303],[-14.8746,10.9733],[-14.8435,10.9675],[-14.8107,11.0145],[-14.7955,10.9997],[-14.8013,10.9805],[-14.7415,10.9891],[-14.7268,11.0258],[-14.695,11.0385],[-14.6852,11.0637],[-14.6647,11.0358],[-14.7163,11.001],[-14.7318,10.9665],[-14.8168,10.9272],[-14.8139,10.9003],[-14.7951,10.8986],[-14.8087,10.8235],[-14.7726,10.8365],[-14.7405,10.8719],[-14.7541,10.803],[-14.7951,10.7683],[-14.7928,10.745],[-14.7603,10.6994],[-14.7231,10.7651],[-14.6647,10.8166],[-14.6514,10.81],[-14.6991,10.7563],[-14.7194,10.6994],[-14.7057,10.6863],[-14.6783,10.6931],[-14.7037,10.6708],[-14.6998,10.6431],[-14.6861,10.6482],[-14.6297,10.7064],[-14.5735,10.8124],[-14.5214,10.8508],[-14.5199,10.8854],[-14.5002,10.8911],[-14.5097,10.8425],[-14.5313,10.8235],[-14.5685,10.731],[-14.5902,10.6994],[-14.6073,10.7054],[-14.6152,10.6913],[-14.6287,10.6173],[-14.5964,10.6037],[-14.6505,10.5703],[-14.6647,10.5116],[-14.6578,10.4796],[-14.6374,10.4877],[-14.6135,10.4734],[-14.535,10.5082],[-14.548,10.4256],[-14.463,10.33],[-14.4626,10.2252],[-14.4525,10.2146],[-14.432,10.2344],[-14.3627,10.2312],[-14.2701,10.1597],[-14.2439,10.1823],[-14.2506,10.1405],[-14.2224,10.1061],[-14.1825,10.1295],[-14.1849,10.1519],[-14.1531,10.1563],[-14.1378,10.1792],[-14.1236,10.1626],[-14.1788,10.1103],[-14.1798,10.0903],[-14.1303,10.0489],[-14.0923,10.0686],[-14.0893,10.1383],[-13.9999,10.1997],[-14.0683,10.1181],[-14.0416,10.1013],[-14.0282,10.1166],[-13.9938,10.0762],[-14.0203,10.0944],[-14.0461,10.0795],[-14.0583,10.0253],[-13.9454,9.9669],[-13.9276,9.9359],[-13.8277,9.8554],[-13.7497,9.8635],[-13.702,9.9117],[-13.694,9.9538],[-13.6853,9.9465],[-13.682,9.9135],[-13.7498,9.7999],[-13.7289,9.7441],[-13.6613,9.7545],[-13.6505,9.777],[-13.6648,9.8366],[-13.6512,9.8428],[-13.6041,9.7802],[-13.5611,9.7882],[-13.6232,9.7274],[-13.6258,9.6473],[-13.7262,9.5111],[-13.5884,9.5691],[-13.5753,9.5272],[-13.5475,9.5002],[-13.529,9.5057],[-13.4867,9.5691],[-13.5207,9.4951],[-13.514,9.4496],[-13.4654,9.4182],[-13.3966,9.4394],[-13.432,9.3711],[-13.4078,9.287],[-13.3745,9.2728],[-13.3529,9.3388],[-13.3011,9.3568],[-13.3011,9.3159],[-13.3187,9.3295],[-13.3253,9.311],[-13.3222,9.2612],[-13.3079,9.2503],[-13.3153,9.1821],[-13.2806,9.165],[-13.2549,9.2448],[-13.2328,9.2674],[-13.2595,9.1964],[-13.1577,9.1855],[-13.2431,9.1697],[-13.3006,9.0846],[-13.3222,9.0831],[-13.3216,9.0566],[-13.285,9.017],[-13.2884,8.9695],[-13.267,8.9521],[-13.2549,8.9664],[-13.2402,8.9521],[-13.2328,8.9664],[-13.2257,8.9425],[-13.181,8.923],[-13.0751,8.9391],[-13.1426,8.9167],[-13.1577,8.8845],[-13.1304,8.8641],[-13.027,8.8697],[-12.9857,8.8571],[-13.185,8.8435],[-13.2009,8.8598],[-13.2402,8.8258],[-13.2412,8.6722],[-13.1685,8.5252],[-13.1441,8.5174],[-13.1434,8.5418],[-13.1075,8.581],[-13.109,8.6033],[-13.1366,8.6238],[-13.1229,8.6306],[-13.1626,8.654],[-13.1577,8.671],[-13.0819,8.6169],[-13.0541,8.6647],[-13.0267,8.6511],[-13.0663,8.6068],[-13.0888,8.6027],[-13.0618,8.5832],[-12.9364,8.607],[-12.8759,8.6852],[-12.9311,8.5828],[-12.8697,8.5692],[-12.9072,8.548],[-13.0131,8.5617],[-13.0267,8.5207],[-13.0399,8.5268],[-13.1161,8.473],[-13.1256,8.449],[-13.0541,8.4177],[-13.0638,8.3992],[-13.0336,8.3767],[-13.0604,8.3727],[-13.1444,8.4312],[-13.193,8.4878],[-13.2868,8.5002],[-13.267,8.4627],[-13.2868,8.4245],[-13.1639,8.2744],[-13.1639,8.1713],[-13.0904,8.2246],[-12.9721,8.2539],[-12.9811,8.1862],[-12.9448,8.1645],[-12.9081,8.1074],[-12.8759,8.103],[-12.9118,8.0307],[-12.8884,7.9753],[-12.8213,7.9174],[-12.8867,7.9385],[-12.9591,7.9112],[-12.8287,7.7983],[-12.7598,7.8218],[-12.7875,7.8046],[-12.7781,7.7558],[-12.7012,7.7081],[-12.6019,7.6838],[-12.5196,7.7263],[-12.4722,7.7877],[-12.452,7.7741],[-12.4718,7.76],[-12.465,7.7331],[-12.493,7.7399],[-12.5439,7.6536],[-12.5196,7.6301],[-12.5196,7.6443],[-12.4855,7.6505],[-12.493,7.6164],[-12.4637,7.562],[-12.4036,7.5475],[-12.2693,7.5864],[-12.2563,7.6052],[-12.1838,7.6027],[-12.1881,7.5831],[-12.2384,7.568],[-12.2322,7.5537],[-12.2951,7.5331],[-12.4283,7.5336],[-12.4708,7.4912],[-12.4892,7.4451],[-12.4643,7.4296],[-12.4172,7.4308],[-12.3695,7.3898],[-12.4396,7.4165],[-12.4762,7.4151],[-12.5066,7.3898],[-11.8396,7.149],[-11.6982,7.067],[-11.6221,6.9858],[-11.5675,6.9926],[-11.588,6.9789],[-11.4928,6.9328],[-11.4411,6.8733],[-11.3819,6.8368],[-11.3683,6.8113],[-11.3749,6.7269],[-11.3532,6.7012],[-11.0536,6.5842],[-10.8959,6.499],[-10.8243,6.4377],[-10.8004,6.3899],[-10.7594,6.4042],[-10.7923,6.359],[-10.7724,6.3074],[-10.8004,6.3278],[-10.8079,6.3109],[-10.7883,6.293],[-10.6594,6.2275],[-10.4567,6.1775],[-10.3819,6.1292],[-10.3894,6.1522],[-10.4639,6.1975],[-10.4447,6.2038],[-10.3336,6.1361],[-10.3445,6.1227],[-10.3615,6.1292],[-10.3537,6.1024],[-10.2266,6.0436],[-10.115,5.9433],[-10.0555,5.9118],[-10.0462,5.8617],[-9.9796,5.7981],[-9.6968,5.5464],[-9.597,5.4883],[-9.5807,5.4645],[-9.5937,5.4303],[-9.508,5.3996],[-9.4708,5.3205],[-9.3541,5.2112],[-9.2921,5.1816],[-9.2787,5.1457],[-9.105,5.0316],[-9.0258,4.9989],[-8.9913,4.9675],[-8.8743,4.9301],[-8.7781,4.8543],[-8.6075,4.7869],[-8.4385,4.6762],[-8.3002,4.6273],[-8.2573,4.58],[-8.1003,4.5533],[-7.942,4.5049],[-7.8329,4.4522],[-7.801,4.4063],[-7.7127,4.3615],[-7.4568,4.3441],[-7.2882,4.4605],[-7.2552,4.4655],[-7.2328,4.4933],[-7.0582,4.539],[-6.9031,4.662],[-6.6268,4.7246],[-6.5839,4.7604],[-6.4415,4.7939],[-6.4122,4.8239],[-5.8513,5.03],[-5.6302,5.0632],[-5.5505,5.0877],[-5.5784,5.0946],[-5.5505,5.115],[-5.4957,5.0953],[-5.0024,5.1286],[-5.0332,5.1833],[-5.0809,5.1848],[-5.1208,5.167],[-5.1814,5.2023],[-5.2284,5.2044],[-5.199,5.1744],[-5.1807,5.1771],[-5.1869,5.1643],[-5.2831,5.1771],[-5.3383,5.1491],[-5.2694,5.1286],[-5.3088,5.1182],[-5.399,5.142],[-5.4139,5.1703],[-5.4004,5.1635],[-5.4004,5.1771],[-5.3594,5.1286],[-5.3383,5.1833],[-5.3383,5.1635],[-5.2974,5.1901],[-5.3383,5.1976],[-5.3215,5.2302],[-5.1579,5.2122],[-5.1123,5.1833],[-5.0821,5.2036],[-5.0098,5.2161],[-4.9971,5.2128],[-5.0099,5.1976],[-4.9971,5.1487],[-4.969,5.1491],[-4.982,5.1361],[-4.8926,5.1286],[-4.6205,5.1807],[-3.9958,5.2317],[-4.0702,5.2665],[-4.0292,5.2727],[-4.0605,5.2834],[-4.1838,5.2802],[-4.3058,5.2446],[-4.3856,5.2522],[-4.4081,5.2236],[-4.4128,5.2385],[-4.5227,5.218],[-4.5301,5.2317],[-4.571,5.218],[-4.5364,5.2044],[-4.5596,5.197],[-4.6083,5.2112],[-4.6872,5.1976],[-4.7047,5.2113],[-4.7424,5.1976],[-4.7477,5.1723],[-4.8086,5.1805],[-4.8038,5.2044],[-4.7222,5.2523],[-4.7493,5.2727],[-4.7025,5.2783],[-4.6735,5.3136],[-4.6872,5.2727],[-4.6673,5.2522],[-4.7145,5.2522],[-4.6872,5.2317],[-4.652,5.2492],[-4.6121,5.2385],[-4.5575,5.2665],[-4.5636,5.3],[-4.5438,5.2665],[-4.4537,5.259],[-4.4638,5.2761],[-4.4817,5.2727],[-4.4635,5.2982],[-4.4265,5.3],[-4.4238,5.2816],[-4.3924,5.3],[-4.3513,5.2727],[-4.3214,5.311],[-4.2974,5.3],[-4.2746,5.3124],[-4.2489,5.3074],[-4.2558,5.2869],[-4.241,5.2839],[-4.2006,5.3074],[-4.1601,5.2934],[-4.1255,5.3074],[-3.9891,5.2691],[-3.9405,5.2932],[-4.0093,5.3136],[-3.921,5.3162],[-3.9063,5.3484],[-3.892,5.3136],[-3.8784,5.3266],[-3.8667,5.3036],[-3.7965,5.2727],[-3.744,5.274],[-3.735,5.2869],[-3.814,5.3598],[-3.8049,5.376],[-3.7589,5.3662],[-3.7419,5.3105],[-3.7157,5.2823],[-3.7289,5.2665],[-3.7822,5.2665],[-3.7754,5.2448],[-3.8995,5.2869],[-3.9029,5.259],[-3.933,5.2869],[-3.9623,5.2624],[-4.0019,5.2665],[-3.987,5.244],[-3.8859,5.2255],[-3.8275,5.1976],[-3.748,5.1901],[-3.7214,5.2385],[-3.7289,5.2255],[-3.7101,5.1861],[-3.3122,5.1199],[-3.2758,5.1491],[-3.3031,5.1557],[-3.3207,5.1935],[-3.303,5.1901],[-3.2758,5.2255],[-3.241,5.2317],[-3.2894,5.2522],[-3.2826,5.2802],[-3.2469,5.2976],[-3.2621,5.3409],[-3.2205,5.362],[-3.1344,5.3668],[-3.1279,5.3249],[-3.1591,5.3074],[-3.1727,5.2522],[-3.2051,5.2187],[-3.1392,5.1423],[-3.0628,5.1566],[-2.9778,5.115],[-2.9435,5.1368],[-2.9467,5.1771],[-2.8794,5.1813],[-2.8462,5.177],[-2.8437,5.1491],[-2.929,5.122],[-2.9263,5.0946],[-2.9709,5.0809],[-3.0161,5.1144],[-3.1317,5.1081],[-3.2341,5.1635],[-3.2764,5.1181],[-2.965,5.0453],[-2.6904,5.0102],[-2.5258,4.9544],[-2.3566,4.9196],[-2.2528,4.8791],[-2.237,4.8492],[-2.1554,4.7861],[-2.108,4.7756],[-2.0966,4.7385],[-1.9814,4.7524],[-1.9121,4.8209],[-1.7486,4.8772],[-1.7188,4.9277],[-1.634,4.9744],[-1.6185,5.0224],[-1.5695,5.0188],[-1.3192,5.0946],[-1.2336,5.1007],[-1.1541,5.1539],[-0.9971,5.2168],[-0.9766,5.1983],[-0.9115,5.218],[-0.8739,5.204],[-0.7996,5.2148],[-0.6378,5.3409],[-0.6295,5.3267],[-0.4716,5.3908],[-0.3716,5.4927],[-0.0686,5.5812],[0.0345,5.6284],[0.0757,5.6776],[0.1574,5.7246],[0.2433,5.7562],[0.3649,5.7815],[0.7235,5.7554],[0.9548,5.7911],[0.9953,5.8393],[1.0117,5.9263],[1.048,5.9927],[1.1331,6.0736],[1.271,6.1337],[1.4295,6.182],[1.8845,6.2748],[2.307,6.3315],[2.9277,6.3891],[3.0824,6.3815],[3.3845,6.3977],[3.3895,6.42],[3.3698,6.45],[3.406,6.5128],[3.4024,6.5522],[3.4299,6.5578],[3.4812,6.6022],[3.4785,6.5414],[3.5283,6.5278],[3.7737,6.6224],[3.8579,6.6022],[3.7622,6.5852],[3.7427,6.5478],[3.7002,6.5271],[3.5708,6.5093],[3.5706,6.4787],[3.5414,6.4548],[3.4754,6.4556],[3.4402,6.4234],[3.4285,6.4587],[3.3849,6.4445],[3.4436,6.4103],[3.8703,6.4316],[4.1258,6.4103],[4.4055,6.3589],[4.5474,6.289],[4.7478,6.1389],[4.8262,6.0425],[4.8859,6.0065],[5.0073,5.8492],[5.0447,5.7675],[5.12,5.8242],[5.2904,5.9101],[5.2674,5.8719],[5.1854,5.842],[5.154,5.8145],[5.154,5.7792],[5.115,5.8009],[5.1027,5.7932],[5.0886,5.7087],[5.1292,5.6281],[5.1797,5.5826],[5.2803,5.6175],[5.3314,5.7246],[5.326,5.6054],[5.3615,5.5937],[5.396,5.6059],[5.4285,5.6558],[5.4649,5.6486],[5.5021,5.6173],[5.5029,5.5818],[5.4817,5.6153],[5.44,5.6277],[5.3928,5.5606],[5.2302,5.5825],[5.1912,5.5539],[5.198,5.5015],[5.2632,5.4365],[5.376,5.3988],[5.4338,5.3956],[5.4236,5.4365],[5.4849,5.4115],[5.5171,5.4986],[5.5962,5.5142],[5.6399,5.5402],[5.614,5.505],[5.5536,5.4969],[5.5339,5.4764],[5.5369,5.4303],[5.5779,5.382],[5.5296,5.3864],[5.468,5.3409],[5.4543,5.3688],[5.3457,5.3572],[5.3656,5.1635],[5.4443,5.1635],[5.4509,5.1901],[5.4959,5.1423],[5.4543,5.1491],[5.4754,5.0946],[5.4338,5.1361],[5.4028,5.1424],[5.386,5.1256],[5.469,4.8868],[5.5095,4.8271],[5.4754,4.8475],[5.5277,4.7565],[5.5715,4.7296],[5.5715,4.711],[5.5573,4.7178],[5.5669,4.6752],[5.7498,4.4844],[5.7975,4.4571],[5.7703,4.4714],[5.7824,4.456],[5.8391,4.4161],[5.8659,4.4366],[5.8556,4.4116],[5.8675,4.3873],[5.9463,4.3352],[5.9728,4.3448],[5.9546,4.3957],[5.9751,4.382],[5.9886,4.4161],[5.9969,4.3194],[6.0618,4.2952],[6.0403,4.4059],[6.0554,4.4199],[6.0887,4.4111],[6.085,4.3684],[6.1053,4.3746],[6.085,4.3205],[6.0967,4.2781],[6.2171,4.2906],[6.2227,4.3],[6.1948,4.3],[6.1947,4.3142],[6.2223,4.3419],[6.2302,4.388],[6.2017,4.4434],[6.2494,4.4099],[6.2425,4.498],[6.263,4.3957],[6.2972,4.4366],[6.3325,4.4366],[6.2468,4.3205],[6.2705,4.2926],[6.3989,4.316],[6.4153,4.3223],[6.4077,4.341],[6.4343,4.3472],[6.4618,4.3287],[6.5199,4.3231],[6.5696,4.3349],[6.5884,4.4477],[6.5784,4.4829],[6.5505,4.5049],[6.5808,4.5079],[6.5959,4.4821],[6.6126,4.3367],[6.6877,4.3366],[6.6945,4.3591],[6.6541,4.5117],[6.6746,4.5328],[6.6951,4.4229],[6.7018,4.5425],[6.7361,4.6079],[6.7088,4.4919],[6.7224,4.44],[6.7156,4.3547],[6.7746,4.3389],[6.8708,4.3608],[6.8376,4.3929],[6.7962,4.5597],[6.8254,4.6011],[6.7722,4.663],[6.7556,4.7539],[6.7268,4.7851],[6.7156,4.8345],[6.7497,4.8345],[6.7639,4.8065],[6.7853,4.817],[6.7702,4.7451],[6.8032,4.6498],[6.8455,4.6286],[6.8186,4.5427],[6.8338,4.4859],[6.8664,4.4509],[6.8608,4.4157],[6.8801,4.3882],[6.9031,4.3966],[7.0066,4.3746],[7.0221,4.3885],[6.9756,4.4844],[6.9831,4.5768],[6.957,4.5941],[6.9285,4.5738],[6.9336,4.6125],[6.9026,4.6669],[6.9006,4.6837],[6.949,4.6147],[6.9893,4.6079],[6.9558,4.6837],[6.9627,4.7309],[6.9785,4.6924],[7.0036,4.7178],[7.044,4.6426],[7.0233,4.6489],[7.0178,4.5956],[7.0022,4.5799],[7.044,4.4366],[7.0786,4.4434],[7.0627,4.4763],[7.0786,4.5049],[7.0806,4.4704],[7.1128,4.4509],[7.1128,4.4714],[7.1506,4.4706],[7.1782,4.5015],[7.1755,4.5364],[7.1475,4.56],[7.1734,4.5729],[7.1697,4.6059],[7.1472,4.64],[7.0979,4.6618],[7.0576,4.7309],[7.0718,4.7581],[7.0991,4.6973],[7.1331,4.6632],[7.1789,4.6688],[7.1904,4.6116],[7.281,4.5049],[7.3257,4.5117],[7.3333,4.5294],[7.2712,4.56],[7.2637,4.58],[7.281,4.6011],[7.312,4.6079],[7.3467,4.5803],[7.4324,4.5554],[7.4541,4.5532],[7.4627,4.5738],[7.502,4.5727],[7.5311,4.6011],[7.5142,4.6259],[7.5174,4.6799],[7.5448,4.711],[7.5296,4.6389],[7.5584,4.58],[7.5393,4.5418],[7.572,4.539],[7.5584,4.5253],[7.647,4.5191],[7.7031,4.4975],[7.7571,4.5049],[7.7229,4.5117],[7.7424,4.5263],[7.9793,4.539],[8.032,4.5588],[8.2886,4.5486],[8.3565,4.6256],[8.3535,4.6489],[8.3235,4.6656],[8.3324,4.7178],[8.2573,4.8345],[8.2736,4.8454],[8.2697,4.8687],[8.1817,4.9914],[8.2321,4.9537],[8.2562,4.9067],[8.3084,4.8721],[8.312,4.8475],[8.3399,4.8345],[8.3324,4.8209],[8.3584,4.7973],[8.387,4.7958],[8.4219,4.8475],[8.4092,4.7493],[8.4388,4.7383],[8.4802,4.7525],[8.469,4.7117],[8.5298,4.7089],[8.5492,4.8042],[8.5767,4.8271],[8.5925,4.8202],[8.5784,4.8047],[8.5801,4.7451],[8.5676,4.7402],[8.5733,4.7041],[8.5137,4.6423],[8.5257,4.6044],[8.5521,4.6147],[8.5051,4.5509],[8.5256,4.5117],[8.5564,4.5117],[8.5706,4.5386],[8.5938,4.5328],[8.5703,4.5097],[8.5767,4.4919],[8.7227,4.5131],[8.7166,4.539],[8.6857,4.5612],[8.6454,4.6841],[8.6387,4.7131],[8.6551,4.7383],[8.6613,4.6988],[8.7241,4.5805],[8.7952,4.539],[8.8128,4.5664],[8.7986,4.6011],[8.8678,4.5446],[8.8396,4.6426],[8.9016,4.5874],[8.9006,4.5216],[8.9357,4.5533],[8.8948,4.4605],[8.919,4.3181],[8.991,4.2175],[8.9694,4.129],[8.9834,4.0924],[9.1234,4.0179],[9.1965,4.0189],[9.2125,4.0],[9.287,4.0],[9.3014,4.0264],[9.3262,4.0319],[9.3074,4.0],[9.4363,4.0],[9.4241,4.0195],[9.4504,4.0319],[9.4714,4.0],[9.5269,4.0],[9.4844,4.0599],[9.4504,4.0803],[9.4785,4.1114],[9.5042,4.1008],[9.4985,4.0772],[9.5266,4.0358],[9.5459,4.0257],[9.5596,4.0394],[9.5593,4.0168],[9.5794,4.013],[9.6284,4.0319],[9.6966,4.1144],[9.7035,4.0939],[9.7546,4.1357],[9.6337,4.0]],[[54.7468,40.9957],[54.756,40.9484],[54.709,40.885],[54.6399,40.8388],[54.5907,40.8267],[54.4378,40.817],[54.4658,40.866],[54.3317,40.9269],[54.25,40.8906],[54.2483,40.875],[54.2733,40.8723],[54.2688,40.8399],[54.3182,40.7216],[54.4304,40.7214],[54.3626,40.6879],[54.4036,40.6737],[54.2527,40.6766],[54.2175,40.6903],[54.2322,40.7283],[54.1711,40.7297],[54.0542,40.7153],[54.0952,40.6978],[54.0881,40.6822],[54.0108,40.6579],[53.9478,40.6737],[53.8626,40.6262],[53.721,40.6257],[53.7048,40.6501],[53.7246,40.6879],[53.6764,40.7259],[53.6496,40.7835],[53.6707,40.8108],[53.6496,40.8449],[53.657,40.8654],[53.6247,40.887],[53.5874,40.8916],[53.5628,40.853],[53.5553,40.7735],[53.4831,40.737],[53.3987,40.7628],[53.37,40.8352],[53.3308,40.7761],[53.2449,40.775],[53.2659,40.817],[53.1823,40.7685],[53.1189,40.7698],[53.0647,40.844],[53.1219,40.8723],[53.0745,40.8654],[53.04,40.8859],[53.0121,40.9548],[52.9582,41.0163],[52.9612,41.061],[52.9165,41.0852],[52.9234,40.9411],[52.862,40.7904],[52.8682,40.7556],[52.8325,40.7456],[52.8276,40.7115],[52.8682,40.6942],[52.8631,40.6581],[52.7503,40.5176],[52.702,40.3124],[52.699,40.2739],[52.7683,40.1538],[52.7385,40.0536],[52.8841,39.9449],[52.9172,39.8583],[52.9526,39.8465],[52.9949,39.7802],[53.04,39.742],[53.0059,39.7829],[53.0536,39.7693],[52.9302,39.8959],[52.9199,39.9645],[52.8958,39.9983],[52.9136,40.0217],[52.9437,39.9816],[52.9749,39.9743],[53.0817,39.9953],[53.0536,39.9679],[53.1257,39.9748],[53.1724,39.9975],[53.2827,39.94],[53.4021,40.0068],[53.4919,39.9748],[53.5745,39.9679],[53.5261,39.9127],[53.5371,39.8963],[53.485,39.8854],[53.4993,39.8655],[53.4152,39.782],[53.382,39.7693],[53.3934,39.7575],[53.4299,39.7625],[53.4168,39.65],[53.4509,39.6321],[53.4304,39.6677],[53.4299,39.6867],[53.4578,39.6731],[53.4441,39.7011],[53.471,39.6964],[53.5397,39.6321],[53.5335,39.6805],[53.5645,39.6527],[53.5716,39.6164],[53.6331,39.6183],[53.6555,39.5929],[53.6292,39.5707],[53.7116,39.5434],[53.7362,39.5179],[53.716,39.5093],[53.6838,39.5222],[53.6154,39.4949],[53.5737,39.5273],[53.5608,39.5018],[53.5813,39.4779],[53.5679,39.4677],[53.4922,39.4808],[53.4268,39.536],[53.217,39.5251],[53.2113,39.5502],[53.2485,39.6079],[53.3137,39.6588],[53.2759,39.6649],[53.2417,39.6363],[53.1782,39.5157],[53.0852,39.4005],[53.1369,39.3214],[53.1615,39.1796],[53.1815,39.1894],[53.1703,39.2722],[53.1978,39.3237],[53.1499,39.3441],[53.2386,39.3647],[53.2969,39.3491],[53.2933,39.3305],[53.4032,39.3379],[53.3894,39.3106],[53.4373,39.3379],[53.4525,39.3181],[53.5335,39.3305],[53.562,39.3533],[53.554,39.3237],[53.5813,39.3305],[53.5608,39.2827],[53.5881,39.3032],[53.5676,39.1933],[53.5983,39.2417],[53.6086,39.2358],[53.6017,39.1933],[53.6234,39.1916],[53.636,39.1387],[53.6838,39.0834],[53.6741,39.1933],[53.66,39.2004],[53.7246,39.2417],[53.7024,39.1751],[53.7321,39.1728],[53.698,39.1523],[53.7015,39.0785],[53.7321,39.0567],[53.7122,39.1043],[53.7219,39.1114],[53.7673,39.031],[53.7874,39.0425],[53.8597,39.0352],[53.8967,38.9742],[53.9828,38.916],[53.917,38.8035],[53.9269,38.7737],[53.863,38.6794],[53.8361,38.6061],[53.8283,38.5036],[53.863,38.3814],[53.8665,38.2651],[53.8071,38.032],[53.8249,37.7449],[53.8997,37.4684],[53.9232,37.258],[53.9803,37.0941],[54.02,37.0277],[53.9944,36.9792],[54.0281,36.9662],[54.0335,36.9491],[54.0331,36.8458],[54.0143,36.8211],[53.8892,36.7936],[53.701,36.8166],[53.636,36.857],[53.6638,36.8632],[53.6091,36.8769],[53.8182,36.8752],[53.9476,36.8987],[54.0042,36.9146],[54.0065,36.9526],[53.9578,36.9196],[53.8859,36.9058],[53.4476,36.8819],[53.1157,36.8223],[52.7793,36.7404],[52.2586,36.6509],[52.0941,36.6025],[51.909,36.5827],[51.0886,36.737],[51.0047,36.7676],[50.4789,37.035],[50.3223,37.1533],[50.2451,37.2793],[50.2233,37.3293],[50.2273,37.3654],[50.1956,37.3894],[49.9353,37.4536],[49.9695,37.4597],[49.9338,37.4744],[49.8262,37.4536],[49.4417,37.4949],[49.2056,37.5817],[49.0652,37.6789],[48.9937,37.7768],[48.9875,37.8425],[48.9445,37.9034],[48.9491,37.9669],[48.8748,38.2427],[48.8631,38.7567],[48.8347,38.8193],[48.8318,38.8712],[48.8679,38.8638],[48.9217,38.9355],[48.9526,39.0316],[48.9364,39.0531],[48.9348,39.1244],[48.9676,39.1838],[49.0222,39.1882],[49.0589,39.1728],[49.0686,39.1114],[49.1164,39.1103],[49.1477,39.0834],[49.1255,39.0281],[49.0652,39.0151],[49.0515,38.981],[49.0793,38.9633],[49.1188,38.9753],[49.2033,39.0341],[49.2378,39.1695],[49.2473,39.3107],[49.3064,39.3465],[49.4071,39.2895],[49.3669,39.351],[49.4071,39.3237],[49.3973,39.3452],[49.4089,39.3864],[49.2957,39.4767],[49.2849,39.5222],[49.318,39.6214],[49.384,39.6901],[49.4236,39.7095],[49.3948,39.7825],[49.4214,39.8102],[49.4165,39.8437],[49.4431,39.8734],[49.4237,39.9355],[49.4839,39.9887],[49.4326,40.063],[49.4966,40.0946],[49.5036,40.1649],[49.5772,40.2167],[49.819,40.2921],[49.8472,40.3142],[49.8403,40.3378],[49.8934,40.369],[49.9558,40.3515],[49.9837,40.3242],[50.1277,40.359],[50.2526,40.3363],[50.3231,40.2966],[50.3879,40.2211],[50.3605,40.3652],[50.3359,40.406],[50.2759,40.4366],[50.2376,40.4962],[50.1094,40.5271],[50.052,40.5843],[49.9382,40.5875],[49.8167,40.5654],[49.7238,40.5808],[49.5389,40.654],[49.5095,40.699],[49.5388,40.7881],[49.471,40.8358],[49.4487,40.8313],[49.382,40.8666],[49.2432,40.9972],[49.1955,41.0573],[49.1543,41.1664],[49.1359,41.275],[49.0276,41.4312],[48.9945,41.4404],[48.9412,41.5046],[48.9041,41.5234],[48.8659,41.5854],[48.6554,41.8006],[48.5529,41.8756],[48.4164,41.915],[48.3867,41.9372],[48.304,42.1027],[48.2223,42.1751],[48.096,42.3498],[47.9929,42.4197],[47.8677,42.5847],[47.7518,42.6367],[47.7273,42.6628],[47.7017,42.8618],[47.6216,42.9051],[47.5899,42.9427],[47.5301,42.9621],[47.4619,43.0208],[47.4528,43.0808],[47.4824,43.1273],[47.4858,43.2128],[47.565,43.2681],[47.5857,43.2995],[47.5703,43.3337],[47.5096,43.2917],[47.4934,43.2963],[47.4909,43.4628],[47.6016,43.7657],[47.6438,43.8299],[47.7015,43.8745],[47.5957,43.9012],[47.5444,43.8652],[47.5339,43.7759],[47.5027,43.715],[47.5073,43.6857],[47.4778,43.6437],[47.4653,43.5522],[47.4485,43.5181],[47.4243,43.504],[47.4043,43.5114],[47.405,43.5438],[47.3799,43.5597],[47.3657,43.6207],[47.3936,43.6064],[47.4277,43.6684],[47.4509,43.6819],[47.4339,43.7163],[47.4446,43.7385],[47.5034,43.7709],[47.4893,43.8156],[47.4414,43.8193],[47.4619,43.8603],[47.4326,43.8762],[47.3579,44.0206],[47.2899,44.093],[47.2459,44.212],[47.2217,44.2308],[47.18,44.2029],[47.1222,44.2227],[47.0783,44.2644],[47.0554,44.3277],[47.0256,44.3596],[46.8519,44.3976],[46.7732,44.3947],[46.7113,44.4318],[46.6804,44.5285],[46.7232,44.5495],[46.7078,44.5697],[46.722,44.6553],[46.7463,44.654],[46.7917,44.706],[46.8313,44.6964],[46.8679,44.7405],[46.9238,44.772],[46.9616,44.7652],[47.01,44.8301],[46.9839,44.8934],[47.0032,44.9216],[47.0236,44.843],[47.0783,44.7851],[47.1117,44.8696],[47.0988,44.9564],[47.146,44.9291],[47.1658,44.967],[47.2012,44.97],[47.2971,45.1874],[47.3701,45.1856],[47.384,45.2995],[47.4601,45.3908],[47.3814,45.411],[47.4968,45.43],[47.5015,45.4805],[47.5383,45.5065],[47.4943,45.5852],[47.5096,45.5939],[47.5088,45.5711],[47.5423,45.5371],[47.5721,45.567],[47.5513,45.628],[47.4277,45.6764],[47.3848,45.7502],[47.5034,45.7174],[47.4551,45.7174],[47.4326,45.6945],[47.4824,45.6689],[47.5407,45.6658],[47.5859,45.6258],[47.615,45.5702],[47.6537,45.5591],[47.6455,45.5922],[47.6611,45.6218],[47.6087,45.6388],[47.6262,45.7091],[47.5923,45.7446],[47.5553,45.7436],[47.5601,45.7716],[47.6195,45.7589],[47.6652,45.7075],[47.7517,45.6909],[47.8182,45.6081],[47.8523,45.6423],[47.8347,45.6599],[47.8591,45.7242],[47.897,45.6938],[47.969,45.7316],[48.0075,45.7005],[48.0789,45.7515],[48.1336,45.7242],[48.1478,45.7434],[48.1799,45.7397],[48.2428,45.7099],[48.2209,45.7652],[48.2772,45.7862],[48.2887,45.8373],[48.3994,45.8354],[48.4072,45.8519],[48.3569,45.8694],[48.3936,45.8682],[48.4656,45.9402],[48.5095,45.9406],[48.5549,45.9675],[48.5938,45.9582],[48.6304,45.9097],[48.7101,45.8818],[48.6867,45.8486],[48.7163,45.8135],[48.7214,45.8383],[48.7655,45.8522],[48.7914,45.8409],[48.7424,45.9141],[48.7522,45.9656],[48.6514,45.9605],[48.6473,45.9706],[48.729,46.02],[48.6885,46.0668],[48.627,46.0873],[48.6642,46.0898],[48.6786,46.1203],[48.702,46.1152],[48.7141,46.1296],[48.7817,46.0967],[48.8179,46.0562],[48.8276,46.0877],[48.7914,46.1282],[48.8185,46.1247],[48.8596,46.0736],[48.8742,46.0782],[48.8392,46.1494],[48.887,46.1078],[48.8801,46.1562],[48.8993,46.1484],[48.9318,46.0853],[48.9553,46.1078],[48.9348,46.1419],[49.0422,46.1962],[49.069,46.192],[49.1145,46.1513],[49.1047,46.2407],[49.0589,46.2518],[49.0762,46.2862],[49.1502,46.3358],[49.1682,46.3275],[49.1421,46.31],[49.1597,46.2919],[49.2985,46.2518],[49.2959,46.2747],[49.2271,46.3279],[49.2158,46.3803],[49.1682,46.4094],[49.2918,46.3964],[49.2234,46.4709],[49.2503,46.4694],[49.3669,46.389],[49.3669,46.4299],[49.3036,46.4665],[49.2781,46.5255],[49.2979,46.5237],[49.3333,46.4846],[49.3942,46.4783],[49.3786,46.5102],[49.313,46.5621],[49.3053,46.5876],[49.3895,46.544],[49.4214,46.5397],[49.429,46.5549],[49.4622,46.5329],[49.4568,46.5096],[49.4928,46.4996],[49.5041,46.4988],[49.4723,46.5466],[49.4691,46.5944],[49.4808,46.5606],[49.5579,46.5344],[49.5789,46.4988],[49.6081,46.527],[49.6268,46.5193],[49.6226,46.5828],[49.7026,46.5193],[49.7026,46.5602],[49.7575,46.5317],[49.7713,46.5671],[49.8174,46.5404],[49.8397,46.5808],[49.8823,46.5759],[49.9627,46.6291],[50.034,46.6352],[50.1688,46.7491],[50.2131,46.7657],[50.2232,46.7611],[50.2131,46.7282],[50.231,46.726],[50.2987,46.8019],[50.34,46.8135],[50.3743,46.8544],[50.3674,46.8066],[50.3836,46.8178],[50.4302,46.8967],[50.5028,46.8636],[50.5781,46.8784],[50.5516,46.8346],[50.5691,46.829],[50.6069,46.8681],[50.6161,46.9356],[50.6782,46.9327],[50.7521,46.9747],[50.7305,46.9233],[50.7406,46.9062],[50.8381,47.0099],[50.8465,47.0368],[50.9054,47.0189],[50.9707,47.0599],[51.1027,47.0805],[51.2126,47.1209],[51.5272,47.053],[51.5923,46.9873],[51.611,46.9888],[51.6358,47.0488],[51.6802,47.057],[51.6961,47.0212],[51.6758,46.9786],[51.7439,46.9268],[51.806,46.9091],[51.8955,46.9308],[51.8539,46.8955],[51.9414,46.88],[51.9607,46.8858],[51.999,46.941],[52.0189,46.937],[52.0,46.8906],[52.1126,46.8127],[52.2449,46.81],[52.2244,46.8483],[52.1829,46.8619],[52.1888,46.8838],[52.2622,46.8701],[52.3572,46.8936],[52.4193,46.944],[52.4273,46.9902],[52.4559,47.0012],[52.537,46.9888],[52.6148,46.95],[52.7827,46.9438],[52.9199,46.9575],[52.9922,46.8955],[53.0519,46.8984],[53.0835,46.8533],[53.1058,46.7373],[53.1882,46.718],[53.2078,46.695],[53.2046,46.6558],[53.1841,46.6353],[53.1424,46.6353],[53.1177,46.6015],[53.1082,46.6217],[53.0957,46.5683],[53.0718,46.5447],[53.0418,46.5554],[53.04,46.5739],[52.9966,46.5048],[52.9984,46.4846],[53.0178,46.4787],[53.0817,46.5124],[53.0754,46.4757],[53.1021,46.4435],[53.0326,46.4709],[53.1283,46.3939],[53.1567,46.3417],[53.1567,46.2723],[53.1138,46.0978],[53.077,46.0478],[53.0818,46.0051],[52.9544,45.8303],[52.8587,45.7648],[52.7922,45.6629],[52.7456,45.6391],[52.7319,45.5541],[52.7552,45.5168],[53.0357,45.4188],[53.1121,45.4062],[53.1429,45.384],[53.2476,45.3697],[53.2659,45.3611],[53.2612,45.3428],[53.1082,45.2996],[53.0022,45.3201],[52.9097,45.3127],[52.5193,45.4089],[52.0941,45.3815],[52.0088,45.3952],[51.9401,45.3673],[51.8784,45.3952],[51.7925,45.4055],[51.7583,45.4573],[51.7,45.3921],[51.5437,45.3349],[51.4567,45.3474],[51.4157,45.39],[51.3972,45.3326],[51.3093,45.2573],[51.2444,45.1618],[51.258,45.1345],[51.2434,45.1011],[51.2749,45.0568],[51.273,45.0246],[51.1965,45.0656],[51.1072,45.0322],[51.0652,44.997],[50.9593,44.9788],[50.9544,44.9522],[50.994,44.9365],[50.9655,44.9067],[50.9624,44.8637],[51.0496,44.8035],[51.096,44.7969],[51.2344,44.7191],[51.2918,44.6145],[51.3193,44.5964],[51.439,44.6101],[51.5544,44.5505],[51.5739,44.5239],[51.5603,44.5114],[51.471,44.5319],[51.3738,44.5277],[51.3815,44.5598],[51.3662,44.5602],[51.2922,44.5523],[51.2253,44.4997],[51.1433,44.4848],[51.0073,44.5288],[50.9911,44.5455],[51.0086,44.5515],[51.0047,44.566],[50.9605,44.5697],[50.8729,44.6289],[50.7842,44.6327],[50.7568,44.605],[50.7305,44.6206],[50.6275,44.624],[50.617,44.6397],[50.4978,44.6258],[50.3112,44.6623],[50.2683,44.5705],[50.2541,44.5575],[50.2376,44.5865],[50.2246,44.5677],[50.2376,44.4841],[50.2302,44.3909],[50.2552,44.351],[50.3446,44.3113],[50.6963,44.2644],[50.7813,44.2359],[50.8472,44.1893],[50.8608,44.0254],[50.9017,44.0111],[50.9911,43.9081],[50.9911,43.8671],[51.0231,43.801],[51.115,43.6608],[51.156,43.6248],[51.2069,43.6245],[51.2181,43.5933],[51.273,43.5586],[51.2786,43.5176],[51.3147,43.4625],[51.3128,43.3112],[51.2663,43.1876],[51.2757,43.1545],[51.4603,43.1688],[51.5086,43.1545],[51.5398,43.175],[51.6511,43.1914],[51.6794,43.1597],[51.6758,43.0999],[51.7114,43.0909],[51.772,43.031],[51.8026,42.9587],[51.9124,42.8424],[51.9328,42.8349],[52.0584,42.8785],[52.1692,42.887],[52.273,42.7988],[52.2996,42.7908],[52.3206,42.8188],[52.3574,42.8317],[52.4709,42.8262],[52.625,42.7747],[52.6292,42.7498],[52.7129,42.7308],[52.7363,42.7014],[52.7412,42.6379],[52.7105,42.5854],[52.6633,42.6679],[52.6004,42.6977],[52.5745,42.7498],[52.5638,42.7423],[52.5757,42.6986],[52.6185,42.6784],[52.6633,42.6127],[52.6763,42.5385],[52.6428,42.4283],[52.6011,42.3886],[52.5941,42.3353],[52.4845,42.2017],[52.4363,42.1799],[52.402,42.0925],[52.4368,42.0578],[52.4338,42.0004],[52.4741,41.9626],[52.491,41.902],[52.4377,41.7488],[52.5296,41.6912],[52.5602,41.6878],[52.5925,41.6457],[52.5877,41.5827],[52.5602,41.5438],[52.5622,41.5195],[52.6463,41.4582],[52.6936,41.4445],[52.7234,41.3942],[52.761,41.3776],[52.8135,41.2626],[52.8135,41.2217],[52.8511,41.1633],[52.8483,41.0777],[52.8755,41.0504],[52.9097,41.1227],[52.844,41.2402],[52.8135,41.3793],[52.8989,41.566],[52.896,41.6295],[52.9165,41.6742],[52.8805,41.6979],[52.8308,41.7015],[52.7847,41.6631],[52.7692,41.6756],[52.7821,41.7255],[52.8215,41.7649],[52.937,41.9554],[52.9603,41.9844],[53.1638,42.1037],[53.2197,42.0814],[53.2967,42.0788],[53.3752,42.1055],[53.6818,42.1439],[53.7246,42.126],[53.7679,42.1361],[53.8187,42.1244],[53.9069,42.0629],[53.917,42.0069],[53.8988,41.9053],[53.9323,41.8843],[54.0086,41.7648],[54.0303,41.5695],[54.074,41.488],[54.1448,41.4598],[54.1908,41.4073],[54.2948,41.3475],[54.4004,41.309],[54.6004,41.1923],[54.635,41.1627],[54.6364,41.133],[54.7161,41.1152],[54.7326,41.0981],[54.7201,41.0805],[54.7674,41.0368],[54.7005,41.0683],[54.678,41.0646],[54.7468,40.9957]]],[[[32.9785,31.0817],[32.9893,31.0734],[32.9831,31.0899],[32.9697,31.0866],[32.9785,31.0817]]],[[[-6.1055,53.4952],[-6.0749,53.5397],[-6.0845,53.568],[-6.1698,53.6057],[-6.2364,53.6708],[-6.2484,53.7558],[-6.2228,53.7963],[-6.255,53.8222],[-6.2432,53.8651],[-6.3508,53.8814],[-6.379,53.9169],[-6.3501,54.0],[-6.2228,53.9954],[-6.1608,53.9744],[-6.1128,54.0],[-9.8521,54.0],[-9.8317,53.9563],[-9.8127,53.9663],[-9.7855,53.9471],[-9.7875,53.9161],[-9.8076,53.9183],[-9.8116,53.9417],[-9.868,53.9614],[-9.9159,53.9538],[-9.9084,53.9204],[-9.9438,53.8794],[-9.9108,53.8587],[-9.7582,53.8993],[-9.5664,53.8993],[-9.5869,53.872],[-9.5602,53.8651],[-9.6217,53.8173],[-9.5664,53.7963],[-9.752,53.7764],[-9.7892,53.7866],[-9.9084,53.7621],[-9.8995,53.7438],[-9.9227,53.6907],[-9.9084,53.6461],[-9.7838,53.6063],[-9.6968,53.5982],[-9.8679,53.6174],[-9.9307,53.5998],[-10.0468,53.5993],[-9.9711,53.5629],[-10.0052,53.5436],[-10.0257,53.5629],[-10.0707,53.57],[-10.1151,53.5703],[-10.1077,53.5498],[-10.1803,53.5555],[-10.2032,53.5436],[-10.1527,53.5436],[-10.1073,53.4945],[-10.0121,53.4815],[-10.0206,53.4704],[-10.0871,53.4815],[-10.053,53.4536],[-10.1422,53.4457],[-10.1765,53.4127],[-10.0632,53.4127],[-10.0142,53.3813],[-9.9614,53.3796],[-9.9224,53.3892],[-9.9114,53.426],[-9.8475,53.4337],[-9.8811,53.4064],[-9.8602,53.3942],[-9.7992,53.4195],[-9.8202,53.399],[-9.7855,53.3928],[-9.8872,53.3592],[-9.9023,53.3239],[-9.8429,53.3233],[-9.8067,53.3016],[-9.7431,53.3144],[-9.6527,53.3928],[-9.6378,53.3775],[-9.6525,53.3413],[-9.6346,53.3301],[-9.6066,53.3494],[-9.6217,53.3785],[-9.5528,53.3854],[-9.6011,53.3649],[-9.5608,53.3412],[-9.577,53.3239],[-9.6173,53.3215],[-9.6091,53.2763],[-9.6284,53.2482],[-9.6123,53.2362],[-9.5852,53.2504],[-9.5714,53.2905],[-9.5546,53.2907],[-9.5473,53.2791],[-9.5664,53.2618],[-9.5117,53.2283],[-9.0221,53.2755],[-8.9426,53.2618],[-8.9911,53.2482],[-8.9631,53.2352],[-9.0456,53.2209],[-8.8948,53.2209],[-8.9569,53.1799],[-8.9364,53.1457],[-8.9867,53.177],[-9.0456,53.1737],[-9.0041,53.1457],[-9.0696,53.1662],[-9.1282,53.1594],[-9.0701,53.1345],[-9.0729,53.1185],[-9.0967,53.127],[-9.1586,53.111],[-9.2511,53.1519],[-9.2722,53.1467],[-9.3951,53.0154],[-9.3876,53.0086],[-9.4777,52.9403],[-9.3541,52.9335],[-9.4275,52.8778],[-9.4503,52.8305],[-9.4913,52.8032],[-9.4838,52.7827],[-9.4986,52.7525],[-9.6284,52.7274],[-9.6217,52.7138],[-9.8241,52.5952],[-9.9363,52.5567],[-9.7069,52.5802],[-9.6944,52.6056],[-9.5528,52.6393],[-9.5807,52.666],[-9.5442,52.6667],[-9.5249,52.637],[-9.4345,52.612],[-9.279,52.6393],[-9.2787,52.6257],[-9.3331,52.5977],[-9.2858,52.5908],[-9.2548,52.6114],[-9.1468,52.6238],[-9.0582,52.6968],[-9.0236,52.7471],[-8.9426,52.7752],[-8.9699,52.7485],[-8.9521,52.7343],[-8.9608,52.6937],[-8.7512,52.673],[-8.9599,52.6523],[-9.0056,52.6208],[-9.0524,52.6318],[-9.2721,52.5772],[-9.4384,52.5771],[-9.4703,52.5618],[-9.6483,52.5704],[-9.6756,52.5458],[-9.6831,52.4946],[-9.6505,52.4938],[-9.6346,52.4736],[-9.7035,52.4835],[-9.7489,52.4567],[-9.9499,52.4121],[-9.8345,52.3752],[-9.8265,52.3096],[-9.8619,52.3035],[-9.8339,52.2892],[-9.8492,52.2847],[-9.8811,52.296],[-9.8694,52.2731],[-9.7377,52.2482],[-9.81,52.2421],[-9.8256,52.2582],[-9.8722,52.2327],[-9.9475,52.2376],[-10.0088,52.2534],[-10.0135,52.3063],[-10.0598,52.3096],[-10.036,52.2904],[-10.0449,52.2693],[-10.1008,52.2408],[-10.1662,52.2346],[-10.1561,52.2786],[-10.1719,52.2868],[-10.2758,52.2681],[-10.3205,52.2346],[-10.3666,52.2282],[-10.3758,52.2128],[-10.3615,52.2067],[-10.3821,52.1719],[-10.4167,52.1862],[-10.4093,52.1998],[-10.4497,52.1889],[-10.4613,52.18],[-10.4509,52.1657],[-10.4782,52.152],[-10.4608,52.103],[-10.4366,52.0974],[-10.3541,52.1117],[-10.3683,52.1247],[-10.2721,52.1117],[-10.3069,52.1247],[-10.2789,52.1364],[-10.2421,52.1198],[-10.2175,52.1309],[-10.1863,52.1094],[-9.9978,52.1384],[-9.9547,52.1088],[-9.9438,52.1247],[-9.9569,52.1452],[-9.7582,52.152],[-9.793,52.1384],[-9.7718,52.1247],[-9.9084,52.1309],[-9.9264,52.0627],[-9.9543,52.0642],[-9.9711,52.0899],[-9.9927,52.0559],[-10.0333,52.0411],[-10.2662,51.9885],[-10.2585,51.9739],[-10.3069,51.9534],[-10.255,51.9255],[-10.2541,51.9087],[-10.3956,51.8845],[-10.3819,51.8777],[-10.3889,51.8462],[-10.3411,51.8436],[-10.3411,51.7883],[-10.2346,51.851],[-10.1942,51.8391],[-10.1771,51.8137],[-10.1861,51.7896],[-10.2244,51.7821],[-10.1298,51.7543],[-10.1356,51.7412],[-9.8822,51.8237],[-9.868,51.8237],[-9.8749,51.8026],[-9.8638,51.8043],[-9.758,51.847],[-9.5807,51.8777],[-9.6711,51.843],[-9.7377,51.8367],[-9.8134,51.7883],[-9.7855,51.7685],[-9.8544,51.7753],[-9.8679,51.7486],[-9.9023,51.7412],[-9.8885,51.7616],[-9.9807,51.7319],[-9.9978,51.7138],[-9.9569,51.7064],[-10.0038,51.678],[-10.0881,51.6716],[-10.1008,51.6592],[-10.0707,51.657],[-10.0598,51.6313],[-10.1433,51.6136],[-10.1628,51.5903],[-10.0288,51.5965],[-9.8741,51.6562],[-9.6268,51.685],[-9.5459,51.72],[-9.5602,51.7616],[-9.5255,51.7473],[-9.5255,51.7269],[-9.4429,51.72],[-9.4586,51.684],[-9.5946,51.6555],[-9.8475,51.5494],[-9.785,51.5525],[-9.592,51.6137],[-9.5459,51.6108],[-9.8339,51.4873],[-9.8134,51.4736],[-9.8202,51.4457],[-9.7035,51.4736],[-9.7172,51.4804],[-9.6559,51.5202],[-9.6113,51.4938],[-9.5563,51.5081],[-9.5475,51.5253],[-9.448,51.5436],[-9.4565,51.5556],[-9.4433,51.5595],[-9.4018,51.546],[-9.4139,51.5111],[-9.4018,51.5009],[-9.3275,51.5425],[-9.3199,51.5351],[-9.3769,51.4946],[-9.3467,51.5009],[-9.3814,51.4736],[-9.3492,51.474],[-9.2721,51.5084],[-9.2648,51.4873],[-9.2238,51.4873],[-9.1896,51.5084],[-9.1925,51.5246],[-9.1157,51.5379],[-9.1077,51.5494],[-9.1208,51.563],[-9.0729,51.5494],[-8.9911,51.563],[-8.9332,51.5353],[-8.888,51.5556],[-8.8539,51.5959],[-8.6962,51.5766],[-8.6998,51.5972],[-8.6825,51.6108],[-8.703,51.617],[-8.69,51.6313],[-8.7576,51.645],[-8.5727,51.645],[-8.5317,51.6108],[-8.5392,51.6484],[-8.4975,51.6927],[-8.5584,51.7064],[-8.4911,51.6987],[-8.484,51.6784],[-8.4642,51.695],[-8.484,51.7138],[-8.4355,51.6927],[-8.3457,51.7247],[-8.2974,51.766],[-8.3052,51.7821],[-8.2847,51.8026],[-8.3195,51.8026],[-8.2921,51.81],[-8.3052,51.8162],[-8.2983,51.8299],[-8.3474,51.8299],[-8.3293,51.8613],[-8.4294,51.8845],[-8.2932,51.9033],[-8.2102,51.8845],[-8.1871,51.8931],[-8.2028,51.864],[-8.1754,51.8572],[-8.2301,51.8367],[-8.2233,51.8237],[-8.2462,51.8027],[-8.0206,51.8239],[-8.0041,51.8299],[-8.0231,51.8436],[-8.0082,51.8558],[-7.8915,51.8819],[-7.8806,51.892],[-7.9222,51.9118],[-7.8699,51.9295],[-7.8498,51.9801],[-7.8293,51.9534],[-7.7233,51.9446],[-7.7093,51.9739],[-7.5899,51.9912],[-7.5826,52.0285],[-7.5452,52.055],[-7.6022,52.0717],[-7.6273,52.0627],[-7.6311,52.079],[-7.6,52.101],[-7.5826,52.1042],[-7.5653,52.0837],[-7.4355,52.1257],[-7.1874,52.1328],[-7.1496,52.1563],[-7.106,52.152],[-7.1202,52.1657],[-7.1064,52.173],[-7.0718,52.1657],[-7.106,52.1309],[-7.0172,52.1384],[-6.9551,52.1793],[-6.98,52.1859],[-6.9695,52.2204],[-6.9974,52.2892],[-6.9701,52.2474],[-6.921,52.2128],[-6.9037,52.1722],[-6.949,52.1309],[-6.9321,52.1247],[-6.8186,52.1862],[-6.8323,52.1936],[-6.8186,52.2204],[-6.8391,52.2128],[-6.8323,52.2408],[-6.793,52.2404],[-6.764,52.2613],[-6.8056,52.2128],[-6.7156,52.2166],[-6.5797,52.1782],[-6.4726,52.207],[-6.4486,52.1998],[-6.4691,52.1936],[-6.4256,52.1938],[-6.3823,52.212],[-6.3995,52.1855],[-6.3699,52.18],[-6.3183,52.2408],[-6.3898,52.2956],[-6.373,52.3227],[-6.4092,52.2893],[-6.4237,52.3079],[-6.455,52.3122],[-6.4561,52.3358],[-6.4965,52.3643],[-6.463,52.378],[-6.4689,52.36],[-6.39,52.3588],[-6.3661,52.3444],[-6.3562,52.409],[-6.2091,52.5458],[-6.2153,52.666],[-6.1479,52.7462],[-6.1539,52.7684],[-6.1301,52.816],[-6.0644,52.8646],[-6.038,52.9197],[-5.9935,52.9574],[-6.0516,53.0093],[-6.0304,53.111],[-6.0781,53.1662],[-6.071,53.1843],[-6.1049,53.2294],[-6.097,53.2855],[-6.1552,53.2994],[-6.2182,53.3472],[-6.1323,53.3916],[-6.062,53.3674],[-6.0509,53.3854],[-6.1265,53.399],[-6.1129,53.4127],[-6.1306,53.4426],[-6.1948,53.4611],[-6.1584,53.4728],[-6.1334,53.4611],[-6.1055,53.4952]]],[[[-0.2015,54.0],[-2.8344,54.0],[-2.8885,53.946],[-2.9257,53.9527],[-3.0176,53.932],[-3.0566,53.9062],[-3.0449,53.8785],[-3.0492,53.7695],[-2.9849,53.7361],[-2.899,53.7354],[-3.0218,53.6528],[-3.1019,53.5581],[-2.9569,53.3706],[-2.8437,53.3239],[-2.7998,53.321],[-2.7644,53.3452],[-2.6998,53.3518],[-2.7432,53.3385],[-2.7481,53.3096],[-2.8376,53.3028],[-2.8506,53.2891],[-2.9106,53.2963],[-2.953,53.3239],[-3.0122,53.4167],[-3.0583,53.4348],[-3.1864,53.3928],[-3.0845,53.2755],[-3.0878,53.2347],[-3.3303,53.3518],[-3.6022,53.2889],[-3.7163,53.2869],[-3.7689,53.3192],[-3.8784,53.3376],[-3.8313,53.2891],[-4.0669,53.2291],[-4.1222,53.2335],[-4.178,53.2176],[-4.3207,53.1015],[-4.3409,53.1127],[-4.3582,53.0285],[-4.524,52.9442],[-4.5961,52.9284],[-4.7349,52.8305],[-4.7628,52.7895],[-4.5946,52.8168],[-4.5165,52.7895],[-4.4891,52.8032],[-4.501,52.8268],[-4.4817,52.8509],[-4.4066,52.8925],[-4.3373,52.892],[-4.2285,52.9192],[-4.1444,52.9148],[-4.1186,52.9267],[-4.1005,52.9141],[-4.0776,52.9267],[-4.064,52.9192],[-4.1299,52.8892],[-4.1173,52.8308],[-4.149,52.8121],[-4.0488,52.7216],[-3.9883,52.7343],[-4.0565,52.7007],[-4.1059,52.6535],[-4.1255,52.6039],[-4.0531,52.5424],[-3.9473,52.5493],[-4.0162,52.522],[-4.0565,52.5294],[-4.0565,52.4879],[-4.1096,52.3653],[-4.1971,52.2793],[-4.3158,52.2163],[-4.3856,52.2034],[-4.5023,52.1384],[-4.6375,52.1385],[-4.6757,52.1269],[-4.6735,52.0974],[-4.7203,52.1133],[-4.7776,52.0649],[-4.838,52.049],[-4.8414,52.0148],[-4.9205,52.0285],[-4.9137,52.0148],[-4.9617,52.0075],[-5.0702,52.0264],[-5.088,51.976],[-5.1195,51.9589],[-5.2983,51.911],[-5.2905,51.892],[-5.3109,51.864],[-5.2216,51.8777],[-5.1396,51.864],[-5.1175,51.8437],[-5.1103,51.7785],[-5.2495,51.7337],[-5.1807,51.7064],[-5.1829,51.6893],[-5.157,51.6976],[-5.1669,51.7138],[-5.1492,51.7181],[-5.0099,51.7064],[-4.9106,51.7182],[-4.8921,51.7394],[-4.9062,51.7473],[-4.9005,51.7621],[-4.9336,51.7753],[-4.8243,51.7957],[-4.879,51.762],[-4.8448,51.7138],[-4.9882,51.6859],[-5.0434,51.6927],[-5.0366,51.6784],[-5.1197,51.6784],[-5.0512,51.6569],[-5.0366,51.6374],[-5.0458,51.6269],[-4.941,51.5965],[-4.8635,51.6441],[-4.7592,51.645],[-4.7349,51.6592],[-4.7123,51.6501],[-4.6782,51.7174],[-4.6454,51.7321],[-4.4608,51.7358],[-4.4265,51.7473],[-4.4458,51.7733],[-4.3992,51.7616],[-4.3651,51.789],[-4.3625,51.7429],[-4.3105,51.7337],[-4.3793,51.7269],[-4.3153,51.6775],[-4.2006,51.6859],[-4.1068,51.6643],[-4.0705,51.676],[-4.0913,51.6399],[-4.221,51.6238],[-4.2347,51.645],[-4.2899,51.617],[-4.2783,51.5782],[-4.2974,51.5692],[-4.2899,51.5556],[-4.2006,51.5388],[-4.1217,51.566],[-4.0702,51.5556],[-4.0465,51.5684],[-4.0265,51.554],[-3.9746,51.563],[-3.9999,51.5909],[-3.99,51.6065],[-3.8549,51.6238],[-3.7701,51.5633],[-3.7376,51.4909],[-3.6954,51.4715],[-3.6632,51.4762],[-3.5574,51.4051],[-3.2894,51.3842],[-3.1848,51.3976],[-3.1601,51.4318],[-3.1727,51.4531],[-2.9747,51.563],[-2.9433,51.5425],[-2.8587,51.5461],[-2.7131,51.5866],[-2.4821,51.7429],[-2.4204,51.7531],[-2.3981,51.7821],[-2.3808,51.7619],[-2.465,51.7259],[-2.5564,51.6592],[-2.5804,51.6186],[-2.7164,51.4996],[-2.7986,51.4826],[-2.921,51.3944],[-2.9747,51.3842],[-2.9596,51.3743],[-2.9922,51.3219],[-3.0218,51.3228],[-2.9996,51.2332],[-3.0218,51.1924],[-3.0356,51.1993],[-3.0293,51.2204],[-3.385,51.1862],[-3.4342,51.2098],[-3.7692,51.2477],[-4.2285,51.1924],[-4.2098,51.1728],[-4.2148,51.1515],[-4.2558,51.1515],[-4.208,51.0764],[-4.3377,50.9966],[-4.5264,51.015],[-4.5227,50.9727],[-4.5549,50.8978],[-4.5501,50.8096],[-4.5773,50.7747],[-4.6378,50.7412],[-4.6573,50.7111],[-4.7519,50.6701],[-4.7493,50.6444],[-4.7925,50.5952],[-4.9205,50.5892],[-4.9219,50.5549],[-4.8448,50.5141],[-4.9336,50.5202],[-4.9473,50.5624],[-5.0156,50.538],[-5.0503,50.4287],[-5.1537,50.3995],[-5.1499,50.3502],[-5.3148,50.2536],[-5.3876,50.2403],[-5.438,50.1943],[-5.511,50.2195],[-5.6846,50.1615],[-5.7092,50.1326],[-5.6944,50.0958],[-5.7156,50.0827],[-5.7051,50.0523],[-5.6674,50.0429],[-5.5635,50.0596],[-5.5347,50.0823],[-5.5409,50.1135],[-5.4748,50.1304],[-5.3044,50.0803],[-5.2527,50.0278],[-5.2452,49.9931],[-5.1912,49.9591],[-5.1465,50.0106],[-5.0981,50.0144],[-5.0565,50.0606],[-5.0708,50.0895],[-5.126,50.0963],[-5.0434,50.1441],[-5.0646,50.1584],[-5.053,50.1958],[-5.0204,50.192],[-5.0024,50.1441],[-4.9473,50.1994],[-4.8497,50.2346],[-4.8002,50.2296],[-4.7765,50.2608],[-4.7799,50.2843],[-4.7554,50.3017],[-4.7633,50.3221],[-4.6943,50.3435],[-4.6735,50.3154],[-4.4954,50.3284],[-4.3377,50.3707],[-4.2523,50.3564],[-4.1938,50.3223],[-4.198,50.3422],[-4.18,50.3564],[-4.2285,50.3707],[-4.1938,50.3769],[-4.273,50.3819],[-4.2899,50.3974],[-4.2285,50.3974],[-4.2161,50.4157],[-4.2347,50.4383],[-4.2006,50.4594],[-4.1595,50.4594],[-4.1915,50.4176],[-4.1715,50.3828],[-4.105,50.3707],[-4.1187,50.3519],[-4.1083,50.3366],[-4.064,50.3223],[-4.0702,50.3092],[-4.0544,50.3004],[-4.0329,50.2949],[-3.961,50.3223],[-3.789,50.2124],[-3.6606,50.221],[-3.6456,50.226],[-3.6533,50.251],[-3.632,50.3123],[-3.5778,50.3341],[-3.5705,50.3564],[-3.5269,50.3498],[-3.4875,50.4048],[-3.5493,50.4156],[-3.5563,50.4321],[-3.5321,50.4548],[-3.4875,50.4594],[-3.506,50.5208],[-3.4818,50.5685],[-3.4333,50.6103],[-3.4644,50.6785],[-3.421,50.6295],[-3.3682,50.6171],[-3.2956,50.6375],[-3.2598,50.6745],[-2.8648,50.7338],[-2.6929,50.6928],[-2.4835,50.5904],[-2.4604,50.5655],[-2.4534,50.5277],[-2.4287,50.5576],[-2.4656,50.5852],[-2.4601,50.6065],[-2.4359,50.6375],[-2.3983,50.6456],[-2.1573,50.6205],[-2.0652,50.5955],[-1.9652,50.6022],[-1.9673,50.6171],[-1.9325,50.6444],[-1.953,50.6518],[-1.9528,50.6766],[-2.0025,50.6813],[-2.0356,50.7133],[-2.0827,50.699],[-2.039,50.7399],[-2.022,50.7201],[-1.9493,50.7133],[-1.94,50.6908],[-1.8574,50.727],[-1.7717,50.7201],[-1.693,50.7399],[-1.5612,50.719],[-1.5247,50.7611],[-1.4875,50.7577],[-1.4049,50.7747],[-1.4187,50.7884],[-1.3173,50.8002],[-1.3231,50.8258],[-1.4664,50.9182],[-1.1511,50.7814],[-1.1249,50.7887],[-1.1238,50.8188],[-1.1647,50.8437],[-1.0692,50.8437],[-1.103,50.7955],[-1.0828,50.781],[-1.0562,50.783],[-1.0207,50.8437],[-0.9392,50.8432],[-0.919,50.8362],[-0.9289,50.8228],[-0.9047,50.8293],[-0.8636,50.8083],[-0.9059,50.788],[-0.9041,50.7719],[-0.7899,50.73],[-0.771,50.7369],[-0.7731,50.766],[-0.7582,50.7771],[-0.7327,50.7673],[-0.569,50.8021],[-0.3976,50.8021],[-0.2697,50.8313],[-0.1732,50.829],[0.1221,50.7608],[0.271,50.7474],[0.3652,50.819],[0.6242,50.8587],[0.7625,50.9309],[0.8023,50.9392],[0.9452,50.9094],[0.9798,50.9182],[0.9665,50.9827],[1.0669,51.0644],[1.1722,51.0774],[1.3572,51.131],[1.4048,51.1835],[1.4131,51.2217],[1.3776,51.3262],[1.4356,51.3437],[1.4483,51.3829],[1.4238,51.3921],[1.1009,51.3732],[0.9772,51.3492],[0.7644,51.3644],[0.7264,51.419],[0.7004,51.4098],[0.7129,51.3842],[0.5859,51.3911],[0.5545,51.4122],[0.641,51.4442],[0.7232,51.4467],[0.6948,51.477],[0.5348,51.4917],[0.3845,51.4531],[0.4285,51.4671],[0.4561,51.5056],[0.5527,51.518],[0.5689,51.5084],[0.6506,51.5358],[0.7713,51.5283],[0.9245,51.5883],[0.9518,51.617],[0.9115,51.6238],[0.9347,51.6359],[0.9518,51.6784],[0.9382,51.7064],[0.9456,51.7337],[0.93,51.7436],[0.7608,51.6927],[0.6986,51.72],[0.8737,51.7473],[0.887,51.7821],[0.9621,51.8138],[0.9798,51.8436],[1.0373,51.7822],[1.0654,51.7753],[1.1678,51.7902],[1.2764,51.8448],[1.2866,51.8817],[1.2644,51.864],[1.1996,51.8777],[1.2785,51.9279],[1.282,51.9466],[1.0691,51.9534],[1.1653,51.967],[1.2057,51.9534],[1.2744,51.9609],[1.2708,51.9815],[1.2144,51.9914],[1.1579,52.0285],[1.2644,51.9944],[1.3323,51.9401],[1.4248,52.0019],[1.472,52.0562],[1.4868,52.049],[1.5823,52.0815],[1.6309,52.1998],[1.6305,52.2705],[1.6836,52.3245],[1.7712,52.4859],[1.7476,52.5328],[1.7472,52.6252],[1.697,52.731],[1.6442,52.7758],[1.396,52.8914],[1.2747,52.9292],[0.9661,52.9744],[1.0139,52.9602],[0.9684,52.9475],[0.6847,52.9864],[0.5203,52.9553],[0.4723,52.9164],[0.4386,52.8407],[0.3792,52.7908],[0.3845,52.7684],[0.3255,52.8032],[0.2468,52.7957],[0.1709,52.8621],[0.1056,52.8894],[0.0103,52.8865],[0.0221,52.9126],[0.0821,52.9387],[0.1608,53.009],[0.3298,53.0865],[0.3566,53.1457],[0.3421,53.2263],[0.2561,53.3751],[0.2119,53.4127],[0.2195,53.4195],[0.1758,53.4377],[0.1519,53.4758],[0.096,53.4883],[-0.0466,53.5704],[-0.0959,53.5771],[-0.1886,53.6204],[-0.2794,53.7071],[-0.4863,53.6945],[-0.5299,53.6777],[-0.6195,53.7119],[-0.6775,53.7028],[-0.6925,53.687],[-0.7265,53.7006],[-0.637,53.732],[-0.5444,53.7095],[-0.2604,53.7354],[-0.1126,53.6375],[-0.045,53.6256],[0.0562,53.6413],[0.136,53.6107],[0.1096,53.5629],[0.1369,53.5771],[0.1493,53.6096],[0.1335,53.6426],[-0.1511,53.8993],[-0.2015,54.0]]],[[[50.2603,45.0099],[50.2644,44.9638],[50.2815,44.9555],[50.3246,44.9732],[50.3263,45.0331],[50.3484,45.0849],[50.2771,45.0715],[50.2603,45.0099]]],[[[24.5877,38.1592],[24.4778,38.1387],[24.3926,38.164],[24.3444,38.1592],[24.327,38.1859],[24.2525,38.228],[24.2525,38.2924],[24.2149,38.3364],[24.2108,38.3777],[24.1851,38.4076],[24.2039,38.4125],[24.1843,38.4396],[24.1882,38.4741],[24.2315,38.5224],[24.1265,38.5986],[24.1262,38.6352],[24.1556,38.6527],[24.0731,38.6794],[23.9842,38.6862],[23.9478,38.6694],[23.8576,38.6825],[23.7536,38.7192],[23.7227,38.7619],[23.6623,38.7551],[23.594,38.7702],[23.594,38.7893],[23.4805,38.8381],[23.4507,38.8746],[23.4256,38.9543],[23.3846,38.9675],[23.3716,39.0103],[23.2991,39.0425],[23.1997,39.009],[23.1275,39.0058],[23.0944,38.9879],[23.0868,38.9543],[23.0459,38.9468],[23.0357,38.9264],[22.8748,38.8749],[22.8338,38.8454],[22.833,38.8227],[22.9818,38.845],[22.992,38.8647],[22.9564,38.878],[22.9694,38.8891],[23.0364,38.8745],[23.0691,38.8466],[23.1436,38.8507],[23.2023,38.8299],[23.446,38.6767],[23.4977,38.631],[23.5051,38.5974],[23.6141,38.5579],[23.6358,38.5009],[23.594,38.4534],[23.6144,38.4609],[23.6492,38.4057],[23.8438,38.4057],[23.9124,38.392],[24.0422,38.4015],[24.0669,38.351],[24.0254,38.3305],[24.1216,38.3095],[24.1009,38.2753],[24.1148,38.2753],[24.1094,38.2563],[24.1535,38.2813],[24.1631,38.2678],[24.1262,38.2175],[24.1488,38.2132],[24.1426,38.227],[24.157,38.2296],[24.1853,38.218],[24.2108,38.166],[24.183,38.135],[24.2108,38.1245],[24.2039,38.0903],[24.2863,38.0862],[24.327,38.0425],[24.3138,38.0292],[24.3718,37.9719],[24.4021,37.9805],[24.3864,37.9965],[24.4297,38.0212],[24.4769,37.9625],[24.5667,37.9879],[24.5945,38.0624],[24.5799,38.0842],[24.5877,38.1592]]],[[[26.6123,39.0493],[26.5308,39.1506],[26.5397,39.166],[26.3822,39.2771],[26.4175,39.3305],[26.3547,39.3565],[26.3622,39.3789],[26.1636,39.3789],[26.1628,39.3236],[26.0606,39.2895],[26.0469,39.3032],[26.0332,39.2827],[25.9364,39.2766],[25.9172,39.2969],[25.8587,39.2592],[25.8421,39.228],[25.8552,39.2213],[25.8346,39.1796],[25.8889,39.1447],[26.064,39.0909],[26.0974,39.1057],[26.1873,39.2021],[26.28,39.1964],[26.2935,39.1772],[26.2256,39.1318],[26.1914,39.1276],[26.1602,39.0977],[26.0879,39.0834],[26.1657,39.0224],[26.2764,39.0106],[26.4242,38.9674],[26.5471,38.9879],[26.5471,39.009],[26.437,39.1035],[26.4893,39.1137],[26.5266,39.0834],[26.5193,39.0363],[26.5394,39.0194],[26.5974,39.0119],[26.6123,39.0493]]],[[[29.9187,45.6907],[29.731,45.5914],[29.9081,45.6664],[30.126,45.8115],[29.9187,45.6907]]],[[[53.4685,39.5849],[53.4919,39.5086],[53.5344,39.5277],[53.513,39.5912],[53.4685,39.5849]]],[[[50.6189,40.3],[50.6213,40.3261],[50.6069,40.3378],[50.5653,40.3378],[50.5728,40.31],[50.6189,40.3]]],[[[50.3884,40.4017],[50.3953,40.4204],[50.3605,40.4744],[50.3264,40.4819],[50.326,40.4581],[50.3587,40.4242],[50.3537,40.3999],[50.3884,40.4017]]]]}},{"type":"Feature","properties":{"scalerank":6,"min_zoom":5},"geometry":{"type":"MultiPolygon","coordinates":[[[[34.0066,27.5095],[33.9641,27.5341],[33.9136,27.5237],[33.9338,27.4947],[33.9563,27.5044],[34.0513,27.4486],[34.0285,27.502],[34.0066,27.5095]]],[[[7.541,4.4844],[7.4696,4.4714],[7.4046,4.498],[7.3462,4.4782],[7.3369,4.4601],[7.3582,4.4393],[7.4318,4.4348],[7.57,4.4594],[7.5845,4.4846],[7.541,4.4844]]],[[[-15.9738,11.1592],[-15.9812,11.2071],[-16.0345,11.1905],[-16.057,11.1636],[-16.045,11.1387],[-16.0221,11.1388],[-16.0325,11.1215],[-16.0171,11.0687],[-15.9745,11.1162],[-15.9738,11.1592]]],[[[-15.8571,11.3027],[-15.8965,11.2487],[-15.8961,11.2182],[-15.8713,11.2003],[-15.8376,11.214],[-15.8258,11.2927],[-15.8571,11.3027]]],[[[-16.173,11.2208],[-16.1728,11.2446],[-16.1513,11.2555],[-16.1544,11.2892],[-16.2065,11.3101],[-16.2487,11.2944],[-16.2816,11.2426],[-16.2515,11.2177],[-16.173,11.2208]]],[[[-16.2549,11.4473],[-16.214,11.4404],[-16.1642,11.4961],[-16.1655,11.5156],[-16.2367,11.508],[-16.3021,11.4535],[-16.2549,11.4473]]],[[[-16.2755,11.4955],[-16.2445,11.5522],[-16.248,11.5838],[-16.2828,11.5838],[-16.31,11.5535],[-16.3892,11.5477],[-16.4263,11.5292],[-16.412,11.5224],[-16.4194,11.4882],[-16.3368,11.5019],[-16.3138,11.4805],[-16.2755,11.4955]]],[[[26.9761,35.4313],[26.9002,35.4245],[26.8484,35.3724],[26.8767,35.3494],[27.0071,35.3978],[26.9997,35.4245],[27.012,35.4377],[26.9761,35.4313]]],[[[27.3968,36.4387],[27.3558,36.4796],[27.3102,36.4577],[27.297,36.4652],[27.2969,36.4276],[27.315,36.4114],[27.3496,36.4312],[27.3779,36.382],[27.4282,36.3852],[27.4419,36.4151],[27.3996,36.4101],[27.3875,36.4208],[27.3968,36.4387]]],[[[23.5872,37.3709],[23.4636,37.3573],[23.3743,37.3027],[23.4968,37.32],[23.5051,37.3498],[23.5477,37.3498],[23.5872,37.3709]]],[[[23.5462,37.7744],[23.4245,37.7618],[23.4344,37.7336],[23.4683,37.7145],[23.4574,37.6924],[23.4841,37.6789],[23.5256,37.6924],[23.5632,37.7683],[23.5462,37.7744]]],[[[8.3058,39.1933],[8.23,39.1728],[8.2246,39.157],[8.2573,39.1244],[8.2547,39.1071],[8.3058,39.1046],[8.3058,39.1933]]],[[[27.6576,40.6531],[27.6052,40.6633],[27.5545,40.6469],[27.5459,40.6603],[27.5264,40.6391],[27.536,40.602],[27.6047,40.5768],[27.7327,40.6252],[27.7024,40.653],[27.6576,40.6531]]],[[[16.2412,43.072],[16.1302,43.0884],[16.0488,43.0652],[16.0791,43.0533],[16.0845,43.0259],[16.0632,43.0174],[16.0872,43.0115],[16.2103,43.0333],[16.2521,43.0624],[16.2534,43.0779],[16.2412,43.072]]],[[[16.3914,43.3464],[16.277,43.4119],[16.2004,43.407],[16.207,43.3873],[16.3486,43.3387],[16.376,43.3334],[16.3914,43.3464]]],[[[14.4456,44.566],[14.4041,44.6103],[14.3975,44.6856],[14.3358,44.7168],[14.3494,44.6553],[14.3826,44.6033],[14.363,44.5734],[14.4226,44.5739],[14.4661,44.5386],[14.4382,44.5386],[14.485,44.5006],[14.5344,44.4841],[14.4456,44.566]]],[[[-1.2814,46.1562],[-1.2541,46.1624],[-1.3081,46.2069],[-1.4254,46.2238],[-1.4111,46.2381],[-1.4905,46.2244],[-1.508,46.2456],[-1.4739,46.2381],[-1.4801,46.2592],[-1.5558,46.2518],[-1.5043,46.2077],[-1.4329,46.2108],[-1.2814,46.1562]]],[[[-2.2001,46.9854],[-2.2,47.0244],[-2.2956,47.0332],[-2.2473,46.9643],[-2.2202,46.9739],[-2.1948,46.9619],[-2.1426,46.9099],[-2.1448,46.9575],[-2.2001,46.9854]]],[[[-3.1147,47.3315],[-3.243,47.3953],[-3.2621,47.3832],[-3.241,47.3206],[-3.2235,47.3122],[-3.067,47.3019],[-3.0727,47.3283],[-3.1147,47.3315]]],[[[0.9115,51.4122],[0.7669,51.4479],[0.7339,51.4122],[0.7948,51.3706],[0.9364,51.371],[0.9421,51.383],[0.9115,51.4122]]],[[[32.9893,46.0426],[32.9787,46.0533],[32.9136,46.0388],[32.8817,46.0554],[32.7832,46.0463],[32.6194,46.06],[33.04,46.0122],[33.0575,46.0252],[32.9893,46.0426]]],[[[52.2892,12.2008],[52.2004,12.2064],[52.1184,12.2415],[52.0641,12.2355],[52.1123,12.1986],[52.1624,12.1974],[52.1799,12.1728],[52.2244,12.1803],[52.2402,12.1569],[52.3885,12.1489],[52.3711,12.1716],[52.3947,12.1873],[52.3895,12.1973],[52.3194,12.1883],[52.2892,12.2008]]],[[[56.0553,17.5598],[55.9642,17.5199],[55.9728,17.4984],[56.0469,17.4934],[56.0956,17.5189],[56.0679,17.5322],[56.0553,17.5598]]],[[[54.1908,24.2272],[54.1883,24.2775],[54.137,24.3269],[54.1152,24.3185],[54.1016,24.2978],[54.1126,24.2717],[54.1808,24.2451],[54.1908,24.2272]]],[[[54.0369,26.4884],[54.0505,26.5178],[54.0188,26.5556],[53.9455,26.5651],[53.9028,26.5362],[53.9554,26.4926],[54.0369,26.4884]]],[[[53.3171,26.8],[53.382,26.8031],[53.3374,26.8287],[53.1781,26.8569],[53.1494,26.8479],[53.2228,26.7995],[53.3171,26.8]]],[[[49.5654,27.3518],[49.5012,27.3605],[49.4536,27.3164],[49.4562,27.2904],[49.4876,27.3341],[49.5313,27.3462],[49.554,27.3283],[49.5381,27.3115],[49.5654,27.2978],[49.6073,27.3225],[49.6888,27.3177],[49.5654,27.3518]]],[[[48.3382,29.4628],[48.2811,29.4711],[48.2692,29.4297],[48.3169,29.427],[48.3974,29.3875],[48.389,29.4249],[48.3382,29.4628]]],[[[26.8718,37.1341],[26.8441,37.162],[26.8498,37.1873],[26.8083,37.2003],[26.7727,37.1827],[26.8169,37.1466],[26.8172,37.1199],[26.8523,37.1246],[26.8376,37.1121],[26.8499,37.0985],[26.8869,37.1057],[26.8718,37.1341]]],[[[47.8511,43.9992],[47.6657,43.9963],[47.6282,43.9626],[47.6428,43.9444],[47.6802,43.9514],[47.6841,43.9395],[47.7629,43.9284],[47.8669,43.9838],[47.8511,43.9992]]],[[[49.8224,46.314],[49.75,46.3575],[49.72,46.3568],[49.7669,46.2478],[49.8047,46.2105],[49.8413,46.2628],[49.8224,46.314]]]]}},{"type":"Feature","properties":{"scalerank":5,"min_zoom":3},"geometry":{"type":"MultiPolygon","coordinates":[[[[7.2742,4.4919],[7.2295,4.5328],[7.138,4.397],[7.1817,4.382],[7.2984,4.4147],[7.3325,4.4919],[7.2742,4.4919]]],[[[-16.0489,11.1183],[-16.0677,11.1479],[-16.0566,11.1852],[-16.1,11.2082],[-16.1177,11.1729],[-16.1383,11.1866],[-16.1619,11.1662],[-16.1794,11.1247],[-16.1997,11.1108],[-16.2065,11.1251],[-16.1867,11.132],[-16.2016,11.1356],[-16.248,11.1047],[-16.1885,11.0396],[-16.145,11.029],[-16.1513,11.0425],[-16.132,11.0637],[-16.132,11.029],[-16.0557,11.0495],[-16.0631,11.1183],[-16.0489,11.1183]]],[[[-15.6584,11.3027],[-15.6995,11.3058],[-15.754,11.2759],[-15.7751,11.2338],[-15.7595,11.2219],[-15.782,11.2003],[-15.7733,11.1731],[-15.7342,11.1791],[-15.7268,11.1661],[-15.7268,11.2208],[-15.6986,11.2209],[-15.6932,11.2555],[-15.6584,11.2338],[-15.6584,11.3027]]],[[[-16.0221,11.5122],[-16.0836,11.4678],[-16.0352,11.42],[-16.0011,11.4473],[-15.9874,11.433],[-15.9738,11.4473],[-15.9657,11.4267],[-15.898,11.4535],[-15.9134,11.4984],[-15.898,11.5429],[-15.9061,11.5784],[-15.9184,11.5913],[-15.9309,11.5787],[-15.9396,11.6049],[-16.0013,11.569],[-16.0221,11.5122]]],[[[-16.1655,11.8712],[-16.1548,11.8078],[-16.1212,11.7998],[-16.0836,11.7551],[-16.0414,11.7551],[-15.9856,11.8874],[-16.037,11.8992],[-16.0799,11.8732],[-16.1655,11.8712]]],[[[-16.3778,19.8135],[-16.3909,19.8261],[-16.4182,19.8056],[-16.4263,19.749],[-16.464,19.6846],[-16.4325,19.6013],[-16.3671,19.7211],[-16.3368,19.8557],[-16.3459,19.8684],[-16.3778,19.8135]]],[[[-17.9339,27.852],[-17.9899,27.8237],[-18.0568,27.7565],[-18.1405,27.7688],[-18.1672,27.7576],[-18.1604,27.7224],[-18.1269,27.7003],[-18.0531,27.6912],[-18.0158,27.6535],[-17.9795,27.6425],[-17.9652,27.687],[-17.9302,27.7187],[-17.8793,27.8145],[-17.8965,27.8403],[-17.9339,27.852]]],[[[-17.3097,28.2071],[-17.3388,28.171],[-17.3432,28.0977],[-17.3101,28.0535],[-17.2579,28.0246],[-17.185,28.0316],[-17.0984,28.1008],[-17.1161,28.1462],[-17.2127,28.2054],[-17.2592,28.2177],[-17.3097,28.2071]]],[[[-13.4867,29.2846],[-13.5082,29.2895],[-13.5412,29.2294],[-13.492,29.2427],[-13.4779,29.2663],[-13.4867,29.2846]]],[[[10.9915,33.8417],[10.9299,33.8963],[10.8978,33.8793],[10.773,33.8963],[10.736,33.8848],[10.7476,33.8127],[10.7278,33.7582],[10.7402,33.7155],[10.7634,33.7002],[10.8089,33.7343],[10.8262,33.7298],[10.8769,33.6882],[10.8711,33.6543],[10.8878,33.6401],[10.9411,33.7282],[10.9567,33.7325],[10.9567,33.6977],[10.971,33.7387],[11.0603,33.8007],[10.9915,33.8417]]],[[[27.2119,35.5207],[27.2051,35.5344],[27.2209,35.551],[27.1585,35.612],[27.1567,35.634],[27.2188,35.7261],[27.2119,35.7773],[27.2324,35.8223],[27.221,35.8292],[27.1846,35.8012],[27.1567,35.8012],[27.1541,35.718],[27.0679,35.5889],[27.1138,35.551],[27.1188,35.4827],[27.1021,35.4791],[27.1089,35.4661],[27.093,35.4518],[27.1431,35.4204],[27.1362,35.404],[27.1659,35.4233],[27.1616,35.4501],[27.1809,35.4689],[27.2324,35.4722],[27.2332,35.5041],[27.2119,35.5207]]],[[[14.548,35.89],[14.5139,35.9008],[14.5078,35.9285],[14.4451,35.9604],[14.3494,35.9731],[14.3773,35.9936],[14.322,35.9731],[14.3457,35.8759],[14.4245,35.8237],[14.5275,35.8012],[14.5325,35.822],[14.5618,35.8298],[14.5671,35.8456],[14.548,35.89]]],[[[23.0117,36.3083],[22.9446,36.3894],[22.9016,36.3383],[22.9162,36.2851],[22.9087,36.206],[22.9907,36.137],[23.052,36.1448],[23.0584,36.2165],[23.1039,36.2372],[23.0769,36.2707],[23.0117,36.3083]]],[[[26.3622,36.6379],[26.4038,36.5895],[26.366,36.5895],[26.3416,36.569],[26.2948,36.5966],[26.2615,36.5876],[26.266,36.5479],[26.301,36.5133],[26.3495,36.5156],[26.3486,36.5411],[26.3733,36.5724],[26.466,36.5827],[26.4305,36.6187],[26.3622,36.6379]]],[[[24.4744,36.7471],[24.4203,36.7711],[24.4089,36.7608],[24.4714,36.7042],[24.4265,36.6994],[24.3954,36.7359],[24.3543,36.754],[24.327,36.7199],[24.3407,36.7124],[24.327,36.6994],[24.327,36.6509],[24.4846,36.6652],[24.5461,36.6888],[24.5461,36.754],[24.5334,36.768],[24.4744,36.7471]]],[[[27.2809,36.9079],[27.1642,36.8912],[27.0612,36.8393],[26.986,36.7676],[26.9588,36.7813],[26.9263,36.7656],[26.9177,36.7161],[26.9729,36.6789],[26.9657,36.7056],[26.986,36.7199],[26.9758,36.7408],[26.992,36.7536],[27.0475,36.7751],[27.1299,36.7608],[27.2142,36.8239],[27.3558,36.8632],[27.2809,36.9079]]],[[[26.0059,36.9389],[25.9507,36.9184],[25.9719,36.898],[25.8455,36.8496],[25.8516,36.8311],[25.8631,36.8359],[25.8455,36.8086],[25.739,36.795],[25.7555,36.77],[25.8796,36.795],[25.9214,36.8411],[26.0059,36.8912],[26.0747,36.8933],[26.0059,36.9389]]],[[[25.2798,37.0488],[25.2661,37.055],[25.2798,37.0693],[25.263,37.0898],[25.2933,37.1518],[25.2661,37.1518],[25.273,37.1376],[25.2593,37.124],[25.224,37.1343],[25.2388,37.1518],[25.1501,37.1105],[25.1358,37.0938],[25.1563,37.0898],[25.113,37.0627],[25.1034,37.0129],[25.1885,36.9853],[25.2798,37.0488]]],[[[25.5261,37.1962],[25.4951,37.1891],[25.3718,37.0891],[25.3418,37.083],[25.3821,37.0351],[25.3889,36.9868],[25.4231,36.9669],[25.4499,36.9184],[25.5525,36.9689],[25.5808,37.0178],[25.5925,37.1425],[25.5746,37.1785],[25.5261,37.1962]]],[[[25.3952,37.4182],[25.4077,37.4368],[25.4573,37.446],[25.4629,37.47],[25.3954,37.494],[25.3773,37.4674],[25.348,37.5081],[25.3127,37.4882],[25.307,37.4727],[25.3264,37.4629],[25.307,37.4119],[25.3952,37.4182]]],[[[25.0913,37.5826],[25.1255,37.5559],[25.216,37.5329],[25.2593,37.59],[25.2456,37.6242],[25.1648,37.6458],[25.1494,37.631],[25.1227,37.6517],[25.0879,37.6447],[25.0532,37.6789],[24.9849,37.6789],[24.9979,37.6379],[25.0913,37.5826]]],[[[24.3748,37.6863],[24.3304,37.684],[24.3279,37.665],[24.2893,37.6453],[24.2754,37.5317],[24.313,37.5382],[24.3958,37.6247],[24.4025,37.6557],[24.3748,37.6863]]],[[[26.3622,37.6863],[26.2808,37.6754],[26.1974,37.6323],[26.0742,37.6379],[25.9797,37.5487],[25.9763,37.516],[26.0579,37.5192],[26.1279,37.5558],[26.2306,37.5714],[26.3191,37.6343],[26.3622,37.6863]]],[[[27.0475,37.7272],[27.0339,37.7614],[27.0679,37.7744],[26.994,37.784],[26.9934,37.7961],[26.9451,37.7887],[26.9661,37.7477],[26.8064,37.8145],[26.6581,37.7928],[26.5803,37.7408],[26.5984,37.6772],[26.7083,37.7136],[26.7609,37.6897],[26.7974,37.6447],[26.8693,37.6447],[26.91,37.678],[27.0008,37.7066],[27.0612,37.7067],[27.0653,37.7291],[27.0475,37.7272]]],[[[20.9014,37.7924],[20.8501,37.8364],[20.7525,37.8549],[20.709,37.9252],[20.6857,37.9296],[20.6195,37.8644],[20.6195,37.8228],[20.8151,37.6515],[20.8469,37.6533],[20.8435,37.7016],[20.8939,37.7335],[20.9544,37.7239],[20.9963,37.6993],[20.9868,37.7299],[20.918,37.7653],[20.9014,37.7924]]],[[[24.9917,37.7682],[24.9575,37.7744],[24.9849,37.816],[24.9434,37.8433],[24.9637,37.8968],[24.9539,37.906],[24.8484,37.9149],[24.8301,37.9631],[24.7791,38.0002],[24.6936,37.9658],[24.6956,37.9355],[24.6838,37.9327],[24.718,37.8986],[24.7162,37.8791],[24.7385,37.8918],[24.7757,37.8623],[24.8,37.816],[24.8166,37.8239],[24.8652,37.7738],[24.8921,37.7682],[24.916,37.7198],[24.9575,37.6863],[24.9917,37.7682]]],[[[1.5264,38.6778],[1.4861,38.6946],[1.4313,38.7549],[1.4181,38.7279],[1.3828,38.7116],[1.3937,38.7042],[1.3829,38.6421],[1.4581,38.6813],[1.5234,38.6494],[1.5814,38.6531],[1.5657,38.6915],[1.5264,38.6778]]],[[[20.5855,38.6179],[20.6023,38.6268],[20.6476,38.5838],[20.6489,38.6086],[20.7022,38.6179],[20.6953,38.6384],[20.716,38.627],[20.7225,38.7073],[20.7061,38.6804],[20.697,38.6898],[20.7289,38.7306],[20.7293,38.7817],[20.7178,38.8227],[20.6863,38.8501],[20.6026,38.7817],[20.5623,38.6912],[20.5446,38.5695],[20.5855,38.6179]]],[[[24.6765,38.8098],[24.5786,38.8756],[24.5607,38.9442],[24.4915,38.981],[24.4611,38.9677],[24.4622,38.911],[24.4362,38.878],[24.4778,38.878],[24.5051,38.8445],[24.557,38.8457],[24.574,38.8098],[24.5324,38.7961],[24.5667,38.7625],[24.6008,38.7927],[24.6138,38.7731],[24.6575,38.7692],[24.6829,38.7842],[24.6765,38.8098]]],[[[1.606,39.0913],[1.5227,39.1189],[1.4033,39.0776],[1.3568,39.0776],[1.2928,39.0333],[1.301,38.9678],[1.2184,38.9541],[1.2166,38.8851],[1.2599,38.8579],[1.2835,38.8746],[1.3078,38.8579],[1.3435,38.8624],[1.3706,38.8318],[1.4031,38.8323],[1.4147,38.8906],[1.5098,38.9302],[1.5762,38.9858],[1.5933,39.0202],[1.6231,39.0292],[1.606,39.0913]]],[[[20.0921,39.4335],[20.0819,39.4473],[20.0327,39.4393],[19.9365,39.473],[19.9002,39.6042],[19.9235,39.6035],[19.9275,39.6253],[19.845,39.6527],[19.8587,39.6662],[19.8391,39.6799],[19.8416,39.7042],[19.9338,39.7412],[19.948,39.7904],[19.9343,39.7829],[19.8518,39.8245],[19.7991,39.8028],[19.6675,39.7935],[19.6265,39.7482],[19.6502,39.7418],[19.6532,39.7147],[19.6717,39.7241],[19.6813,39.68],[19.7189,39.6731],[19.7485,39.62],[19.8289,39.5723],[19.8656,39.4686],[19.8789,39.4532],[19.9275,39.4472],[19.9118,39.4303],[20.1057,39.3647],[20.1177,39.378],[20.0921,39.4335]]],[[[25.4499,40.0362],[25.3821,40.0225],[25.348,39.9816],[25.2852,39.9534],[25.261,39.9909],[25.2251,40.0089],[25.0334,39.9953],[25.0682,39.9208],[25.047,39.8786],[25.0674,39.8581],[25.047,39.8376],[25.1221,39.8581],[25.1358,39.8376],[25.1649,39.8591],[25.1432,39.8171],[25.2145,39.8034],[25.2022,39.841],[25.1773,39.845],[25.1942,39.8736],[25.2251,39.8854],[25.1971,39.8928],[25.2507,39.9185],[25.2798,39.8891],[25.2388,39.8581],[25.2903,39.8308],[25.2953,39.8077],[25.349,39.7877],[25.3699,39.8171],[25.3403,39.8742],[25.3685,39.899],[25.348,39.9064],[25.3889,39.9195],[25.3856,39.9444],[25.4016,39.9638],[25.4499,39.9884],[25.4368,40.0225],[25.4499,40.0362]]],[[[26.0122,40.1666],[25.9631,40.1571],[25.9719,40.2211],[25.926,40.2428],[25.759,40.2067],[25.6862,40.1608],[25.6633,40.1262],[25.766,40.0972],[25.9902,40.1369],[26.0122,40.1461],[26.0122,40.1666]]],[[[25.6907,40.4477],[25.6975,40.461],[25.6719,40.4875],[25.5759,40.5147],[25.4435,40.4819],[25.5671,40.3999],[25.6826,40.4231],[25.6907,40.4477]]],[[[24.7864,40.7351],[24.7438,40.7593],[24.7317,40.7835],[24.6423,40.8039],[24.5334,40.7182],[24.512,40.6668],[24.5168,40.6391],[24.5868,40.622],[24.6423,40.5706],[24.7557,40.6199],[24.7801,40.6122],[24.7658,40.6697],[24.7864,40.7078],[24.7593,40.7234],[24.7864,40.7351]]],[[[10.4434,42.8454],[10.4124,42.8734],[10.3473,42.8059],[10.3221,42.8117],[10.3268,42.8262],[10.2721,42.8273],[10.2659,42.8044],[10.133,42.8119],[10.1014,42.784],[10.1068,42.7574],[10.1472,42.7373],[10.2297,42.7354],[10.2454,42.7573],[10.2654,42.7446],[10.3045,42.7598],[10.3137,42.743],[10.3379,42.7648],[10.4155,42.7089],[10.4307,42.7221],[10.4251,42.7408],[10.3888,42.7635],[10.43,42.7876],[10.4434,42.8454]]],[[[17.1318,42.9696],[17.0321,42.9826],[16.8241,42.9621],[16.7205,42.9901],[16.6317,42.9826],[16.7068,42.9696],[16.6384,42.9348],[16.6554,42.9263],[16.8514,42.9007],[16.9729,42.9267],[17.2002,42.9218],[17.1318,42.9696]]],[[[16.6931,43.1273],[17.1934,43.1273],[16.8644,43.1688],[16.7277,43.1646],[16.6863,43.1818],[16.6595,43.216],[16.5833,43.216],[16.5628,43.229],[16.5205,43.229],[16.5833,43.1887],[16.4964,43.2181],[16.3716,43.1955],[16.5598,43.143],[16.6931,43.1273]]],[[[16.5007,43.2842],[16.6283,43.2637],[16.8132,43.2678],[16.8723,43.288],[16.8923,43.3122],[16.8303,43.3464],[16.7962,43.3464],[16.8098,43.3532],[16.6877,43.377],[16.4263,43.3941],[16.4535,43.3532],[16.4263,43.3252],[16.4058,43.3327],[16.5007,43.2842]]],[[[15.1445,43.9497],[15.0414,44.0264],[15.0227,44.0722],[15.0005,44.0794],[15.0073,44.093],[14.9544,44.1032],[14.9391,44.1271],[14.8496,44.1756],[14.8701,44.1408],[15.0031,44.0523],[15.1066,43.9254],[15.1945,43.8726],[15.1968,43.8864],[15.1333,43.9212],[15.1955,43.8952],[15.2202,43.9012],[15.2168,43.9128],[15.1445,43.9497]]],[[[14.877,44.5598],[14.9186,44.5045],[14.8975,44.4909],[15.0208,44.43],[15.049,44.3947],[15.083,44.4015],[15.1172,44.3872],[15.0892,44.3742],[15.1104,44.3537],[15.0967,44.34],[15.1288,44.312],[15.1724,44.2991],[15.1309,44.3326],[15.2202,44.3127],[15.2066,44.3264],[15.2271,44.3264],[15.2158,44.3381],[15.165,44.3674],[15.2544,44.34],[15.0833,44.4619],[15.0415,44.4766],[15.0967,44.4152],[15.048,44.4394],[14.966,44.5239],[14.9111,44.5523],[15.0755,44.4841],[15.0412,44.5275],[15.0039,44.5361],[14.9041,44.61],[14.8801,44.6092],[14.8838,44.5797],[14.8452,44.6005],[14.7337,44.7032],[14.7615,44.6586],[14.877,44.5598]]],[[[14.7405,44.7783],[14.8496,44.7032],[14.8591,44.7174],[14.8224,44.7714],[14.7405,44.8205],[14.7533,44.8459],[14.6858,44.8472],[14.7268,44.7988],[14.6995,44.8131],[14.7057,44.7925],[14.6579,44.7988],[14.6995,44.7652],[14.7541,44.7578],[14.7405,44.7783]]],[[[14.5139,44.6622],[14.4722,44.708],[14.4729,44.7652],[14.4519,44.7988],[14.4666,44.8048],[14.4519,44.9223],[14.4735,44.9714],[14.4177,44.998],[14.3877,45.039],[14.363,45.0936],[14.3562,45.1693],[14.3136,45.1724],[14.2785,45.1133],[14.3408,45.0556],[14.3767,44.9869],[14.4114,44.9564],[14.3903,44.9604],[14.3874,44.909],[14.3596,44.9086],[14.3015,44.9434],[14.2942,44.9086],[14.3141,44.8938],[14.3298,44.8339],[14.3616,44.816],[14.3682,44.7611],[14.3972,44.7516],[14.3945,44.7076],[14.4279,44.6566],[14.473,44.6203],[14.5134,44.6188],[14.5344,44.6343],[14.5086,44.6453],[14.5139,44.6622]]],[[[14.7234,44.9433],[14.7568,44.9487],[14.7472,44.97],[14.7609,44.9775],[14.815,44.9775],[14.7998,45.0052],[14.74,45.0443],[14.7405,45.0731],[14.6653,45.0873],[14.6653,45.1618],[14.5974,45.1664],[14.6238,45.1755],[14.584,45.2302],[14.5959,45.2375],[14.5488,45.2487],[14.5344,45.2375],[14.5498,45.2214],[14.5213,45.1488],[14.5301,45.1348],[14.4763,45.1284],[14.4627,45.101],[14.4251,45.0873],[14.4601,45.0524],[14.5105,45.0322],[14.617,45.0246],[14.6033,45.039],[14.6209,45.0456],[14.6289,44.9782],[14.7234,44.9433]]],[[[-1.2194,45.9439],[-1.2476,46.0018],[-1.2738,45.9976],[-1.3399,46.0378],[-1.4049,46.0532],[-1.3717,45.9953],[-1.3783,45.976],[-1.2604,45.8818],[-1.2269,45.8198],[-1.2092,45.8142],[-1.1761,45.8987],[-1.2194,45.9439]]],[[[-2.0827,49.2602],[-2.2411,49.2602],[-2.2336,49.1845],[-2.2001,49.192],[-2.1687,49.1783],[-2.1379,49.2056],[-2.0245,49.1713],[-2.0083,49.2125],[-2.0207,49.2353],[-2.0827,49.2602]]],[[[-1.0828,50.7133],[-1.1091,50.7329],[-1.3185,50.7722],[-1.4009,50.722],[-1.4254,50.7201],[-1.4187,50.7338],[-1.5059,50.7077],[-1.5695,50.658],[-1.486,50.6693],[-1.2792,50.5825],[-1.1684,50.6035],[-1.1564,50.6508],[-1.0623,50.6853],[-1.0828,50.7133]]],[[[4.0366,51.6859],[3.9618,51.7381],[3.8142,51.7482],[3.6895,51.725],[3.6867,51.6927],[3.7654,51.6784],[3.8093,51.6995],[3.8856,51.6684],[3.9015,51.642],[3.9603,51.6238],[4.0549,51.6326],[4.0994,51.6541],[4.0973,51.6702],[4.0366,51.6859]]],[[[4.8926,53.111],[4.9102,53.1346],[4.8898,53.1809],[4.8543,53.1877],[4.7337,53.0842],[4.7077,53.0285],[4.7268,53.0031],[4.7957,53.0003],[4.8931,53.0761],[4.9131,53.1048],[4.8926,53.111]]],[[[-9.9636,53.9538],[-9.9569,53.9892],[-9.9363,53.9892],[-9.9446,54.0],[-10.1992,54.0],[-10.2659,53.9818],[-10.1628,53.9614],[-10.0666,53.9676],[-10.0555,53.9137],[-10.0183,53.9129],[-9.958,53.8806],[-9.9363,53.8925],[-9.9227,53.9538],[-9.9636,53.9538]]],[[[31.9403,46.2046],[31.6182,46.2592],[31.5544,46.2963],[31.522,46.3685],[31.5044,46.3734],[31.522,46.3132],[31.5803,46.2628],[31.7372,46.2208],[32.1663,46.1494],[31.9403,46.2046]]],[[[53.03,39.0613],[53.0402,38.9067],[53.1021,38.7551],[53.054,39.0268],[53.0588,39.0671],[53.0866,39.0913],[53.0576,39.0944],[53.03,39.0613]]],[[[50.1703,44.8301],[50.1892,44.8615],[50.1414,44.8403],[50.0734,44.8618],[50.0583,44.9291],[50.0428,44.9245],[50.0212,44.944],[50.021,44.9758],[50.0536,45.0388],[50.1122,45.0625],[50.1135,45.0799],[50.052,45.0656],[49.9862,44.968],[49.9861,44.9468],[50.0418,44.8949],[50.0794,44.8335],[50.1431,44.8179],[50.1703,44.8301]]],[[[53.657,24.1584],[53.7747,24.1301],[53.8345,24.1522],[53.8374,24.1774],[53.8846,24.1412],[53.951,24.1497],[53.9649,24.1726],[53.9546,24.201],[53.863,24.2347],[53.8482,24.2751],[53.7703,24.2272],[53.7228,24.2299],[53.6278,24.1719],[53.657,24.1584]]],[[[53.3228,24.2627],[53.3458,24.2983],[53.4404,24.3413],[53.447,24.3798],[53.4168,24.4128],[53.3616,24.3508],[53.3667,24.3192],[53.3296,24.3361],[53.2419,24.2978],[53.1943,24.303],[53.1846,24.287],[53.1865,24.2759],[53.2661,24.2738],[53.276,24.2887],[53.3228,24.2627]]],[[[50.5516,26.1942],[50.6035,26.1977],[50.5933,26.2386],[50.5454,26.2277],[50.4815,26.2426],[50.4612,26.2252],[50.4489,26.1616],[50.4909,26.048],[50.4605,25.9853],[50.4678,25.9576],[50.5314,25.8852],[50.5653,25.7895],[50.6035,25.8546],[50.6184,25.9647],[50.6148,26.1112],[50.6349,26.1157],[50.6457,26.1458],[50.6328,26.1468],[50.6199,26.1855],[50.5947,26.1603],[50.5516,26.1942]]],[[[-16.4772,19.7315],[-16.4969,19.7055],[-16.4842,19.6777],[-16.4772,19.7315]]],[[[36.9421,25.4184],[36.9043,25.3941],[36.8994,25.4188],[36.9157,25.4267],[36.8237,25.4599],[36.7765,25.4964],[36.7987,25.4474],[36.8998,25.361],[36.9614,25.4145],[36.9421,25.4184]]],[[[36.7902,25.4979],[36.8792,25.4433],[36.8745,25.4633],[36.7256,25.5652],[36.6913,25.5672],[36.6814,25.5535],[36.7192,25.5556],[36.7902,25.4979]]],[[[36.6831,25.5723],[36.6379,25.5746],[36.6311,25.5924],[36.6094,25.5915],[36.531,25.6446],[36.5226,25.6622],[36.5436,25.7029],[36.4915,25.6451],[36.5394,25.5892],[36.5461,25.6032],[36.5677,25.5985],[36.6677,25.5498],[36.6831,25.5723]]]]}},{"type":"Feature","properties":{"scalerank":6,"min_zoom":6},"geometry":{"type":"MultiPolygon","coordinates":[[[[33.9551,26.79],[34.0036,26.7082],[33.9756,26.79],[33.9551,26.79]]],[[[73.6463,10.0847],[73.6439,10.0946],[73.6326,10.0573],[73.6463,10.0847]]],[[[-15.6653,11.4945],[-15.6653,11.5087],[-15.6932,11.5019],[-15.7137,11.4678],[-15.7355,11.4694],[-15.7351,11.4499],[-15.6857,11.4535],[-15.6796,11.4404],[-15.6527,11.4661],[-15.6653,11.4945]]],[[[33.376,31.1895],[33.2698,31.2168],[33.4759,31.1418],[33.376,31.1895]]],[[[33.0786,31.2271],[32.9347,31.1479],[33.1026,31.2268],[33.2625,31.2236],[33.1047,31.2403],[33.0786,31.2271]]],[[[-16.487,32.4917],[-16.5067,32.5442],[-16.5423,32.5805],[-16.487,32.4917]]],[[[-16.34,33.0572],[-16.2754,33.0602],[-16.2891,33.1087],[-16.3413,33.1059],[-16.3983,33.0398],[-16.3643,33.0344],[-16.34,33.0572]]],[[[10.9641,34.6567],[11.0557,34.621],[11.1108,34.6595],[11.1013,34.671],[10.9872,34.6718],[10.9641,34.6567]]],[[[24.1284,34.8553],[24.0806,34.869],[24.0464,34.8491],[24.1353,34.815],[24.1214,34.8361],[24.1284,34.8553]]],[[[23.278,35.8974],[23.2957,35.8596],[23.3333,35.8292],[23.3307,35.8649],[23.278,35.8974]]],[[[25.7356,36.3835],[25.7464,36.358],[25.8176,36.3636],[25.8469,36.3503],[25.8552,36.3636],[25.7678,36.4016],[25.7356,36.3835]]],[[[24.8682,36.6652],[24.8408,36.6652],[24.9229,36.6023],[24.9637,36.5963],[24.9479,36.6243],[24.8682,36.6652]]],[[[25.1463,36.7199],[25.1047,36.6994],[25.0674,36.6379],[25.0931,36.6366],[25.1834,36.7062],[25.1858,36.7191],[25.1463,36.7199]]],[[[21.7642,36.754],[21.7505,36.7124],[21.7642,36.7199],[21.7778,36.6994],[21.78,36.7475],[21.7642,36.754]]],[[[24.6423,36.7888],[24.6218,36.795],[24.6082,36.7813],[24.6448,36.7473],[24.6594,36.7506],[24.6658,36.7746],[24.6423,36.7888]]],[[[21.6958,36.7404],[21.7293,36.795],[21.7009,36.7911],[21.6958,36.7404]]],[[[24.6082,36.8359],[24.5618,36.8456],[24.5212,36.8174],[24.5398,36.7845],[24.5728,36.7819],[24.6082,36.8359]]],[[[25.4231,36.8325],[25.4344,36.8227],[25.4778,36.8352],[25.4784,36.8707],[25.4231,36.8325]]],[[[25.6087,36.8837],[25.674,36.8795],[25.6844,36.8912],[25.6497,36.9116],[25.6087,36.8837]]],[[[-7.9557,36.9805],[-7.9039,36.9659],[-7.8533,36.9868],[-7.8601,37.0004],[-7.904,36.9748],[-7.9557,36.9805]]],[[[25.0811,36.9526],[25.0599,36.9731],[25.0879,37.042],[25.0728,37.0422],[25.0259,37.0079],[25.047,36.9692],[25.0811,36.9526]]],[[[25.8074,37.1034],[25.8368,37.1024],[25.8346,37.1376],[25.7805,37.124],[25.8005,37.0959],[25.8074,37.1034]]],[[[23.1284,37.2884],[23.0944,37.2747],[23.131,37.2437],[23.1624,37.2442],[23.1585,37.2714],[23.1284,37.2884]]],[[[23.4773,37.5559],[23.4754,37.5408],[23.4363,37.5218],[23.4812,37.5096],[23.5256,37.5218],[23.4773,37.5559]]],[[[-0.7327,37.7477],[-0.7545,37.7744],[-0.7469,37.6838],[-0.7265,37.6652],[-0.7401,37.7025],[-0.7327,37.7477]]],[[[12.2732,37.9395],[12.2997,37.9193],[12.3577,37.914],[12.3688,37.9252],[12.3142,37.9464],[12.2732,37.9395]]],[[[14.9663,38.4329],[14.9483,38.3964],[14.9868,38.3641],[15.0073,38.3777],[14.9663,38.4329]]],[[[14.9077,38.4739],[14.9663,38.4534],[14.9526,38.4814],[14.9793,38.4875],[14.9579,38.522],[14.9248,38.5224],[14.9006,38.4987],[14.9077,38.4739]]],[[[14.8633,38.549],[14.877,38.5695],[14.867,38.5811],[14.7938,38.5716],[14.8633,38.549]]],[[[20.9411,38.6042],[20.8939,38.549],[20.9076,38.549],[20.9411,38.6042]]],[[[25.5889,38.6117],[25.5232,38.5974],[25.5608,38.5633],[25.5608,38.5353],[25.605,38.5353],[25.6228,38.5791],[25.5889,38.6117]]],[[[23.4363,39.1461],[23.4605,39.1318],[23.5129,39.1785],[23.4705,39.2138],[23.3987,39.1636],[23.3953,39.1461],[23.4363,39.1461]]],[[[20.1404,39.2417],[20.1253,39.236],[20.1384,39.2093],[20.1687,39.1828],[20.2019,39.1796],[20.1404,39.2417]]],[[[25.0122,39.5639],[24.9766,39.5377],[24.9849,39.467],[25.0474,39.5454],[25.0122,39.5639]]],[[[26.0606,39.8376],[25.978,39.8342],[26.075,39.7849],[26.083,39.8349],[26.0606,39.8376]]],[[[10.8958,42.3867],[10.883,42.3922],[10.8618,42.3663],[10.9233,42.3187],[10.9398,42.3307],[10.8958,42.3867]]],[[[16.8582,42.784],[16.8102,42.7753],[16.803,42.7635],[16.8241,42.7641],[16.8098,42.7498],[16.8208,42.7361],[16.9054,42.7318],[16.9364,42.7555],[16.9211,42.7772],[16.8582,42.784]]],[[[9.8401,43.0652],[9.8069,43.0664],[9.7846,43.0284],[9.8015,43.0078],[9.8421,43.025],[9.8548,43.0443],[9.8401,43.0652]]],[[[15.6789,43.648],[15.6502,43.673],[15.6038,43.6747],[15.672,43.6374],[15.7404,43.6275],[15.6789,43.648]]],[[[15.2612,43.8671],[15.2278,43.8745],[15.3089,43.8056],[15.3957,43.7724],[15.2612,43.8671]]],[[[14.8428,44.1483],[14.8224,44.1687],[14.8352,44.1417],[14.8692,44.1405],[14.8428,44.1483]]],[[[12.3521,45.4055],[12.3215,45.348],[12.3762,45.4226],[12.4309,45.4157],[12.3892,45.4335],[12.3521,45.4055]]],[[[-2.3372,46.7316],[-2.3829,46.7226],[-2.3714,46.7043],[-2.269,46.6974],[-2.3372,46.7316]]],[[[-5.0503,48.4788],[-5.0918,48.4808],[-5.1328,48.4583],[-5.0978,48.4613],[-5.1055,48.4446],[-5.088,48.4472],[-5.0366,48.4652],[-5.0503,48.4788]]],[[[-0.9599,50.8083],[-0.9503,50.8238],[-0.9726,50.8298],[-1.0207,50.7884],[-0.9388,50.781],[-0.9599,50.8083]]],[[[-9.6627,53.2755],[-9.7104,53.2755],[-9.7104,53.2386],[-9.6924,53.2264],[-9.6583,53.2327],[-9.6383,53.251],[-9.6627,53.2755]]],[[[-4.5773,53.272],[-4.6263,53.3209],[-4.694,53.3096],[-4.6767,53.2851],[-4.6326,53.2829],[-4.6024,53.2531],[-4.5636,53.2419],[-4.5773,53.272]]],[[[7.1331,53.7081],[7.3467,53.7232],[7.2329,53.7294],[7.1331,53.7081]]],[[[8.1201,53.7211],[8.196,53.728],[8.1524,53.7392],[8.1201,53.7211]]],[[[7.5174,53.7621],[7.4746,53.7568],[7.473,53.7319],[7.6272,53.7509],[7.5174,53.7621]]],[[[7.6609,53.7621],[7.7482,53.7609],[7.8128,53.7831],[7.6863,53.781],[7.6609,53.7621]]],[[[7.8738,53.7764],[7.8753,53.7884],[7.9556,53.7829],[7.8976,53.7963],[7.8545,53.7846],[7.8738,53.7764]]],[[[11.3757,53.9818],[11.4231,53.9677],[11.447,53.9971],[11.4453,53.9611],[11.4577,53.9614],[11.4849,54.0],[11.3874,54.0],[11.3757,53.9818]]],[[[53.2483,12.1213],[53.3103,12.1114],[53.2869,12.1273],[53.2483,12.1213]]],[[[53.0531,12.1749],[53.004,12.1769],[52.9853,12.1627],[53.0566,12.1283],[53.0864,12.1343],[53.0829,12.1648],[53.0531,12.1749]]],[[[43.429,12.6738],[43.3901,12.6663],[43.4358,12.6321],[43.449,12.653],[43.429,12.6738]]],[[[55.8362,17.4909],[55.8908,17.5045],[55.863,17.5189],[55.8371,17.5101],[55.8362,17.4909]]],[[[37.2653,20.855],[37.2434,20.804],[37.2544,20.7498],[37.2718,20.7661],[37.2835,20.8328],[37.2653,20.855]]],[[[67.3755,24.0627],[67.3934,24.0281],[67.4269,24.0075],[67.4539,24.0134],[67.4853,24.0485],[67.458,24.0627],[67.3904,24.0493],[67.3755,24.0627]]],[[[54.5264,26.3096],[54.5068,26.3212],[54.4881,26.298],[54.4922,26.2656],[54.521,26.251],[54.5474,26.2904],[54.5264,26.3096]]],[[[56.3223,26.8344],[56.3792,26.8387],[56.4092,26.8622],[56.4041,26.8931],[56.3412,26.8793],[56.3223,26.8344]]],[[[56.473,27.106],[56.4369,27.08],[56.4346,27.0548],[56.4662,27.0439],[56.5047,27.0617],[56.5046,27.0889],[56.473,27.106]]],[[[50.3058,29.2713],[50.2833,29.2689],[50.3066,29.2154],[50.3264,29.2089],[50.3347,29.2587],[50.3058,29.2713]]],[[[48.0789,30.0041],[48.1092,30.028],[48.0547,30.0245],[48.0108,29.9805],[48.0311,29.971],[48.0789,30.0041]]],[[[54.2664,24.2945],[54.2734,24.3029],[54.2324,24.3576],[54.1846,24.3371],[54.1831,24.315],[54.2222,24.2845],[54.2664,24.2945]]],[[[-15.8644,30.1525],[-15.8747,30.1379],[-15.8598,30.1333],[-15.8644,30.1525]]],[[[12.8599,35.8722],[12.8459,35.8627],[12.8726,35.8523],[12.8599,35.8722]]],[[[23.4596,36.9214],[23.4497,36.9291],[23.4639,36.904],[23.4596,36.9214]]],[[[14.576,38.5766],[14.5425,38.5869],[14.5516,38.5616],[14.5855,38.5574],[14.576,38.5766]]],[[[13.1693,38.7173],[13.1535,38.6948],[13.1974,38.7083],[13.1693,38.7173]]],[[[15.2278,38.8103],[15.187,38.789],[15.2175,38.773],[15.2375,38.796],[15.2278,38.8103]]],[[[13.419,40.7956],[13.4147,40.7859],[13.432,40.8015],[13.419,40.7956]]],[[[-2.3638,49.4468],[-2.3781,49.4127],[-2.3544,49.4278],[-2.3638,49.4468]]],[[[-2.1745,49.7314],[-2.2262,49.7078],[-2.1879,49.7106],[-2.1745,49.7314]]],[[[-6.2988,49.9355],[-6.3092,49.9136],[-6.2973,49.9096],[-6.2842,49.9228],[-6.2988,49.9355]]],[[[-6.3336,49.9597],[-6.3489,49.9643],[-6.3325,49.9417],[-6.3336,49.9597]]],[[[-4.6654,51.1836],[-4.6764,51.1931],[-4.6705,51.1601],[-4.6654,51.1836]]],[[[-9.817,51.6389],[-9.8817,51.6411],[-9.9179,51.6194],[-9.8922,51.6113],[-9.7993,51.6368],[-9.817,51.6389]]],[[[-10.3127,51.9255],[-10.3517,51.9311],[-10.429,51.8898],[-10.3227,51.9033],[-10.2977,51.9184],[-10.3127,51.9255]]],[[[-9.6483,53.1017],[-9.6715,53.1092],[-9.6711,53.1305],[-9.6967,53.1365],[-9.8114,53.1376],[-9.6605,53.0906],[-9.6483,53.1017]]],[[[-16.3209,19.7285],[-16.3977,19.5999],[-16.3016,19.7226],[-16.3209,19.7285]]],[[[-16.4593,20.6147],[-16.4742,20.5942],[-16.4542,20.5711],[-16.4464,20.6073],[-16.4593,20.6147]]],[[[54.3259,24.373],[54.292,24.3845],[54.3114,24.3553],[54.2791,24.3644],[54.3089,24.3139],[54.3361,24.3503],[54.3259,24.373]]],[[[52.3097,24.5395],[52.2832,24.497],[52.3142,24.4757],[52.3392,24.5016],[52.3097,24.5395]]],[[[37.0269,25.4196],[37.0217,25.4528],[36.9993,25.4694],[36.9518,25.4675],[36.9465,25.4419],[36.9666,25.449],[36.9783,25.4269],[37.0003,25.4292],[37.0036,25.4115],[37.0313,25.3987],[37.0281,25.4093],[37.0423,25.4074],[37.0269,25.4196]]],[[[36.8494,25.533],[36.8665,25.5575],[36.8413,25.57],[36.827,25.5472],[36.8494,25.533]]],[[[36.9007,25.5493],[36.9232,25.5194],[36.9139,25.5788],[36.9258,25.5766],[36.9277,25.5931],[36.9144,25.6066],[36.8982,25.5954],[36.9007,25.5493]]],[[[54.5466,25.9265],[54.5098,25.9138],[54.5137,25.9027],[54.5532,25.8998],[54.5466,25.9265]]],[[[55.8943,26.6794],[55.8683,26.6664],[55.8532,26.621],[55.8897,26.6238],[55.904,26.6452],[55.8943,26.6794]]],[[[53.6394,26.6888],[53.6012,26.6796],[53.6463,26.6572],[53.6592,26.6688],[53.6394,26.6888]]],[[[34.7319,27.9571],[34.6818,27.9587],[34.6618,27.9302],[34.7047,27.9084],[34.7322,27.9189],[34.7319,27.9571]]],[[[12.6218,35.5098],[12.5261,35.5167],[12.6111,35.4892],[12.6218,35.5098]]],[[[27.5657,36.2449],[27.5265,36.2401],[27.5189,36.2169],[27.5829,36.2126],[27.6187,36.2281],[27.6165,36.2426],[27.5657,36.2449]]],[[[27.1858,36.6157],[27.1372,36.6001],[27.1297,36.5695],[27.198,36.5683],[27.2061,36.5871],[27.1858,36.6157]]],[[[26.5988,37.3554],[26.5686,37.3744],[26.5364,37.3727],[26.5286,37.3007],[26.5464,37.2772],[26.5677,37.2746],[26.5488,37.3266],[26.5724,37.3472],[26.6061,37.3395],[26.5988,37.3554]]],[[[24.7394,37.6138],[24.7329,37.6321],[24.7161,37.631],[24.6597,37.6069],[24.7181,37.5936],[24.7412,37.5957],[24.7394,37.6138]]],[[[12.0723,37.9679],[12.0536,37.9924],[12.0304,37.9844],[12.0793,37.9503],[12.0723,37.9679]]],[[[20.9452,38.6525],[20.8884,38.629],[20.8706,38.5825],[20.9417,38.6274],[20.9452,38.6525]]],[[[20.801,38.6653],[20.7831,38.675],[20.737,38.6522],[20.8001,38.5954],[20.7596,38.6274],[20.801,38.6653]]],[[[-9.0411,38.8676],[-9.0797,38.8201],[-9.0414,38.8492],[-9.0411,38.8676]]],[[[2.9854,39.1662],[2.9806,39.1856],[2.9136,39.152],[2.9309,39.1182],[2.9622,39.1161],[2.9854,39.1662]]],[[[24.0813,39.3524],[24.0698,39.3457],[24.0586,39.3613],[24.0449,39.3415],[24.0632,39.297],[24.094,39.33],[24.0813,39.3524]]],[[[27.6452,40.4599],[27.6405,40.4941],[27.6073,40.5054],[27.5799,40.4765],[27.5964,40.458],[27.6566,40.4494],[27.6452,40.4599]]],[[[9.4748,41.2361],[9.46,41.2424],[9.437,41.1859],[9.4644,41.1727],[9.4748,41.2361]]],[[[9.4309,41.2248],[9.4142,41.2624],[9.3731,41.2299],[9.3953,41.2106],[9.4309,41.2248]]],[[[10.297,42.3449],[10.2944,42.328],[10.3132,42.3239],[10.3159,42.3408],[10.297,42.3449]]],[[[10.0916,42.5958],[10.0794,42.6139],[10.0503,42.5819],[10.0858,42.5725],[10.0916,42.5958]]],[[[6.235,43.0224],[6.1662,42.9997],[6.2025,42.9871],[6.2522,43.0026],[6.235,43.0224]]],[[[16.3103,43.5078],[16.2644,43.5129],[16.2114,43.4901],[16.3753,43.4902],[16.3103,43.5078]]],[[[14.7598,44.2921],[14.7396,44.2802],[14.7485,44.2617],[14.7897,44.2669],[14.7598,44.2921]]],[[[14.6135,44.3408],[14.5951,44.3471],[14.6614,44.3087],[14.6135,44.3408]]],[[[14.7979,44.3777],[14.8032,44.4055],[14.7634,44.4154],[14.7562,44.364],[14.801,44.3431],[14.8112,44.35],[14.7979,44.3777]]],[[[14.2442,44.6614],[14.2326,44.626],[14.2712,44.6125],[14.2573,44.6567],[14.2804,44.6776],[14.2442,44.6614]]],[[[50.7437,44.8861],[50.7137,44.9538],[50.678,44.9356],[50.6279,44.967],[50.6408,44.9333],[50.6865,44.9117],[50.6978,44.8579],[50.7608,44.8649],[50.7437,44.8861]]],[[[12.3298,45.4588],[12.3206,45.4298],[12.3621,45.4381],[12.3638,45.4497],[12.3298,45.4588]]],[[[52.0047,24.2528],[51.9943,24.2192],[52.0079,24.2108],[52.0254,24.2457],[52.0047,24.2528]]],[[[51.7241,24.6074],[51.7128,24.5926],[51.7302,24.5652],[51.7395,24.5907],[51.7241,24.6074]]],[[[53.0608,24.8935],[53.0794,24.8535],[53.0794,24.891],[53.0608,24.8935]]],[[[54.2111,25.2494],[54.1979,25.232],[54.2398,25.2086],[54.2311,25.2435],[54.2111,25.2494]]]]}},{"type":"Feature","properties":{"scalerank":5,"min_zoom":4},"geometry":{"type":"MultiPolygon","coordinates":[[[[34.5851,27.9551],[34.5706,27.9741],[34.5119,27.9675],[34.5068,27.9862],[34.5442,27.996],[34.5173,28.0165],[34.4895,27.996],[34.4963,27.9551],[34.5181,27.9304],[34.6205,27.9204],[34.5851,27.9551]]],[[[-15.9464,11.2003],[-15.9669,11.0978],[-15.9533,11.0836],[-15.9418,11.1054],[-15.9259,11.0904],[-15.9779,11.069],[-15.9782,11.0481],[-15.8946,11.0543],[-15.8776,11.0736],[-15.9117,11.1663],[-15.9464,11.2003]]],[[[-15.4735,11.6323],[-15.5287,11.6248],[-15.5622,11.577],[-15.5857,11.5775],[-15.6303,11.529],[-15.5663,11.5105],[-15.5484,11.5351],[-15.5697,11.5497],[-15.5423,11.5497],[-15.5213,11.5702],[-15.4717,11.5661],[-15.4878,11.5947],[-15.4735,11.6323]]],[[[11.2658,34.7734],[11.2781,34.7977],[11.3042,34.8053],[11.2543,34.8258],[11.2175,34.7816],[11.2221,34.7476],[11.173,34.758],[11.1706,34.7286],[11.1223,34.6804],[11.1307,34.6633],[11.297,34.7287],[11.3048,34.7423],[11.2658,34.7734]]],[[[14.2566,36.0756],[14.1836,36.0648],[14.1849,36.0346],[14.26,36.0135],[14.3342,36.0344],[14.2566,36.0756]]],[[[25.3821,36.4796],[25.3685,36.4666],[25.4219,36.4511],[25.4368,36.3909],[25.4094,36.3636],[25.3617,36.3568],[25.4651,36.3424],[25.4893,36.3778],[25.4792,36.4244],[25.3821,36.4796]]],[[[27.8699,36.5895],[27.8699,36.6243],[27.8357,36.6025],[27.8153,36.61],[27.863,36.6379],[27.842,36.6447],[27.7879,36.6168],[27.76,36.5759],[27.8079,36.5759],[27.7925,36.567],[27.8494,36.5479],[27.8283,36.5342],[27.843,36.5279],[27.8767,36.5411],[27.863,36.5554],[27.8767,36.5616],[27.8699,36.5895]]],[[[25.273,36.7199],[25.3732,36.6537],[25.3952,36.6789],[25.3901,36.7037],[25.4094,36.7124],[25.348,36.7471],[25.307,36.795],[25.2627,36.7676],[25.2518,36.7267],[25.273,36.7199]]],[[[11.9995,36.8359],[11.9873,36.8242],[11.9461,36.8417],[11.9222,36.8284],[11.925,36.812],[11.9612,36.7652],[12.0306,36.7414],[12.0535,36.7676],[12.0515,36.7904],[11.9995,36.8359]]],[[[24.7044,37.0351],[24.6423,37.0488],[24.6423,37.0277],[24.6765,37.0004],[24.6692,36.9785],[24.7106,36.9042],[24.7658,36.9492],[24.7044,37.0351]]],[[[26.9116,36.9458],[26.9451,36.9259],[26.9834,36.9295],[26.9934,36.9526],[27.0404,36.9451],[27.0443,36.9962],[27.0325,37.0124],[27.0071,37.0004],[26.9729,37.042],[26.986,37.0488],[26.8898,37.0898],[26.8856,37.0756],[26.9172,37.0417],[26.9539,37.0279],[26.9116,36.9458]]],[[[24.4437,37.1785],[24.423,37.1547],[24.4225,37.124],[24.4595,37.1372],[24.4641,37.124],[24.4983,37.124],[24.4983,37.1103],[24.5188,37.1444],[24.5324,37.1301],[24.5205,37.2039],[24.4683,37.2021],[24.4362,37.1854],[24.4437,37.1785]]],[[[24.3679,37.4119],[24.3948,37.4118],[24.3884,37.3846],[24.4021,37.3709],[24.3679,37.3095],[24.4437,37.3498],[24.4528,37.3835],[24.4778,37.3908],[24.4827,37.4124],[24.4305,37.446],[24.4362,37.487],[24.3748,37.4385],[24.3679,37.4119]]],[[[24.9434,37.4355],[24.9575,37.4597],[24.9481,37.4856],[24.9297,37.5081],[24.8954,37.5104],[24.8981,37.4487],[24.8682,37.4318],[24.8818,37.4256],[24.8613,37.3983],[24.8887,37.3983],[24.8818,37.3635],[24.964,37.4018],[24.9434,37.4355]]],[[[23.4084,37.8986],[23.4671,37.8842],[23.5013,37.9061],[23.5182,37.8986],[23.5393,37.9395],[23.5735,37.9525],[23.5462,37.9525],[23.5369,37.988],[23.5182,37.9991],[23.4782,37.9988],[23.4705,37.9805],[23.4295,37.9879],[23.4574,37.9736],[23.422,37.96],[23.4605,37.9525],[23.4977,37.9669],[23.4685,37.932],[23.4229,37.933],[23.4021,37.9122],[23.4084,37.8986]]],[[[20.7158,38.392],[20.7022,38.3852],[20.7158,38.3715],[20.6748,38.3777],[20.709,38.4466],[20.6611,38.4609],[20.6719,38.4975],[20.6545,38.5019],[20.6355,38.473],[20.6195,38.4814],[20.6145,38.4671],[20.6401,38.4466],[20.6878,38.3367],[20.7194,38.3156],[20.7637,38.3231],[20.7376,38.3715],[20.7575,38.3715],[20.7158,38.392]]],[[[8.4559,39.0736],[8.4446,39.1027],[8.3604,39.1182],[8.346,39.0977],[8.3493,39.0622],[8.4098,38.9618],[8.437,38.9672],[8.4593,39.0498],[8.4839,39.0698],[8.4559,39.0736]]],[[[23.6697,39.1182],[23.6581,39.0977],[23.7168,39.0772],[23.7603,39.0906],[23.7927,39.1244],[23.7267,39.1315],[23.7305,39.1461],[23.6013,39.2138],[23.5872,39.2076],[23.6278,39.1473],[23.6697,39.1182]]],[[[23.9365,39.2213],[23.967,39.2512],[23.9722,39.2719],[23.9502,39.2752],[23.957,39.2895],[23.8335,39.1461],[23.8958,39.1618],[23.9365,39.2213]]],[[[13.9447,40.7016],[13.9658,40.7153],[13.9658,40.7351],[13.8628,40.7624],[13.8701,40.7487],[13.8491,40.7153],[13.8901,40.6942],[13.9447,40.7016]]],[[[8.2747,41.0573],[8.3413,41.0741],[8.3262,41.1261],[8.3021,41.105],[8.2778,41.1057],[8.2756,41.0698],[8.2289,41.0417],[8.2096,40.9958],[8.2464,40.9936],[8.2512,41.0438],[8.2747,41.0573]]],[[[17.6589,42.743],[17.5907,42.743],[17.486,42.7822],[17.3716,42.7908],[17.3923,42.8017],[17.3237,42.7908],[17.3738,42.76],[17.3859,42.7709],[17.7489,42.6946],[17.6589,42.743]]],[[[15.3027,43.9664],[15.3568,43.9354],[15.3587,43.9194],[15.4461,43.8875],[15.4268,43.9221],[15.3916,43.9422],[15.384,43.9702],[15.2612,44.0111],[15.3027,43.9664]]],[[[15.2544,44.0179],[15.2258,44.0662],[15.0625,44.1619],[15.0687,44.134],[15.1218,44.0922],[15.1891,44.0478],[15.1991,44.0588],[15.2066,44.0452],[15.2233,44.0503],[15.2544,44.0179]]],[[[-2.5802,49.4936],[-2.6503,49.4637],[-2.6735,49.4335],[-2.542,49.4309],[-2.5017,49.5067],[-2.5182,49.5155],[-2.5802,49.4936]]],[[[4.8789,53.2209],[4.9102,53.2125],[5.0365,53.2918],[5.1048,53.3096],[5.0545,53.3138],[4.9865,53.29],[4.8789,53.2209]]],[[[5.4236,53.4304],[5.2502,53.4064],[5.1789,53.3854],[5.1677,53.3682],[5.2083,53.3527],[5.4686,53.4085],[5.4817,53.4127],[5.4754,53.4269],[5.562,53.4343],[5.5853,53.4536],[5.4236,53.4304]]],[[[5.674,53.4679],[5.6419,53.4634],[5.6361,53.4487],[5.679,53.4301],[5.9546,53.4611],[5.9138,53.4739],[5.674,53.4679]]],[[[6.2118,53.5089],[6.1228,53.4816],[6.1275,53.4599],[6.3387,53.502],[6.3108,53.5141],[6.2118,53.5089]]],[[[6.7981,53.6044],[6.7847,53.6201],[6.6595,53.5991],[6.6771,53.5756],[6.7565,53.5629],[6.7224,53.5908],[6.7981,53.6044]]],[[[73.0772,8.3153],[73.0484,8.2676],[73.0293,8.26],[73.0225,8.2744],[73.0241,8.2554],[73.0661,8.2705],[73.0772,8.3153]]],[[[42.7192,13.7426],[42.6885,13.6638],[42.7541,13.6979],[42.7949,13.7699],[42.7826,13.7799],[42.7192,13.7426]]],[[[42.7603,14.0647],[42.6919,14.0132],[42.7215,13.9694],[42.7676,13.9487],[42.7541,13.9207],[42.7817,13.92],[42.8018,14.0231],[42.7676,14.0715],[42.7603,14.0647]]],[[[52.5745,24.3439],[52.5561,24.3069],[52.5922,24.2534],[52.6509,24.3249],[52.6345,24.3666],[52.6111,24.3732],[52.5745,24.3439]]],[[[54.3826,24.4395],[54.4706,24.425],[54.4514,24.4532],[54.3967,24.4835],[54.3963,24.5227],[54.3348,24.469],[54.3348,24.4532],[54.3826,24.4395]]],[[[73.5462,4.243],[73.512,4.1863],[73.4312,4.1846],[73.5109,4.1621],[73.5382,4.1833],[73.5462,4.243]]],[[[42.636,15.4455],[42.6239,15.4573],[42.6019,15.4463],[42.5589,15.393],[42.5457,15.2944],[42.5684,15.2689],[42.6141,15.3081],[42.6282,15.3987],[42.5816,15.3916],[42.636,15.4455]]],[[[40.0954,16.0473],[40.1188,16.062],[40.111,16.074],[40.0505,16.1072],[40.0472,16.0635],[39.9982,16.0496],[39.99,16.0177],[40.1145,15.9859],[40.0774,16.019],[40.0954,16.0473]]],[[[36.5443,25.7314],[36.583,25.6987],[36.6111,25.7095],[36.5884,25.7143],[36.5978,25.7584],[36.5554,25.7963],[36.5908,25.8605],[36.5425,25.8019],[36.5443,25.7314]]],[[[52.6929,45.4597],[52.673,45.5039],[52.6355,45.5256],[52.5999,45.5275],[52.552,45.4783],[52.5886,45.4328],[52.6771,45.397],[52.7025,45.4052],[52.6929,45.4597]]],[[[47.9971,45.4678],[47.9971,45.5205],[47.957,45.6505],[47.9175,45.6328],[47.9177,45.5701],[47.9598,45.4758],[47.9907,45.4487],[47.9971,45.4678]]],[[[55.0487,25.8858],[55.0121,25.8816],[55.0184,25.8596],[55.0544,25.8646],[55.0487,25.8858]]]]}},{"type":"Feature","properties":{"scalerank":3,"min_zoom":2},"geometry":{"type":"MultiPolygon","coordinates":[[[[-12.493,7.568],[-12.5297,7.6038],[-12.586,7.6076],[-12.5959,7.6127],[-12.5811,7.6301],[-12.6214,7.6397],[-12.8833,7.6164],[-12.9143,7.5844],[-12.9517,7.5754],[-12.6055,7.4787],[-12.5544,7.4103],[-12.5749,7.4103],[-12.5658,7.3957],[-12.5497,7.3896],[-12.5196,7.4041],[-12.5264,7.4656],[-12.5018,7.5024],[-12.5044,7.561],[-12.493,7.568]]],[[[-15.3916,28.0302],[-15.4149,28.1145],[-15.4001,28.1572],[-15.4093,28.1798],[-15.4387,28.1749],[-15.435,28.1409],[-15.4587,28.1342],[-15.7062,28.1674],[-15.7084,28.0819],[-15.7498,28.036],[-15.8161,27.996],[-15.8212,27.9218],[-15.786,27.8442],[-15.7397,27.8043],[-15.6857,27.7633],[-15.578,27.7344],[-15.5397,27.7656],[-15.453,27.7912],[-15.3778,27.8523],[-15.3916,27.8998],[-15.3636,27.9346],[-15.3767,27.9575],[-15.3636,28.0097],[-15.3916,28.0302]]],[[[-16.4277,28.1497],[-16.4192,28.2114],[-16.3581,28.3146],[-16.3555,28.3812],[-16.2961,28.4178],[-16.2314,28.4884],[-16.1271,28.5438],[-16.1177,28.5721],[-16.1413,28.5834],[-16.2027,28.564],[-16.3164,28.5721],[-16.3227,28.5535],[-16.4083,28.5198],[-16.4204,28.4906],[-16.5071,28.4241],[-16.5846,28.4011],[-16.6642,28.4007],[-16.7701,28.3663],[-16.8374,28.3911],[-16.9161,28.355],[-16.8472,28.2625],[-16.8371,28.209],[-16.7279,28.0786],[-16.6927,27.9998],[-16.5797,28.0303],[-16.5458,28.024],[-16.4277,28.1497]]],[[[-13.9726,28.7359],[-13.9999,28.7167],[-14.0361,28.5874],[-14.1409,28.4349],[-14.2244,28.2186],[-14.3412,28.1345],[-14.436,28.1005],[-14.4969,28.1025],[-14.5071,28.0712],[-14.3432,28.0507],[-14.3013,28.0679],[-14.1916,28.1708],[-13.9337,28.2442],[-13.8429,28.4069],[-13.8566,28.479],[-13.8287,28.5516],[-13.8244,28.6818],[-13.8646,28.7442],[-13.8987,28.7539],[-13.9726,28.7359]]],[[[-17.7558,28.8185],[-17.8014,28.8493],[-17.8417,28.8354],[-17.9111,28.8556],[-17.9968,28.7801],[-18.0022,28.7496],[-17.9761,28.7282],[-17.9631,28.6715],[-17.8797,28.5437],[-17.8651,28.4754],[-17.8371,28.4554],[-17.7599,28.5768],[-17.7456,28.6219],[-17.7653,28.6775],[-17.721,28.7306],[-17.7506,28.7748],[-17.7558,28.8185]]],[[[-13.483,29.2399],[-13.5372,29.1383],[-13.6368,29.1269],[-13.7985,29.0481],[-13.8321,29.0004],[-13.8429,28.9215],[-13.8763,28.8888],[-13.8673,28.8649],[-13.7746,28.8396],[-13.7093,28.9147],[-13.6076,28.9326],[-13.482,28.9995],[-13.4519,29.086],[-13.4587,29.1474],[-13.4388,29.159],[-13.4178,29.2089],[-13.4654,29.2433],[-13.483,29.2399]]],[[[-16.7887,32.6867],[-16.75,32.7306],[-16.6727,32.7586],[-16.7975,32.7746],[-16.9197,32.8412],[-17.068,32.8142],[-17.1849,32.8742],[-17.2521,32.8145],[-17.2412,32.7791],[-17.1807,32.726],[-16.9768,32.6472],[-16.8478,32.644],[-16.8064,32.6568],[-16.7887,32.6867]]],[[[28.2398,36.4325],[28.2139,36.4555],[28.1839,36.4245],[28.1184,36.4277],[27.8997,36.3402],[27.8374,36.281],[27.8032,36.2702],[27.772,36.1978],[27.6843,36.1581],[27.7122,36.1445],[27.7088,36.1271],[27.7571,36.0844],[27.7541,36.0372],[27.7122,35.9527],[27.7327,35.9151],[27.7804,35.89],[27.8274,35.9138],[27.9323,36.0253],[27.9934,36.062],[28.0896,36.0551],[28.0759,36.0756],[28.0964,36.1035],[28.0617,36.1165],[28.0858,36.165],[28.1033,36.1855],[28.1305,36.1855],[28.1634,36.2377],[28.2112,36.3577],[28.2363,36.373],[28.2258,36.418],[28.2398,36.4325]]],[[[20.7336,38.0624],[20.7947,38.0661],[20.8078,38.0996],[20.7977,38.1313],[20.7513,38.1968],[20.709,38.227],[20.6935,38.2646],[20.6748,38.2678],[20.6817,38.2821],[20.6305,38.258],[20.5991,38.3026],[20.6262,38.3284],[20.6258,38.3518],[20.5718,38.4739],[20.5378,38.4739],[20.5513,38.3852],[20.5309,38.392],[20.5298,38.3375],[20.479,38.3095],[20.4273,38.3633],[20.4067,38.3436],[20.3999,38.3641],[20.3921,38.3001],[20.3516,38.2459],[20.3454,38.1821],[20.3801,38.1518],[20.4253,38.1753],[20.4279,38.2617],[20.4453,38.2762],[20.5098,38.1797],[20.4688,38.1928],[20.5098,38.1108],[20.565,38.0903],[20.5807,38.1155],[20.6146,38.1198],[20.7336,38.0624]]],[[[26.1636,38.5428],[26.1307,38.5672],[26.1082,38.5428],[26.064,38.59],[26.0159,38.602],[25.8489,38.5804],[25.8328,38.5441],[25.8433,38.5153],[25.8898,38.4739],[25.9439,38.4534],[25.9507,38.4057],[25.989,38.3793],[25.9922,38.3436],[25.9756,38.3372],[25.9644,38.3026],[25.8762,38.2753],[25.8661,38.2457],[25.8898,38.248],[25.8898,38.2206],[25.9104,38.227],[25.9646,38.1719],[26.0098,38.1567],[26.04,38.2002],[26.1121,38.2226],[26.1022,38.2617],[26.1135,38.2842],[26.1636,38.3026],[26.1393,38.4189],[26.1541,38.4673],[26.1219,38.4875],[26.1444,38.4929],[26.1636,38.5428]]],[[[3.3545,39.7844],[3.2925,39.7497],[3.2239,39.7497],[3.1365,39.7888],[3.1263,39.8319],[3.1872,39.8544],[3.2068,39.893],[3.0947,39.8812],[3.0969,39.9135],[3.1155,39.9088],[3.2142,39.9551],[3.1795,39.9688],[2.9333,39.9145],[2.8436,39.8726],[2.8132,39.8726],[2.6519,39.7701],[2.6314,39.7701],[2.5697,39.7131],[2.5176,39.7001],[2.4683,39.6594],[2.3577,39.6119],[2.3508,39.5765],[2.3919,39.5237],[2.4539,39.5374],[2.4806,39.5162],[2.469,39.5059],[2.4927,39.4702],[2.5202,39.4728],[2.5691,39.5315],[2.6553,39.5647],[2.6817,39.5587],[2.7435,39.5234],[2.7549,39.5026],[2.7366,39.4621],[2.7866,39.3759],[2.9588,39.3632],[2.9914,39.3473],[3.0013,39.3177],[3.0608,39.2691],[3.2526,39.3862],[3.2688,39.4276],[3.2825,39.4201],[3.2918,39.4758],[3.3233,39.5239],[3.406,39.592],[3.4019,39.6232],[3.4539,39.6597],[3.4744,39.7497],[3.3545,39.7844]]],[[[4.3029,39.9255],[4.298,39.942],[4.2546,39.9497],[4.2724,39.9553],[4.2649,39.9864],[4.1786,40.0388],[4.1705,40.0646],[4.1423,40.0248],[4.1051,40.0794],[4.052,40.0582],[3.8219,40.0476],[3.8032,40.0181],[3.8505,39.9839],[3.8307,39.9361],[3.8693,39.9255],[3.9814,39.9361],[4.2481,39.8165],[4.3001,39.8218],[4.3029,39.8876],[4.3371,39.8672],[4.3029,39.9255]]],[[[-4.0981,53.3096],[-4.2032,53.2985],[-4.2347,53.3581],[-4.2669,53.369],[-4.2767,53.401],[-4.3247,53.4195],[-4.4254,53.4267],[-4.571,53.3928],[-4.5587,53.3633],[-4.571,53.2755],[-4.4996,53.2112],[-4.4954,53.1799],[-4.4476,53.1594],[-4.3851,53.1824],[-4.412,53.1556],[-4.4066,53.1306],[-4.3439,53.1321],[-4.222,53.1821],[-4.1955,53.2203],[-4.0981,53.2501],[-4.0429,53.3028],[-4.0981,53.3096]]],[[[54.4707,12.5436],[54.26,12.6475],[54.2188,12.6527],[54.1955,12.6754],[54.1679,12.665],[54.1194,12.7011],[54.0081,12.6457],[53.876,12.6473],[53.8461,12.5986],[53.7629,12.6197],[53.6548,12.7048],[53.5189,12.7144],[53.4999,12.7121],[53.4701,12.6714],[53.396,12.6565],[53.4032,12.598],[53.3894,12.5608],[53.363,12.5449],[53.3069,12.5434],[53.5056,12.4163],[53.5721,12.3346],[53.7312,12.3004],[53.97,12.3419],[54.0082,12.3299],[54.0475,12.353],[54.1405,12.3513],[54.2188,12.3994],[54.2459,12.4335],[54.4023,12.4672],[54.4447,12.4847],[54.4574,12.5192],[54.5403,12.5502],[54.5161,12.5584],[54.4707,12.5436]]],[[[40.3864,15.6413],[40.3299,15.6643],[40.3151,15.6934],[40.2669,15.7035],[40.2191,15.6854],[40.2616,15.6632],[40.2321,15.627],[40.1638,15.6444],[40.1331,15.7112],[40.1365,15.8062],[40.1154,15.809],[40.1228,15.7921],[40.0957,15.7846],[40.1056,15.8286],[40.0916,15.8498],[40.0262,15.8826],[39.9509,15.8939],[39.9744,15.8718],[40.0194,15.8681],[40.0374,15.8384],[40.0335,15.8262],[39.9753,15.8153],[39.99,15.7699],[39.9338,15.7882],[39.9304,15.7396],[40.0088,15.7366],[40.0813,15.6611],[40.0266,15.6474],[39.9714,15.6611],[39.9557,15.6997],[39.9373,15.7021],[39.9789,15.6065],[40.0853,15.5876],[40.1228,15.614],[40.1587,15.5895],[40.2083,15.5997],[40.2874,15.573],[40.3566,15.5862],[40.3939,15.5723],[40.4142,15.5983],[40.4063,15.6381],[40.3864,15.6413]]],[[[42.1864,16.7055],[42.1165,16.7442],[42.1041,16.7923],[42.0622,16.8142],[42.0479,16.8121],[42.0217,16.7558],[42.0365,16.7337],[42.0646,16.7284],[42.035,16.7158],[42.011,16.7391],[41.9533,16.7331],[41.9414,16.7512],[41.9051,16.7476],[41.8633,16.7851],[41.8601,16.8211],[41.8281,16.8586],[41.7571,16.8964],[41.7782,16.8127],[41.8249,16.7982],[41.8434,16.7467],[41.9555,16.6701],[41.9755,16.6636],[42.0858,16.6935],[42.1176,16.6599],[42.0732,16.6358],[42.1786,16.5835],[42.1864,16.7055]]],[[[41.9189,16.7912],[42.0018,16.761],[41.9954,16.797],[41.9382,16.8214],[41.9323,16.8384],[41.9441,16.853],[41.9852,16.8536],[41.976,16.8755],[41.9438,16.8835],[41.9382,16.9729],[41.8608,17.0136],[41.8462,16.9975],[41.9209,16.9789],[41.9285,16.9549],[41.8879,16.9078],[41.835,16.8917],[41.9189,16.7912]]],[[[58.9063,20.626],[58.9183,20.6815],[58.9063,20.698],[58.8826,20.6825],[58.8529,20.6133],[58.7956,20.5384],[58.7689,20.4516],[58.7007,20.4311],[58.6939,20.4072],[58.6482,20.3688],[58.6359,20.277],[58.6522,20.1705],[58.6913,20.2078],[58.7243,20.2152],[58.7852,20.2795],[58.8083,20.3796],[58.8441,20.4373],[58.95,20.5089],[58.9063,20.626]]],[[[56.2124,27.003],[56.041,26.9757],[55.8977,26.9068],[55.758,26.954],[55.7326,26.9409],[55.781,26.8896],[55.7742,26.7969],[55.6404,26.7606],[55.5742,26.7207],[55.3519,26.6474],[55.2847,26.6602],[55.2738,26.6498],[55.2905,26.5485],[55.5029,26.5949],[55.6856,26.6905],[55.7727,26.6884],[55.8766,26.7429],[55.947,26.6963],[56.0808,26.7853],[56.1935,26.9245],[56.2874,26.9551],[56.2577,26.9887],[56.2124,27.003]]],[[[48.3527,29.7098],[48.3595,29.7545],[48.3445,29.7906],[48.1887,29.9835],[48.1621,29.9957],[48.1209,29.9814],[48.1404,29.9698],[48.1472,29.9351],[48.1974,29.9254],[48.1608,29.9016],[48.1587,29.8792],[48.0951,29.8947],[48.0851,29.8799],[48.1192,29.8736],[48.1133,29.8391],[48.0461,29.8004],[48.0851,29.7678],[48.1616,29.6297],[48.1858,29.6039],[48.229,29.5999],[48.3031,29.6452],[48.3527,29.7098]]]]}},{"type":"Feature","properties":{"scalerank":0,"min_zoom":1},"geometry":{"type":"MultiPolygon","coordinates":[[[[26.3211,35.3153],[26.294,35.3153],[26.294,35.2879],[26.2595,35.2845],[26.1795,35.2072],[26.1297,35.1959],[26.1082,35.2054],[26.1196,35.2153],[26.0606,35.2333],[25.9785,35.1955],[25.8967,35.1849],[25.8303,35.1224],[25.7953,35.1151],[25.7285,35.1334],[25.7127,35.1828],[25.7322,35.2463],[25.759,35.26],[25.751,35.2841],[25.7293,35.2646],[25.7248,35.2941],[25.7664,35.3357],[25.6599,35.3494],[25.4536,35.2941],[25.4253,35.2995],[25.376,35.3432],[25.077,35.3445],[25.0553,35.3552],[25.0532,35.404],[24.9712,35.4245],[24.9575,35.404],[24.8955,35.4245],[24.8408,35.404],[24.721,35.4272],[24.4641,35.3625],[24.4281,35.3697],[24.3401,35.3483],[24.2655,35.3699],[24.2525,35.4791],[24.1867,35.4518],[24.072,35.4984],[24.0812,35.515],[24.183,35.5133],[24.2033,35.5418],[24.183,35.5856],[24.1152,35.6013],[24.0818,35.5899],[24.0941,35.5542],[24.0576,35.5529],[24.0254,35.5207],[23.8171,35.5348],[23.779,35.5759],[23.7678,35.6539],[23.779,35.6715],[23.7415,35.687],[23.7112,35.6489],[23.7305,35.5542],[23.7184,35.5128],[23.6594,35.5012],[23.6199,35.5241],[23.6047,35.6126],[23.5803,35.5759],[23.5661,35.5275],[23.5776,35.4929],[23.5598,35.4518],[23.5735,35.4348],[23.5386,35.3741],[23.553,35.3215],[23.5182,35.3078],[23.5182,35.2941],[23.5803,35.26],[23.5872,35.2395],[23.6834,35.2258],[23.8267,35.2526],[23.9019,35.2312],[23.9876,35.2333],[24.0498,35.1911],[24.0846,35.2045],[24.2039,35.2054],[24.2178,35.1911],[24.2932,35.1823],[24.4021,35.1911],[24.4038,35.175],[24.4641,35.1501],[24.5007,35.1524],[24.5646,35.1061],[24.7075,35.0961],[24.7428,35.0772],[24.7599,35.0273],[24.7552,34.9579],[24.7385,34.9316],[25.0191,34.9316],[25.2232,34.9542],[25.3477,34.9915],[25.5062,34.9846],[25.6012,35.0136],[25.8081,35.0058],[25.9849,35.0391],[26.0203,35.0209],[26.0817,35.0198],[26.1052,34.9993],[26.1472,35.0023],[26.2354,35.0341],[26.2775,35.1],[26.294,35.1365],[26.285,35.1507],[26.3211,35.1979],[26.2995,35.1855],[26.266,35.26],[26.3211,35.3153]]],[[[34.5442,35.6784],[34.3197,35.5862],[34.1817,35.5542],[34.1312,35.5113],[34.0356,35.4714],[33.8346,35.41],[33.7835,35.4167],[33.6603,35.3593],[33.4275,35.3289],[33.0698,35.3587],[32.9204,35.3978],[32.936,35.3366],[32.9294,35.233],[32.8652,35.157],[32.8284,35.1486],[32.7454,35.178],[32.6504,35.1881],[32.554,35.178],[32.45,35.0588],[32.3723,35.0415],[32.2866,35.0972],[32.2761,35.0478],[32.3059,35.0014],[32.3294,34.8864],[32.3792,34.8491],[32.4133,34.7535],[32.459,34.7219],[32.7074,34.6454],[32.8343,34.671],[32.9136,34.6567],[32.9447,34.5937],[32.9409,34.5685],[33.0303,34.5685],[33.0091,34.5974],[33.0099,34.6249],[33.0864,34.6948],[33.2601,34.7005],[33.3992,34.7453],[33.4002,34.7734],[33.4152,34.7585],[33.4386,34.7628],[33.5132,34.7855],[33.5442,34.815],[33.6056,34.8218],[33.6326,34.8525],[33.6467,34.932],[33.6803,34.9663],[33.7604,34.9797],[33.8042,34.9726],[33.8623,34.9379],[33.9573,34.9819],[34.0116,34.9876],[34.0991,34.9652],[34.051,35.033],[33.8999,35.1645],[33.9236,35.2786],[33.9714,35.3213],[34.0589,35.3241],[34.1377,35.4151],[34.5728,35.6435],[34.5925,35.692],[34.5442,35.6784]]],[[[15.5287,38.3026],[15.3997,38.2326],[15.2918,38.207],[15.2454,38.2172],[15.2372,38.2648],[15.2407,38.2412],[15.1774,38.1563],[15.0879,38.1282],[15.049,38.1518],[14.9697,38.1592],[14.945,38.1818],[14.9071,38.1877],[14.7337,38.1576],[14.6346,38.0815],[14.5117,38.0444],[14.4641,38.0372],[14.4319,38.0494],[14.2732,38.0151],[14.0833,38.0238],[14.0205,38.0494],[13.7908,37.9736],[13.6511,38.001],[13.5474,38.0562],[13.5413,38.0941],[13.5135,38.1105],[13.3914,38.1032],[13.3719,38.1728],[13.3181,38.2206],[13.239,38.207],[13.2072,38.1761],[13.1009,38.1901],[13.0547,38.1418],[13.0713,38.0955],[13.0614,38.0835],[12.9011,38.0281],[12.8184,38.0779],[12.7609,38.181],[12.7318,38.1928],[12.7199,38.1755],[12.7254,38.1259],[12.7046,38.1108],[12.6624,38.1163],[12.6084,38.0624],[12.5763,38.0717],[12.4929,38.0214],[12.5029,37.9971],[12.4641,37.9129],[12.4787,37.8812],[12.465,37.8228],[12.427,37.797],[12.5062,37.6655],[12.5778,37.652],[12.6594,37.5651],[12.9426,37.5685],[13.0,37.5355],[13.0264,37.4932],[13.1741,37.487],[13.2533,37.4318],[13.278,37.3937],[13.4526,37.2988],[13.5692,37.2735],[13.7158,37.1714],[13.8327,37.1396],[13.8944,37.1008],[14.1263,37.1123],[14.2788,37.044],[14.3945,36.945],[14.4873,36.7934],[14.5822,36.7813],[14.6589,36.7538],[14.6846,36.726],[14.7808,36.6994],[14.8822,36.7307],[14.9824,36.6889],[15.0072,36.7028],[15.0939,36.6549],[15.1343,36.6752],[15.094,36.7995],[15.1584,36.9242],[15.1747,36.9441],[15.2681,36.9731],[15.2681,37.0004],[15.3089,37.0178],[15.3324,37.0116],[15.3211,37.0402],[15.2837,37.0484],[15.2879,37.069],[15.3027,37.0625],[15.3032,37.1012],[15.2466,37.1182],[15.2292,37.1496],[15.2476,37.1587],[15.2165,37.1552],[15.1834,37.2075],[15.2054,37.2447],[15.2217,37.2375],[15.2202,37.2202],[15.2449,37.2462],[15.2612,37.2338],[15.252,37.2577],[15.1035,37.3298],[15.0916,37.4775],[15.1638,37.5677],[15.2202,37.7067],[15.2131,37.7615],[15.5003,38.0849],[15.5759,38.2002],[15.5599,38.1998],[15.5697,38.227],[15.6516,38.2753],[15.5287,38.3026]]],[[[9.7922,40.557],[9.7565,40.5952],[9.7445,40.6805],[9.7039,40.7594],[9.6579,40.7999],[9.6898,40.8108],[9.681,40.8298],[9.724,40.8449],[9.6831,40.8654],[9.6633,40.8582],[9.6558,40.876],[9.6141,40.8934],[9.6421,40.9206],[9.5733,40.9064],[9.5042,40.9269],[9.5711,40.9349],[9.5876,40.9958],[9.6512,40.9911],[9.6626,41.0026],[9.6157,41.0196],[9.5527,41.0095],[9.5431,41.0369],[9.5247,41.0305],[9.5322,41.0163],[9.5119,41.0163],[9.5391,41.092],[9.5459,41.0777],[9.5623,41.0971],[9.5596,41.1261],[9.5247,41.133],[9.5239,41.1497],[9.4691,41.1462],[9.4429,41.092],[9.4429,41.133],[9.4087,41.1603],[9.4224,41.1807],[9.3882,41.1807],[9.3352,41.2117],[9.333,41.1876],[9.3125,41.2012],[9.2853,41.195],[9.2853,41.2217],[9.2783,41.195],[9.2681,41.2366],[9.2306,41.2626],[9.1711,41.2429],[9.1634,41.1841],[9.1419,41.1528],[9.0055,41.1219],[8.9227,41.0368],[8.8811,41.0237],[8.8225,40.9473],[8.7644,40.9138],[8.7092,40.9206],[8.641,40.8965],[8.5984,40.853],[8.5205,40.827],[8.3102,40.8507],[8.2332,40.9101],[8.229,40.9626],[8.2096,40.9753],[8.193,40.9638],[8.1789,40.9282],[8.2097,40.9145],[8.2153,40.8814],[8.1338,40.7289],[8.1974,40.6912],[8.1738,40.6416],[8.1406,40.6252],[8.1473,40.5932],[8.1618,40.5638],[8.1934,40.6175],[8.2163,40.6122],[8.196,40.5781],[8.2163,40.5706],[8.2915,40.5954],[8.312,40.5781],[8.3317,40.5107],[8.3799,40.4687],[8.3945,40.4238],[8.386,40.3518],[8.4413,40.3314],[8.4761,40.2921],[8.4634,40.1632],[8.49,40.1045],[8.4686,40.0622],[8.3772,40.0338],[8.4071,40.0222],[8.3945,39.9127],[8.4375,39.8768],[8.4354,39.8581],[8.4634,39.899],[8.4354,39.899],[8.4631,39.9141],[8.5234,39.8989],[8.5552,39.8527],[8.5488,39.8072],[8.5181,39.7625],[8.5453,39.7829],[8.5044,39.7215],[8.5658,39.7011],[8.5169,39.7021],[8.4686,39.755],[8.444,39.757],[8.4634,39.5768],[8.3869,39.4698],[8.405,39.4272],[8.374,39.3789],[8.4172,39.339],[8.4321,39.3018],[8.3728,39.2221],[8.4095,39.1693],[8.4354,39.166],[8.4422,39.1182],[8.4651,39.1195],[8.4828,39.0804],[8.5044,39.0909],[8.5181,39.0834],[8.5044,39.0629],[8.5596,39.0567],[8.5801,38.9605],[8.6033,38.9649],[8.6155,38.9476],[8.5999,38.8991],[8.6428,38.89],[8.641,38.8643],[8.6688,38.9106],[8.7166,38.9326],[8.7666,38.9204],[8.8054,38.8854],[8.8054,38.906],[8.8533,38.878],[9.0046,38.9953],[9.0257,38.9953],[9.0449,39.0513],[9.0187,39.1039],[9.0183,39.1461],[9.0798,39.2246],[9.0379,39.2271],[9.0139,39.2639],[9.073,39.2485],[9.1369,39.1943],[9.166,39.1871],[9.2163,39.228],[9.2922,39.2213],[9.4429,39.1244],[9.4963,39.1336],[9.5186,39.1046],[9.5227,39.1249],[9.5664,39.1492],[9.5799,39.1871],[9.5676,39.2381],[9.6073,39.289],[9.6346,39.2969],[9.6035,39.3262],[9.6021,39.3557],[9.6449,39.484],[9.6284,39.5018],[9.653,39.5668],[9.6511,39.6525],[9.6763,39.7181],[9.6703,39.7938],[9.6966,39.8519],[9.6843,39.8942],[9.7178,39.9338],[9.6966,39.9338],[9.6873,39.9612],[9.7323,40.0839],[9.6546,40.1446],[9.6311,40.1962],[9.6262,40.2631],[9.7124,40.3664],[9.7617,40.3907],[9.8003,40.4555],[9.8264,40.5296],[9.7922,40.557]]],[[[8.5658,42.2086],[8.5818,42.1945],[8.5658,42.1745],[8.5938,42.1671],[8.5596,42.154],[8.6609,42.1055],[8.6992,42.1093],[8.745,42.0566],[8.7434,42.0441],[8.6646,42.0145],[8.655,41.9787],[8.5863,41.969],[8.6144,41.9441],[8.6143,41.9008],[8.7644,41.9343],[8.8054,41.9069],[8.7781,41.8728],[8.7918,41.8591],[8.7508,41.8455],[8.7849,41.8244],[8.7092,41.8045],[8.7175,41.772],[8.6551,41.7499],[8.703,41.7425],[8.6956,41.7294],[8.7849,41.7425],[8.7761,41.7224],[8.7888,41.7126],[8.9227,41.6946],[8.8726,41.6511],[8.8018,41.6391],[8.7781,41.5916],[8.7964,41.5806],[8.7918,41.5612],[8.8533,41.5438],[8.8396,41.5308],[8.9357,41.4892],[9.0387,41.4761],[9.0387,41.4619],[9.0798,41.4824],[9.0666,41.4619],[9.1213,41.4346],[9.0964,41.4035],[9.2067,41.3659],[9.2232,41.3725],[9.2503,41.4278],[9.2107,41.4073],[9.2233,41.4273],[9.2107,41.4482],[9.2708,41.4687],[9.2791,41.4916],[9.2647,41.5308],[9.3506,41.5812],[9.3451,41.6045],[9.2786,41.5984],[9.2922,41.6264],[9.3467,41.6196],[9.3452,41.6403],[9.3779,41.6564],[9.3722,41.6839],[9.4016,41.7064],[9.4032,41.9529],[9.5456,42.104],[9.5596,42.1466],[9.5596,42.2946],[9.5322,42.3737],[9.5459,42.4351],[9.5281,42.5635],[9.4896,42.6126],[9.5119,42.5655],[9.4769,42.5792],[9.4429,42.6406],[9.4828,42.8023],[9.4701,42.9423],[9.4539,42.9638],[9.464,42.9901],[9.4224,43.0174],[9.3467,43.0037],[9.3602,42.9286],[9.3303,42.9036],[9.333,42.8671],[9.3057,42.8393],[9.3355,42.8076],[9.3425,42.7491],[9.2922,42.6748],[9.2368,42.7226],[9.1178,42.732],[9.053,42.6816],[9.05,42.6622],[8.8054,42.6064],[8.8075,42.5851],[8.787,42.562],[8.7235,42.5655],[8.7092,42.5792],[8.7166,42.5307],[8.6675,42.5097],[8.6571,42.48],[8.6768,42.4725],[8.6595,42.4299],[8.6187,42.4196],[8.5986,42.3876],[8.5491,42.3771],[8.5521,42.3389],[8.6128,42.3524],[8.6348,42.3389],[8.5999,42.3219],[8.6053,42.3105],[8.6252,42.3192],[8.6878,42.2729],[8.5495,42.2423],[8.5741,42.2199],[8.5658,42.2086]]]]}},{"type":"Feature","properties":{},"geometry":{"type":"MultiPolygon","coordinates":[[[[55.018,24.9765],[55.0262,25.0156],[55.0364,25.0116],[54.9946,25.0298],[55.0238,25.0147],[55.0108,24.9734],[54.9969,24.9953],[55.0134,24.9922],[54.9974,24.9979],[55.0161,24.9967],[54.9963,24.9999],[55.0171,25.002],[54.9953,25.0019],[55.017,25.0067],[54.9938,25.0036],[55.014,25.013],[54.9756,25.0121],[54.9876,25.0048],[54.9695,24.9969],[54.9887,25.0026],[54.9702,24.9913],[54.9896,25.0018],[54.9745,24.9866],[54.9909,24.9998],[54.9787,24.9833],[54.9955,24.9949],[55.0077,24.9735],[54.9963,24.9683],[54.9619,24.9867],[54.9668,25.0141],[54.9915,25.0292],[54.9714,25.0244],[54.9588,24.9738],[55.018,24.9765]]],[[[50.3977,26.1747],[50.3827,26.1597],[50.3859,26.1232],[50.4235,26.12],[50.4192,26.1661],[50.3977,26.1747]]],[[[50.6016,26.2789],[50.6124,26.2413],[50.6478,26.2391],[50.6575,26.2112],[50.6789,26.208],[50.6553,26.2767],[50.6016,26.2789]]],[[[50.7743,25.7216],[50.7414,25.6742],[50.749,25.621],[50.7376,25.5957],[50.7566,25.5799],[50.7762,25.6387],[50.7623,25.6679],[50.7958,25.6849],[50.7832,25.697],[50.8009,25.7311],[50.7743,25.7216]]],[[[50.7933,25.652],[50.7908,25.6305],[50.8116,25.6318],[50.8167,25.6444],[50.7933,25.652]]],[[[43.4526,11.4644],[43.4575,11.439],[43.4732,11.4571],[43.4526,11.4644]]],[[[43.3688,11.5329],[43.3347,11.4621],[43.3622,11.4746],[43.3688,11.5329]]],[[[42.9488,12.8982],[42.9347,12.9027],[42.9603,12.8712],[42.9488,12.8982]]],[[[42.9347,12.9197],[42.9522,12.9125],[42.9615,12.9381],[42.9123,12.9641],[42.9116,12.9515],[42.8919,12.9544],[42.9067,12.9179],[42.9347,12.9197]]],[[[42.8672,13.0198],[42.8515,13.0386],[42.8737,13.0429],[42.8401,13.0337],[42.8457,13.0144],[42.8745,13.005],[42.8672,13.0198]]],[[[40.3459,15.014],[40.3299,15.0514],[40.2969,15.0555],[40.2662,14.9816],[40.299,14.9778],[40.3459,15.014]]],[[[42.1886,15.0734],[42.1787,15.0823],[42.1587,15.065],[42.1787,15.0338],[42.1924,15.045],[42.1886,15.0734]]],[[[40.28,15.1187],[40.2636,15.1567],[40.2931,15.1993],[40.2379,15.1745],[40.2279,15.1474],[40.233,15.1186],[40.28,15.1187]]],[[[42.4608,15.7191],[42.3771,15.7425],[42.3873,15.7062],[42.4796,15.7086],[42.4608,15.7191]]],[[[41.7047,16.9548],[41.6809,16.9655],[41.6577,16.9356],[41.6502,16.9234],[41.6668,16.9039],[41.7006,16.9032],[41.7236,16.921],[41.7047,16.9548]]],[[[-16.5394,19.9309],[-16.5388,19.9079],[-16.517,19.9125],[-16.5194,19.9371],[-16.5394,19.9309]]],[[[36.6512,22.2718],[36.6375,22.2769],[36.631,22.2521],[36.6599,22.2443],[36.6512,22.2718]]],[[[36.2043,22.6701],[36.1943,22.6853],[36.17,22.6838],[36.2009,22.6517],[36.2043,22.6701]]],[[[36.0635,22.7381],[36.0663,22.7669],[36.0383,22.7372],[36.0421,22.7209],[36.0635,22.7381]]],[[[36.2276,22.7929],[36.214,22.8136],[36.2179,22.7934],[36.1968,22.7909],[36.2502,22.7895],[36.2276,22.7929]]],[[[35.7094,23.2067],[35.6915,23.2379],[35.5822,23.2266],[35.6147,23.2027],[35.6008,23.2162],[35.6365,23.2279],[35.6738,23.2248],[35.7192,23.1918],[35.7094,23.2067]]],[[[36.1903,23.5929],[36.2064,23.6146],[36.1841,23.624],[36.1903,23.5929]]],[[[37.0945,24.9771],[37.0747,24.9832],[37.0691,24.9533],[37.1121,24.9446],[37.0945,24.9771]]],[[[55.0511,25.0354],[55.0466,25.0233],[55.0659,25.0346],[55.0511,25.0354]]],[[[55.1554,25.0963],[55.1419,25.111],[55.1532,25.1145],[55.1403,25.1118],[55.1536,25.1183],[55.1392,25.1129],[55.1532,25.1223],[55.1379,25.1141],[55.1514,25.1262],[55.1263,25.1212],[55.126,25.0982],[55.1367,25.1127],[55.1305,25.0972],[55.1379,25.1116],[55.1351,25.0976],[55.1388,25.1108],[55.1554,25.0963]]],[[[55.1185,25.0966],[55.1256,25.1258],[55.154,25.1318],[55.1213,25.1256],[55.1185,25.0966]]],[[[55.141,25.2368],[55.1467,25.2475],[55.1292,25.2059],[55.1376,25.185],[55.141,25.2368]]],[[[55.2092,25.2356],[55.1983,25.2492],[55.2093,25.2234],[55.2092,25.2356]]],[[[55.1481,25.2429],[55.2015,25.2516],[55.1747,25.2578],[55.1481,25.2429]]],[[[55.3203,26.2783],[55.29,26.2729],[55.2903,26.2552],[55.3226,26.2541],[55.3203,26.2783]]],[[[35.7798,27.0962],[35.7481,27.136],[35.7507,27.1126],[35.7848,27.0792],[35.7798,27.0962]]],[[[49.0631,30.4795],[49.0622,30.5012],[49.0398,30.5026],[49.0115,30.4988],[49.0068,30.4766],[49.0293,30.4578],[49.0642,30.4646],[49.0631,30.4795]]],[[[25.7299,34.8815],[25.6801,34.8745],[25.7096,34.8659],[25.7299,34.8815]]],[[[26.1343,34.9463],[26.1219,34.9359],[26.133,34.9226],[26.1498,34.9333],[26.1343,34.9463]]],[[[25.2306,35.459],[25.1841,35.4444],[25.2367,35.4274],[25.2461,35.4497],[25.2306,35.459]]],[[[14.3325,36.0189],[14.3246,36.0034],[14.3506,36.0095],[14.3325,36.0189]]],[[[29.7507,36.1388],[29.7386,36.1223],[29.7641,36.1357],[29.7507,36.1388]]],[[[29.494,36.1611],[29.4854,36.1553],[29.5085,36.1547],[29.494,36.1611]]],[[[29.599,36.1493],[29.5953,36.1667],[29.5796,36.1619],[29.5592,36.121],[29.599,36.1493]]],[[[29.874,36.1864],[29.8397,36.1706],[29.8846,36.1731],[29.912,36.1995],[29.874,36.1864]]],[[[27.7183,36.2825],[27.6875,36.2729],[27.7022,36.2661],[27.6996,36.248],[27.7183,36.2825]]],[[[22.9837,36.4807],[22.9767,36.5075],[22.9624,36.5099],[22.9251,36.4691],[22.9658,36.4761],[22.986,36.4582],[22.9837,36.4807]]],[[[28.92,36.6789],[28.9154,36.6555],[28.9384,36.6761],[28.92,36.6789]]],[[[27.1302,36.9296],[27.1751,36.9225],[27.1629,36.957],[27.1087,36.9537],[27.1302,36.9296]]],[[[27.4725,36.9818],[27.4235,36.9918],[27.4771,36.9582],[27.4907,36.9728],[27.4725,36.9818]]],[[[-7.895,36.9894],[-7.8812,37.0006],[-7.9046,36.9993],[-7.895,36.9894]]],[[[21.5528,37.0644],[21.5373,37.0574],[21.5466,37.0323],[21.5528,37.0644]]],[[[10.8083,37.1361],[10.796,37.1183],[10.8229,37.1183],[10.8083,37.1361]]],[[[27.0824,37.2781],[27.1018,37.2743],[27.0922,37.2877],[27.1034,37.2995],[27.0877,37.302],[27.0824,37.2781]]],[[[26.7703,37.2806],[26.7922,37.2874],[26.7845,37.3089],[26.7497,37.3091],[26.7297,37.3274],[26.7108,37.317],[26.7703,37.2806]]],[[[26.7442,37.3606],[26.759,37.3761],[26.7166,37.4127],[26.7098,37.4026],[26.7442,37.3606]]],[[[26.9974,37.4647],[26.9269,37.4742],[26.9583,37.4439],[26.9883,37.4588],[27.0073,37.4516],[26.9974,37.4647]]],[[[23.9368,37.4727],[23.8981,37.4945],[23.9404,37.4621],[23.9368,37.4727]]],[[[8.9531,37.535],[8.9005,37.5185],[8.9587,37.5191],[8.9531,37.535]]],[[[27.1693,37.5648],[27.1844,37.5587],[27.1495,37.5967],[27.1693,37.5648]]],[[[26.4505,37.5959],[26.436,37.6016],[26.396,37.5761],[26.4507,37.566],[26.4505,37.5959]]],[[[26.5379,37.607],[26.5135,37.6533],[26.4964,37.6377],[26.5138,37.5986],[26.492,37.5863],[26.4746,37.6047],[26.474,37.5688],[26.5007,37.5278],[26.5109,37.5495],[26.4991,37.5753],[26.5379,37.607]]],[[[23.9492,37.6569],[23.9356,37.6459],[23.9597,37.6428],[23.9492,37.6569]]],[[[24.1432,37.7527],[24.1264,37.743],[24.1052,37.6452],[24.1486,37.7226],[24.1432,37.7527]]],[[[24.2632,38.0188],[24.2428,38.013],[24.2287,37.9828],[24.2778,37.9851],[24.283,37.9984],[24.2632,38.0188]]],[[[26.3444,38.4497],[26.3254,38.4413],[26.3291,38.422],[26.354,38.4262],[26.3609,38.4444],[26.3444,38.4497]]],[[[26.2634,38.52],[26.1851,38.5422],[26.2041,38.5146],[26.2525,38.502],[26.2634,38.52]]],[[[26.7241,38.4637],[26.7438,38.4637],[26.7455,38.4833],[26.7224,38.5327],[26.7,38.5423],[26.6929,38.4829],[26.7241,38.4637]]],[[[25.523,38.5456],[25.5078,38.5526],[25.4937,38.5322],[25.5182,38.5291],[25.523,38.5456]]],[[[24.362,38.8465],[24.3426,38.8341],[24.3718,38.8337],[24.362,38.8465]]],[[[-9.0124,38.8822],[-9.026,38.8648],[-9.0168,38.8572],[-9.0028,38.8614],[-9.0124,38.8822]]],[[[24.1008,39.0607],[24.1241,39.0629],[24.1174,39.1031],[24.099,39.0924],[24.1104,39.0696],[24.1008,39.0607]]],[[[20.2376,39.1486],[20.2151,39.1479],[20.2583,39.1329],[20.2376,39.1486]]],[[[24.3174,39.3566],[24.321,39.3308],[24.3307,39.3641],[24.3174,39.3566]]],[[[24.1764,39.4241],[24.144,39.3771],[24.1534,39.3621],[24.183,39.3939],[24.1764,39.4241]]],[[[19.5135,39.7842],[19.5237,39.7592],[19.5385,39.7596],[19.5135,39.7842]]],[[[19.4157,39.8651],[19.3829,39.863],[19.3818,39.8452],[19.4095,39.8413],[19.4325,39.8663],[19.4157,39.8651]]],[[[19.5746,39.9001],[19.5752,39.8758],[19.5925,39.8795],[19.5746,39.9001]]],[[[-8.8389,40.1468],[-8.828,40.1236],[-8.7961,40.1308],[-8.8389,40.1468]]],[[[23.9055,40.321],[23.9414,40.3101],[23.9118,40.3411],[23.8837,40.3311],[23.9055,40.321]]],[[[19.2819,40.5023],[19.2612,40.5055],[19.2855,40.4738],[19.2819,40.5023]]],[[[14.2194,40.5605],[14.1986,40.5585],[14.196,40.5412],[14.2621,40.554],[14.2194,40.5605]]],[[[28.5363,40.5651],[28.5191,40.5615],[28.5191,40.5102],[28.5484,40.5561],[28.5363,40.5651]]],[[[14.0214,40.767],[14.001,40.744],[14.0171,40.7373],[14.0353,40.7598],[14.0214,40.767]]],[[[29.1115,40.8655],[29.1045,40.8394],[29.1178,40.8326],[29.1299,40.8705],[29.1115,40.8655]]],[[[9.7271,40.8741],[9.7139,40.8737],[9.7396,40.8605],[9.7271,40.8741]]],[[[9.7401,40.9123],[9.7339,40.9248],[9.676,40.8902],[9.7401,40.9123]]],[[[12.9765,40.9354],[12.9485,40.9179],[12.952,40.8815],[12.9918,40.9332],[12.9765,40.9354]]],[[[12.8504,40.934],[12.8617,40.9307],[12.8604,40.9483],[12.8504,40.934]]],[[[9.4058,41.2026],[9.3944,41.1951],[9.4078,41.1851],[9.4175,41.2004],[9.4058,41.2026]]],[[[9.1504,41.2438],[9.1375,41.2409],[9.1467,41.23],[9.1504,41.2438]]],[[[9.3379,41.2522],[9.3297,41.2376],[9.3422,41.2281],[9.353,41.2478],[9.3379,41.2522]]],[[[9.3447,41.2748],[9.3506,41.2887],[9.3311,41.281],[9.3447,41.2748]]],[[[9.3753,41.2923],[9.3768,41.3078],[9.3582,41.2969],[9.3753,41.2923]]],[[[9.3459,41.3048],[9.3309,41.3047],[9.3542,41.2929],[9.3459,41.3048]]],[[[11.1047,42.2633],[11.0913,42.2518],[11.1065,42.2378],[11.1047,42.2633]]],[[[17.8987,42.7329],[17.8367,42.7531],[17.8451,42.7321],[17.9054,42.7006],[17.9159,42.7132],[17.8987,42.7329]]],[[[16.5186,42.7735],[16.4894,42.7467],[16.5342,42.7629],[16.5186,42.7735]]],[[[16.0213,42.984],[16.0028,42.9926],[15.9929,42.9523],[16.0181,42.9573],[16.0213,42.984]]],[[[15.7546,43.033],[15.7214,43.0181],[15.7639,43.0229],[15.7546,43.033]]],[[[6.4894,43.0531],[6.4347,43.0272],[6.433,43.0097],[6.5058,43.0462],[6.4894,43.0531]]],[[[16.7255,43.0965],[16.66,43.0895],[16.7385,43.0868],[16.7255,43.0965]]],[[[9.9081,43.4466],[9.8942,43.4325],[9.9085,43.4269],[9.9081,43.4466]]],[[[16.1375,43.4585],[16.115,43.4294],[16.1704,43.4361],[16.1375,43.4585]]],[[[7.0443,43.5238],[7.0324,43.5225],[7.0731,43.5158],[7.0443,43.5238]]],[[[15.8582,43.6929],[15.8416,43.7073],[15.8241,43.7],[15.8684,43.6626],[15.8582,43.6929]]],[[[15.7206,43.6797],[15.7263,43.69],[15.6745,43.7171],[15.697,43.6814],[15.7206,43.6797]]],[[[15.6602,43.7757],[15.5947,43.8314],[15.5675,43.832],[15.6311,43.7714],[15.6598,43.7639],[15.6602,43.7757]]],[[[15.1472,44.0256],[15.0729,44.0808],[15.0776,44.0531],[15.1594,43.9989],[15.1472,44.0256]]],[[[15.0763,44.2944],[15.1372,44.2883],[15.0309,44.3267],[15.0304,44.2981],[15.0581,44.2856],[15.0763,44.2944]]],[[[14.7223,44.3635],[14.7021,44.378],[14.7017,44.4016],[14.665,44.4075],[14.693,44.3598],[14.7231,44.3517],[14.7223,44.3635]]],[[[14.9463,44.4191],[14.8884,44.4562],[14.9609,44.4001],[14.9463,44.4191]]],[[[47.5196,44.4862],[47.4732,44.483],[47.4623,44.4582],[47.5339,44.4245],[47.5196,44.4862]]],[[[14.3155,44.5082],[14.2824,44.5223],[14.2987,44.4964],[14.3155,44.5082]]],[[[50.5859,44.8256],[50.5717,44.8441],[50.5639,44.8361],[50.5655,44.7674],[50.6208,44.8071],[50.5859,44.8256]]],[[[13.7739,44.9153],[13.7354,44.9239],[13.7501,44.9132],[13.7473,44.8876],[13.7777,44.9025],[13.7739,44.9153]]],[[[14.8314,44.8983],[14.7679,44.9285],[14.7786,44.9085],[14.8358,44.8868],[14.8314,44.8983]]],[[[14.5458,44.968],[14.5277,44.986],[14.4858,44.9836],[14.5348,44.9557],[14.5458,44.968]]],[[[47.985,45.2247],[47.9979,45.1774],[48.0456,45.1916],[48.0322,45.2165],[47.985,45.2247]]],[[[12.4026,45.4646],[12.3752,45.4538],[12.3961,45.4494],[12.4184,45.4687],[12.4026,45.4646]]],[[[48.5715,45.7638],[48.549,45.7635],[48.5721,45.6589],[48.5893,45.6636],[48.598,45.711],[48.5715,45.7638]]],[[[53.0174,46.4427],[52.9457,46.3778],[52.9959,46.3897],[53.0208,46.4194],[53.0174,46.4427]]],[[[-6.2815,49.9646],[-6.2682,49.963],[-6.3071,49.9677],[-6.2815,49.9646]]],[[[-9.4922,51.4488],[-9.528,51.4264],[-9.4764,51.4389],[-9.4922,51.4488]]],[[[-4.6899,51.6409],[-4.7087,51.639],[-4.6815,51.6303],[-4.6899,51.6409]]],[[[-5.2932,51.7432],[-5.3149,51.7373],[-5.2714,51.7353],[-5.2932,51.7432]]],[[[-5.3358,51.878],[-5.3498,51.8741],[-5.3435,51.8531],[-5.3358,51.878]]],[[[-4.7939,52.7683],[-4.8023,52.7454],[-4.7799,52.7626],[-4.7939,52.7683]]],[[[-9.7257,53.2257],[-9.7364,53.2456],[-9.7602,53.2318],[-9.7257,53.2257]]],[[[-9.7011,53.2856],[-9.6394,53.2966],[-9.69,53.3073],[-9.7122,53.2982],[-9.7011,53.2856]]],[[[-9.8673,53.3007],[-9.8458,53.2873],[-9.8558,53.3104],[-9.8673,53.3007]]],[[[-6.1477,53.3647],[-6.1857,53.3426],[-6.1259,53.3661],[-6.1477,53.3647]]],[[[-6.0277,53.4938],[-6.0107,53.4772],[-5.9991,53.4887],[-6.0277,53.4938]]],[[[6.5836,53.5481],[6.5705,53.5381],[6.606,53.5478],[6.5836,53.5481]]],[[[6.877,53.6515],[6.866,53.6338],[6.8937,53.6232],[6.9218,53.642],[6.877,53.6515]]],[[[-9.9667,53.8167],[-9.9854,53.8252],[-10.0519,53.7934],[-9.9497,53.8043],[-9.9667,53.8167]]]]}}]}