{"type":"FeatureCollection","bbox":[-22,4,74,54],"features":[{"type":"Feature","properties":{"name":"Ceyhan","featurecla":"River","scalerank":9,"min_zoom":7.1},"geometry":{"type":"LineString","coordinates":[[36.7234,38.6385],[36.8667,38.6508],[36.9024,38.6116],[36.886,38.5223],[36.84,38.4739],[36.9132,38.4479],[36.9581,38.3382],[37.0164,38.2928],[37.104,38.2683],[37.0918,38.2085],[37.0195,38.174],[36.9822,38.1039],[36.9937,38.0674],[37.0963,38.0612],[37.0961,38.0247],[36.9815,37.9715],[36.9669,37.8266],[36.9116,37.7395],[36.8502,37.7078],[36.7789,37.5833],[36.7581,37.5696],[36.7643,37.59],[36.6824,37.5969],[36.6526,37.5301],[36.477,37.4536],[36.4701,37.3771],[36.2857,37.3477],[36.2504,37.2952],[36.2677,37.2603],[36.2187,37.1625],[36.1611,37.1587],[35.9907,37.2206],[35.8878,37.1785],[35.8469,37.1854],[35.8189,37.1177],[35.7986,37.1177],[35.84,37.083],[35.7854,37.052],[35.8054,37.0215],[35.7643,37.0327],[35.6089,36.9522],[35.5857,36.9185],[35.6197,36.9042],[35.5652,36.9042],[35.5748,36.8485],[35.5037,36.8496],[35.4758,36.8223],[35.4758,36.6578],[35.5447,36.6683],[35.572,36.6509],[35.5932,36.6168],[35.5675,36.587]]}},{"type":"Feature","properties":{"name":"Qezel Owzan","featurecla":"River","scalerank":9,"min_zoom":7.1},"geometry":{"type":"MultiLineString","coordinates":[[[47.2716,35.9017],[47.3398,35.9077],[47.4057,35.9449],[47.4585,36.0135],[47.7244,36.0251],[47.8901,35.9999],[48.121,36.0145],[48.166,36.0419],[48.178,36.095],[48.1399,36.1278],[47.9962,36.1631],[47.9274,36.2196],[47.941,36.2879],[47.8281,36.4765],[47.8364,36.5113],[47.6012,36.882],[47.7485,37.0725],[47.7704,37.1376],[47.7493,37.2238],[47.8145,37.3753],[47.8062,37.4254],[47.941,37.515],[48.0475,37.5209],[48.1699,37.4686],[48.2564,37.4666],[48.2334,37.3596],[48.332,37.2679],[48.3246,37.2474],[48.3901,37.2617],[48.4707,37.2229],[48.4985,37.1534],[48.61,37.0862],[48.7118,37.0626],[48.928,36.8837],[49.0523,36.8155],[49.2246,36.7525],[49.3603,36.7563],[49.4898,36.8818]],[[46.783,35.5992],[46.7561,35.6715],[46.8449,35.8087],[46.8381,35.8497],[47.2699,35.9018]]]}},{"type":"Feature","properties":{"name":"Simav","featurecla":"River","scalerank":9,"min_zoom":7.1},"geometry":{"type":"LineString","coordinates":[[29.12,39.0995],[29.0418,39.0976],[28.8892,39.1713],[28.6098,39.1873],[28.3449,39.269],[28.1305,39.2752],[28.0698,39.3489],[28.1255,39.4703],[28.0696,39.6595],[28.2056,39.7227],[28.2398,39.7625],[28.1681,39.8],[28.1803,39.8538],[28.1518,39.858],[28.1741,40.0034],[28.1988,40.0362],[28.1856,40.0519],[28.4589,40.2969],[28.499,40.3907]]}},{"type":"Feature","properties":{"name":"Rhein","featurecla":"Lake Centerline","scalerank":4,"min_zoom":4},"geometry":{"type":"MultiLineString","coordinates":[[[9.1829,47.6707],[9.5493,47.5338],[9.5544,47.5112]],[[9.1276,47.6707],[9.0281,47.6949],[8.8811,47.6564]]]}},{"type":"Feature","properties":{"name":"Rhein","featurecla":"River","scalerank":4,"min_zoom":4},"geometry":{"type":"MultiLineString","coordinates":[[[9.1276,47.6707],[9.1829,47.6707]],[[9.4087,46.8346],[9.4963,46.8631],[9.5527,46.9308],[9.477,47.0599],[9.5119,47.1083],[9.4868,47.2103],[9.6392,47.3948],[9.6498,47.4523],[9.5544,47.5112]],[[8.7102,46.6227],[8.7294,46.6693],[8.8291,46.6877],[8.9177,46.7343],[9.4155,46.8346]]]}},{"type":"Feature","properties":{"name":"Kelkit","featurecla":"River","scalerank":9,"min_zoom":7.1},"geometry":{"type":"LineString","coordinates":[[39.6183,39.8789],[39.7158,39.9785],[39.6343,40.005],[39.5903,40.0856],[39.4419,40.1387],[39.2378,40.0946],[39.1012,40.1319],[39.0385,40.0958],[38.4581,40.1666],[38.3794,40.1477],[38.2476,40.2399],[38.1397,40.2484],[38.047,40.2235],[37.8907,40.2821],[37.0073,40.4942],[36.9431,40.5325],[36.9225,40.6072],[36.8059,40.6252],[36.8059,40.6469],[36.7681,40.6606],[36.7166,40.6531],[36.5523,40.7158],[36.5099,40.7708],[36.4098,40.8315],[36.4431,40.8704],[36.6555,40.9095],[36.6541,40.9453],[36.6314,40.9548],[36.6435,41.027],[36.7437,41.1528],[36.7166,41.2496],[36.6824,41.2565],[36.6824,41.331],[36.6494,41.3399],[36.6607,41.3665]]}},{"type":"Feature","properties":{"name":"Ofanto","featurecla":"River","scalerank":9,"min_zoom":7.1},"geometry":{"type":"LineString","coordinates":[[15.1287,40.8981],[15.4892,40.9073],[15.5364,40.9332],[15.572,40.9974],[15.5546,41.069],[15.583,41.1044],[15.7529,41.1026],[15.8493,41.1314],[16.1008,41.2952],[16.1799,41.3229],[16.1997,41.3625]]}},{"type":"Feature","properties":{"name":"Struma","featurecla":"River","scalerank":9,"min_zoom":7.1},"geometry":{"type":"LineString","coordinates":[[23.1836,42.4946],[23.1242,42.541],[23.1004,42.5992],[22.9939,42.6146],[22.9517,42.5952],[22.9316,42.5074],[22.8027,42.5208],[22.7253,42.4683],[22.7051,42.4089],[22.7851,42.2996],[22.8796,42.2573],[23.0317,42.1203],[23.0492,42.0322],[23.1643,41.8207],[23.1614,41.7334],[23.1904,41.6417],[23.2783,41.4581],[23.3466,41.393],[23.3467,41.3253],[23.3218,41.2879],[23.1663,41.261],[23.1557,41.2329],[23.2778,41.1376],[23.3327,41.0568],[23.4758,40.9874],[23.8,40.9164],[23.8464,40.7829]]}},{"type":"Feature","properties":{"name":"Ural","featurecla":"Lake Centerline","scalerank":4,"min_zoom":4},"geometry":{"type":"LineString","coordinates":[[58.8351,52.1968],[58.7639,52.0297],[58.7973,51.9218],[58.7724,51.8833],[58.7758,51.8164],[58.7378,51.7565],[58.6309,51.6951]]}},{"type":"Feature","properties":{"name":"Ural","featurecla":"River","scalerank":4,"min_zoom":4},"geometry":{"type":"MultiLineString","coordinates":[[[59.125,54.0],[59.1383,53.9266],[59.2078,53.8924],[59.1458,53.8378],[59.1383,53.7764],[59.2177,53.7454],[59.2625,53.6219],[59.2154,53.5841],[59.1294,53.5792],[59.0176,53.5097],[59.0086,53.4127],[59.0325,53.3285],[59.1114,53.3094],[59.17,53.2435],[59.0774,53.1595],[59.0086,53.1383],[59.0224,53.1082],[58.9649,52.9798],[58.9107,52.9411],[58.8945,52.9077],[58.9124,52.8925],[58.8705,52.868],[58.9192,52.8168],[58.9365,52.6837],[59.005,52.6394],[58.9675,52.5629],[59.0358,52.5152],[59.0624,52.5337],[59.1383,52.4947],[59.0584,52.4073],[58.9776,52.3746],[58.9465,52.2892],[58.9063,52.2818],[58.8338,52.1957]],[[58.6309,51.6951],[58.6277,51.5935],[58.7007,51.5425],[58.7542,51.464],[58.7633,51.3706],[58.7407,51.3074],[58.6284,51.2272],[58.4155,51.1993],[58.2234,51.1234],[58.1671,51.0554],[58.0768,51.0982],[57.9599,51.0777],[57.7958,51.1236],[57.6793,51.1092],[57.6387,51.1515],[57.4541,51.1733],[57.311,51.2407],[57.2266,51.2477],[57.1049,51.3304],[56.84,51.3729],[56.7984,51.3575],[56.4936,51.3775],[56.4806,51.4185],[56.3111,51.4218],[56.1919,51.5009],[56.0327,51.5506],[55.9614,51.6236],[55.8764,51.6295],[55.6245,51.7196],[55.5732,51.7058],[55.5576,51.7295],[55.3926,51.7547],[55.2759,51.7266],[55.0924,51.7324],[54.9511,51.7821],[54.8732,51.7473],[54.815,51.7708],[54.7532,51.7473],[54.6797,51.758],[54.4174,51.6859],[54.3414,51.6445],[54.3106,51.6833],[54.0331,51.6313],[54.0263,51.6108],[53.9697,51.6257],[53.7451,51.5569],[53.6784,51.5591],[53.6299,51.5893],[53.5945,51.5689],[53.4336,51.5692],[53.3219,51.4956],[53.1655,51.5148],[53.1567,51.4873],[53.0366,51.4901],[52.9438,51.4532],[52.8823,51.4674],[52.896,51.4856],[52.7793,51.5084],[52.6681,51.4554],[52.5745,51.4674],[52.4913,51.365],[52.238,51.4354],[52.2109,51.4327],[52.2174,51.398],[52.1863,51.3775],[52.1521,51.4047],[51.954,51.3955],[51.9433,51.3477],[51.9036,51.326],[51.7651,51.2818],[51.7214,51.3025],[51.6386,51.2272],[51.5801,51.2545],[51.5874,51.231],[51.4982,51.2204],[51.44,51.1742],[51.4096,51.1862],[51.3644,51.1645],[51.3468,51.1236],[51.3666,51.0978],[51.3406,51.0826],[51.3642,51.0455],[51.2996,50.987],[51.2758,50.9218],[51.2307,50.9051],[51.2307,50.8809],[51.1965,50.8846],[51.1681,50.8392],[51.1619,50.7952],[51.21,50.7344],[51.1694,50.7044],[51.1762,50.6519],[51.1267,50.6307],[51.1382,50.5704],[51.1675,50.5434],[51.1619,50.4793],[51.1074,50.4514],[51.1419,50.3911],[51.0945,50.368],[51.117,50.3581],[51.1028,50.2731],[51.1549,50.2676],[51.2136,50.1924],[51.3338,50.1441],[51.2996,50.1174],[51.3543,50.0752],[51.3096,50.0584],[51.3406,50.0274],[51.3193,49.9692],[51.3406,49.9591],[51.3126,49.9312],[51.3792,49.9249],[51.3849,49.8972],[51.4504,49.8567],[51.4845,49.8083],[51.4504,49.781],[51.5232,49.7392],[51.5323,49.637],[51.6337,49.6119],[51.6,49.5755],[51.685,49.5278],[51.7099,49.4725],[51.7432,49.4588],[51.727,49.4195],[51.8001,49.4096],[51.8075,49.3663],[51.8613,49.3592],[51.8364,49.3271],[51.867,49.2994],[51.8997,49.3098],[51.9244,49.2091],[51.9638,49.1708],[51.9296,49.1367],[51.949,49.0947],[51.9225,49.1083],[51.897,49.0449],[51.8539,49.0374],[51.8644,48.9945],[51.8367,48.8898],[51.8955,48.8732],[51.8341,48.801],[51.8477,48.719],[51.8061,48.7047],[51.8175,48.6418],[51.7651,48.6234],[51.7616,48.5669],[51.6353,48.5402],[51.6416,48.5067],[51.609,48.5025],[51.5665,48.4412],[51.6144,48.4378],[51.6144,48.4037],[51.6487,48.4005],[51.5869,48.3627],[51.6,48.3143],[51.5548,48.277],[51.5969,48.2466],[51.5628,48.2276],[51.5938,48.1846],[51.5528,48.171],[51.5938,48.1567],[51.5706,48.1196],[51.6365,48.0881],[51.6211,48.0201],[51.6695,47.9649],[51.6353,47.9307],[51.6484,47.8898],[51.6223,47.8804],[51.6353,47.7731],[51.6075,47.7215],[51.6366,47.6908],[51.6075,47.6328],[51.6962,47.5267],[51.7466,47.5198],[51.7776,47.4717],[51.8167,47.4788],[51.8272,47.4435],[51.8716,47.4159],[51.8682,47.3758],[51.9024,47.3417],[51.8613,47.3001],[51.9234,47.2734],[51.9077,47.2194],[51.937,47.1803],[51.9057,47.103],[51.7242,46.9439]]]}},{"type":"Feature","properties":{"name":"Drin","featurecla":"River","scalerank":9,"min_zoom":7.1},"geometry":{"type":"LineString","coordinates":[[20.6817,41.1807],[20.6629,41.25],[20.6194,41.2933],[20.6389,41.3212],[20.562,41.4417],[20.4688,41.5029],[20.4429,41.6115],[20.339,41.6912],[20.3589,41.8282],[20.3186,41.8933],[20.3657,41.938],[20.3627,42.0106],[20.3906,42.0829],[20.2914,42.1275],[20.3027,42.1536],[20.2702,42.1813],[19.9946,42.2624],[19.947,42.2956],[19.8809,42.2293],[19.8737,42.1429],[19.7918,42.0865],[19.6296,42.0723],[19.6396,42.0441],[19.6067,42.0021],[19.5508,41.9888],[19.5303,41.9554],[19.647,41.8319],[19.6396,41.7704],[19.5713,41.7561]]}},{"type":"Feature","properties":{"name":"Buna","featurecla":"River","scalerank":9,"min_zoom":7.1},"geometry":{"type":"LineString","coordinates":[[19.4805,42.0665],[19.4899,42.027],[19.3823,42.0058],[19.3459,41.9618],[19.3652,41.8524]]}},{"type":"Feature","properties":{"name":"Sefid","featurecla":"River","scalerank":9,"min_zoom":7.1},"geometry":{"type":"LineString","coordinates":[[49.4898,36.8818],[49.5586,36.9868],[49.711,37.1113],[49.7919,37.2474],[49.9089,37.2763],[49.9502,37.4461]]}},{"type":"Feature","properties":{"name":"IJssel","featurecla":"River","scalerank":4,"min_zoom":4},"geometry":{"type":"LineString","coordinates":[[5.8577,52.5768],[6.0171,52.5209],[6.0954,52.4679],[6.1348,52.4044],[6.0816,52.3706],[6.068,52.3218],[6.1461,52.2303],[6.1892,52.2374],[6.2078,52.0948],[6.1222,52.0618],[6.1222,52.0365],[6.1553,52.0384],[6.1475,52.0151],[6.0541,52.0073],[5.9394,51.9587]]}},{"type":"Feature","properties":{"name":"Dnieper","featurecla":"Lake Centerline","scalerank":4,"min_zoom":4},"geometry":{"type":"MultiLineString","coordinates":[[[30.5075,51.2173],[30.5305,51.1721],[30.5073,50.9398],[30.4678,50.8],[30.4824,50.657],[30.5147,50.5966]],[[31.4399,50.0001],[31.4929,49.9105],[31.4504,49.7748],[31.4673,49.7542]],[[33.1939,49.0939],[33.038,49.1818],[32.5038,49.3372],[31.8865,49.5547]],[[34.5703,48.5623],[34.4555,48.6486],[34.27,48.7158],[34.1924,48.7735],[34.04,48.8077],[33.8919,48.8917],[33.5371,49.002]],[[33.54,46.8312],[33.6033,46.8535],[33.7056,47.0281],[33.9649,47.2552],[33.9975,47.3176],[34.0084,47.4632],[34.2035,47.4783],[34.5943,47.5685],[35.0629,47.5047],[35.1479,47.5546],[35.1631,47.5961],[35.1577,47.7293],[35.1057,47.8416]]]}},{"type":"Feature","properties":{"name":"Dnieper","featurecla":"River","scalerank":4,"min_zoom":4},"geometry":{"type":"MultiLineString","coordinates":[[[30.3872,54.0],[30.3843,53.9676],[30.4238,53.9564],[30.4483,53.9089],[30.3235,53.8993],[30.282,53.8693],[30.2613,53.7798],[30.2962,53.7177],[30.2901,53.6474],[30.2545,53.5982],[30.2558,53.5271],[30.3174,53.4847],[30.3207,53.4119],[30.3712,53.3518],[30.3438,53.3239],[30.3787,53.2618],[30.2482,53.2352],[30.2613,53.1253],[30.2962,53.1185],[30.275,53.1048],[30.1993,53.0872],[30.1173,53.1253],[30.0764,53.1086],[30.011,53.0266],[30.0491,53.0012],[30.0286,52.9781],[30.0559,52.9602],[30.0422,52.93],[30.0764,52.8509],[30.0559,52.8441],[30.1279,52.7591],[30.1287,52.737],[30.1041,52.7363],[30.2613,52.6319],[30.2825,52.5493],[30.2475,52.5552],[30.2482,52.5294],[30.3727,52.44],[30.3438,52.399],[30.436,52.378],[30.4622,52.3372],[30.5562,52.3227],[30.5147,52.2551],[30.5562,52.2271],[30.5679,52.2424],[30.6245,52.1589],[30.699,52.1371],[30.7373,52.029],[30.7896,52.0285],[30.7771,52.0076],[30.8101,51.9186],[30.7412,51.8981],[30.6616,51.8196],[30.67,51.7908],[30.6177,51.7616],[30.6456,51.7547],[30.6245,51.7064],[30.5698,51.7001],[30.5562,51.6238],[30.5147,51.6039],[30.5426,51.5828],[30.5221,51.563],[30.5835,51.5425],[30.5624,51.522],[30.6177,51.4674],[30.5855,51.4521],[30.5873,51.4276],[30.6177,51.419],[30.645,51.3677],[30.6377,51.3361],[30.5794,51.304],[30.5501,51.2371],[30.5075,51.2173]],[[31.4399,50.0001],[31.3644,50.012],[31.1791,49.9719],[31.0147,50.0205],[30.8945,50.1218],[30.7476,50.1771],[30.5839,50.3567],[30.581,50.4182],[30.5298,50.4759],[30.5283,50.5383],[30.5016,50.5482],[30.5147,50.5966]],[[31.888,49.5545],[31.824,49.5629],[31.738,49.6306],[31.6491,49.6476],[31.4624,49.7567]],[[33.5371,49.002],[33.365,49.074],[33.1939,49.0939]],[[35.1052,47.8402],[35.1094,47.9536],[35.1382,48.0159],[35.0561,48.1026],[35.0807,48.1257],[35.1806,48.1258],[35.1646,48.1728],[35.1982,48.2229],[35.1467,48.3101],[35.1389,48.3805],[35.1002,48.4025],[35.0841,48.4506],[35.0239,48.4781],[34.7968,48.4853],[34.5703,48.5623]],[[32.6455,46.6496],[33.0,46.7578],[33.0567,46.7488],[33.1866,46.7913],[33.3168,46.7655],[33.4384,46.8334],[33.54,46.8312]]]}},{"type":"Feature","properties":{"name":"Bafing","featurecla":"River","scalerank":4,"min_zoom":4},"geometry":{"type":"LineString","coordinates":[[-12.0882,10.5901],[-12.0436,10.5256],[-11.9784,10.5082],[-11.7866,10.5628],[-11.7388,10.6212],[-11.7735,10.6871],[-11.7518,10.7037],[-11.7405,10.7869],[-11.6358,10.8372],[-11.5979,10.8129],[-11.5893,10.8988],[-11.6159,11.0152],[-11.588,11.0289],[-11.5743,11.1251],[-11.4926,11.1777],[-11.4804,11.237],[-11.4213,11.2749],[-11.3552,11.2691],[-11.2509,11.4002],[-11.1461,11.4603],[-11.0946,11.5156],[-11.074,11.6118],[-11.0137,11.5628],[-10.9648,11.6049],[-10.8791,11.5755],[-10.8754,11.6049],[-10.821,11.6063],[-10.8134,11.6527],[-10.7786,11.6664],[-10.7724,11.7279],[-10.7151,11.7535],[-10.6222,11.9578],[-10.5157,12.053],[-10.5123,12.1182],[-10.4463,12.1209],[-10.3262,12.2],[-10.3437,12.3195],[-10.3846,12.3225],[-10.3541,12.3448],[-10.3448,12.4103],[-10.2274,12.6121],[-10.2264,12.6863],[-10.2709,12.7073],[-10.197,12.7762],[-10.2451,12.8373],[-10.2994,12.8587],[-10.2765,12.9559],[-10.3385,12.962],[-10.336,13.0558],[-10.3883,13.1009],[-10.3536,13.1181],[-10.3506,13.152],[-10.3921,13.1973],[-10.4591,13.2009],[-10.5427,13.256],[-10.6596,13.2567],[-10.7594,13.2212],[-10.8081,13.255],[-10.8068,13.3397],[-10.7682,13.3973],[-10.7921,13.4249],[-10.7137,13.4341],[-10.7655,13.4893],[-10.7629,13.5669],[-10.8208,13.5986],[-10.8581,13.6686],[-10.8754,13.7221],[-10.8511,13.8139]]}},{"type":"Feature","properties":{"name":"Bénoué","featurecla":"River","scalerank":4,"min_zoom":4},"geometry":{"type":"LineString","coordinates":[[13.5242,7.7775],[13.616,7.8422],[13.7233,7.8802],[13.6983,8.0484],[13.8117,8.1311],[13.9248,8.1645],[13.9965,8.2744],[14.0076,8.3791],[13.9728,8.4874],[13.9067,8.5328],[13.9865,8.6916],[13.9931,8.7814],[13.8925,8.8565],[13.846,8.9312],[13.7393,8.9595],[13.6892,9.1108],[13.5751,9.2139],[13.5068,9.3392],[13.3799,9.2395],[13.2192,9.1998],[13.1707,9.2134],[13.1366,9.1855],[13.0578,9.2648],[12.9917,9.3024],[12.9721,9.2885],[12.9721,9.3159],[12.8008,9.3915],[12.5756,9.2471],[12.5127,9.2395],[12.2849,9.5108],[12.1962,9.5292],[12.0247,9.469],[11.9241,9.4905]]}},{"type":"Feature","properties":{"name":"Tigris","featurecla":"River","scalerank":4,"min_zoom":4},"geometry":{"type":"LineString","coordinates":[[39.1731,38.4244],[39.4026,38.5034],[39.509,38.5169],[39.6209,38.463],[39.6455,38.4071],[39.6894,38.377],[39.9845,38.3768],[40.0304,38.3333],[40.0264,38.2916],[40.1912,38.2002],[40.1397,38.114],[40.2669,38.0835],[40.2389,37.991],[40.2594,37.8985],[40.232,37.8743],[40.2568,37.8389],[40.415,37.8084],[40.5185,37.8355],[40.6772,37.8438],[40.7592,37.8067],[40.8433,37.8308],[41.2175,37.7429],[41.5473,37.7407],[41.6622,37.7708],[41.7643,37.7553],[41.8604,37.5928],[41.8339,37.4439],[41.8696,37.4195],[42.0278,37.4317],[42.1923,37.3499],[42.2227,37.2884],[42.2916,37.2853],[42.3526,37.2273],[42.3349,37.1715],[42.3766,37.0625]]}},{"type":"Feature","properties":{"name":"Seine","featurecla":"River","scalerank":4,"min_zoom":4},"geometry":{"type":"LineString","coordinates":[[4.7127,47.5126],[4.6736,47.6786],[4.6104,47.7033],[4.5852,47.763],[4.5431,47.7936],[4.5847,47.8692],[4.5437,47.8858],[4.5505,47.9102],[4.4917,47.9858],[4.3926,48.062],[4.3759,48.1231],[4.1596,48.2119],[4.0845,48.3249],[3.9773,48.3919],[3.8728,48.5217],[3.7481,48.5402],[3.716,48.5687],[3.2546,48.4241],[3.1873,48.4357],[3.0969,48.3968],[2.863,48.3816],[2.7997,48.3968],[2.7966,48.4173],[2.7475,48.4241],[2.7617,48.484],[2.6867,48.4925],[2.6603,48.5404],[2.605,48.5244],[2.4917,48.5759],[2.4758,48.6295],[2.3919,48.6849],[2.4431,48.7429],[2.3909,48.8338],[2.3225,48.8668],[2.2354,48.8338],[2.2485,48.8863],[2.3273,48.9307],[2.3189,48.9581],[2.1516,48.8829],[2.1249,48.8862],[2.1218,48.9107],[2.179,48.9757],[2.1453,48.9972],[2.0728,48.9952],[2.0244,48.9428],[1.9599,49.0139],[1.7647,48.9791],[1.704,49.0135],[1.6193,49.0202],[1.6991,49.069],[1.6535,49.0782],[1.547,49.0464],[1.5073,49.0958],[1.3464,49.1975],[1.3899,49.2264],[1.3755,49.2534],[1.2682,49.2136],[1.2328,49.2235],[1.2612,49.2658],[1.2539,49.3061],[1.0886,49.3146],[1.0063,49.2945],[1.0033,49.3194],[1.1193,49.3553],[1.0898,49.44],[1.0562,49.45],[1.0214,49.4309],[0.99,49.3627],[0.933,49.3575],[0.9136,49.3887],[0.9201,49.4862],[0.8608,49.4759],[0.8723,49.4256],[0.851,49.3944],[0.809,49.4262],[0.8249,49.4674],[0.7597,49.5221],[0.6812,49.5196],[0.6584,49.4657],[0.6159,49.4399],[0.4932,49.4936]]}},{"type":"Feature","properties":{"name":"Oder","featurecla":"River","scalerank":4,"min_zoom":4},"geometry":{"type":"LineString","coordinates":[[17.6179,49.7394],[17.762,49.7189],[17.8787,49.637],[17.9456,49.6268],[18.1836,49.7493],[18.2239,49.7934],[18.228,49.8424],[18.3032,49.8772],[18.351,49.9387],[18.2459,50.0421],[18.2206,50.0963],[18.2622,50.1851],[18.2417,50.1993],[18.2691,50.2198],[18.2622,50.2608],[18.1003,50.4131],[17.9551,50.5015],[17.9675,50.6239],[17.8513,50.7542],[17.6316,50.8219],[17.5918,50.8565],[17.4951,50.8592],[17.4473,50.9051],[17.3157,50.9505],[17.3163,50.9976],[17.2531,51.0468],[17.1934,51.0416],[17.1587,51.0553],[17.1628,51.0848],[17.1318,51.1037],[17.0332,51.1163],[16.8329,51.2582],[16.4909,51.2276],[16.4263,51.2961],[16.48,51.3731],[16.4482,51.4178],[16.4604,51.5009],[16.4871,51.522],[16.4563,51.5664],[16.2617,51.6811],[16.1072,51.6646],[15.7598,51.7696],[15.7341,51.8026],[15.7957,51.8845],[15.7615,51.8981],[15.7957,51.9361],[15.7726,51.979],[15.6858,51.9739],[15.6401,52.0113],[15.6448,52.0353],[15.2162,52.0754],[15.0998,52.049],[15.0278,52.0769],[14.8872,52.0565],[14.6958,52.107],[14.6921,52.1998],[14.7119,52.2362],[14.5837,52.2914],[14.5393,52.4221],[14.6318,52.497],[14.6086,52.5181],[14.6442,52.5772],[14.4313,52.6864],[14.3818,52.7385],[14.1235,52.8509],[14.1645,52.8959],[14.144,52.9602],[14.3562,53.067],[14.3891,53.1319],[14.3874,53.2023],[14.6257,53.5017],[14.5959,53.5982]]}},{"type":"Feature","properties":{"name":"Sénégal","featurecla":"River","scalerank":4,"min_zoom":4},"geometry":{"type":"MultiLineString","coordinates":[[[-13.0902,15.4973],[-13.1103,15.5966],[-13.1789,15.6284],[-13.2385,15.6236],[-13.2289,15.7115],[-13.2867,15.7698],[-13.2806,15.8231],[-13.3166,15.8819],[-13.3165,15.9306],[-13.4407,16.102],[-13.5023,16.0953],[-13.4855,16.1552],[-13.6695,16.106],[-13.7202,16.1358],[-13.7112,16.1891],[-13.7301,16.1898],[-13.8364,16.1208],[-13.8844,16.1939],[-13.9648,16.2303],[-13.9785,16.3382],[-14.2148,16.5352],[-14.2687,16.548],[-14.2786,16.5815],[-14.336,16.5867],[-14.3362,16.6318],[-14.4073,16.661],[-14.4937,16.6327],[-14.9132,16.6408],[-14.975,16.6916],[-15.0376,16.6328],[-15.1083,16.6656],[-15.1189,16.6428],[-15.0937,16.6004],[-15.1259,16.583],[-15.4152,16.5482],[-15.4648,16.5817],[-15.5255,16.5223],[-15.6103,16.5215],[-15.6728,16.4816],[-15.8976,16.5186],[-16.0544,16.4957],[-16.1329,16.555],[-16.196,16.5229],[-16.2744,16.5234],[-16.3356,16.456],[-16.3861,16.2351],[-16.4593,16.1944],[-16.5423,15.8057]],[[-10.8511,13.8139],[-10.8922,13.8245],[-10.9857,13.7972],[-10.9938,13.8364],[-11.0548,13.869],[-11.0877,14.0306],[-11.2549,14.0884],[-11.218,14.1541],[-11.2471,14.1717],[-11.264,14.305],[-11.2838,14.3391],[-11.3683,14.3794],[-11.4064,14.4558],[-11.5777,14.4998],[-11.6221,14.5582],[-11.6881,14.5908],[-11.8942,14.6191],[-12.1395,14.7847],[-12.2474,14.7672],[-12.383,14.8462],[-12.4482,14.9076],[-12.4855,15.0174],[-12.6236,15.1024],[-12.7177,15.1036],[-12.7803,15.1466],[-12.7879,15.2144],[-12.8574,15.2222],[-12.889,15.251],[-12.8849,15.2711],[-12.8287,15.284],[-12.9196,15.3655],[-12.965,15.5093],[-13.0825,15.4915]]]}},{"type":"Feature","properties":{"name":"Tigris","featurecla":"River","scalerank":4,"min_zoom":4},"geometry":{"type":"MultiLineString","coordinates":[[[42.3766,37.0625],[42.4526,36.9655],[42.488,36.9551],[42.5075,36.9731],[42.504,36.9217],[42.5349,36.8632],[42.5087,36.8618],[42.5147,36.8434],[42.566,36.8366],[42.6124,36.7894],[42.6904,36.7996],[42.7813,36.7403],[42.754,36.7115],[42.7997,36.7264],[42.8433,36.6926],[42.8921,36.7062],[42.8775,36.6715],[42.9044,36.6467],[42.8311,36.6431],[42.8223,36.6026],[42.754,36.5523],[42.7511,36.5054],[42.9356,36.4907],[42.98,36.47],[42.9688,36.4334],[43.0007,36.4093],[43.124,36.3977],[43.205,36.2384],[43.303,36.1414],[43.2986,36.0816],[43.3459,35.9799],[43.3294,35.9185],[43.3608,35.8807],[43.3316,35.8528],[43.3157,35.8633],[43.3091,35.7949]],[[43.3091,35.7949],[43.2905,35.7891],[43.2883,35.7354],[43.3186,35.6943],[43.2413,35.6446],[43.2672,35.606],[43.2407,35.5542],[43.276,35.4715],[43.2695,35.4116],[43.3648,35.3451],[43.3505,35.2805],[43.4225,35.2654],[43.3845,35.2225],[43.3971,35.201],[43.5839,35.0306],[43.5221,34.9327],[43.5774,34.7895],[43.6358,34.7674],[43.6759,34.7128],[43.6651,34.6915],[43.6938,34.6635],[43.7162,34.5537],[43.7698,34.5297],[43.7818,34.3727],[43.8277,34.2864],[43.8294,34.223],[43.8948,34.1328],[43.9714,34.0854],[44.1949,34.056],[44.2337,34.0323],[44.2914,34.0417],[44.3779,34.0013],[44.4477,33.9355],[44.444,33.8802],[44.3894,33.7836],[44.4258,33.7247],[44.3853,33.6299],[44.3227,33.6135],[44.3086,33.5501],[44.3111,33.4811],[44.3484,33.4453],[44.3447,33.3988],[44.3904,33.3255],[44.3796,33.2947],[44.4478,33.2891],[44.4894,33.233],[44.4868,33.1731],[44.5505,33.1362],[44.5764,33.0729],[44.6122,33.0772],[44.6657,33.0162],[44.7385,33.0233],[44.728,32.9742],[44.7763,32.9865],[44.8144,32.9573],[44.8394,32.9721],[44.9692,32.876],[45.0601,32.8948],[45.0269,32.8467],[45.1035,32.7863],[45.2673,32.7743],[45.2558,32.6934],[45.3061,32.6892],[45.3347,32.648],[45.3789,32.6482],[45.4263,32.5736],[45.5117,32.5952],[45.5263,32.5344],[45.5844,32.5555],[45.6277,32.5384],[45.6606,32.564],[45.7358,32.5175],[45.7911,32.5314],[45.8091,32.5022]],[[45.8069,32.5109],[45.9252,32.5511],[45.9648,32.6102],[46.1043,32.6546],[46.1619,32.6409],[46.2338,32.5652],[46.3489,32.5283],[46.4816,32.5294],[46.6731,32.4707],[46.7495,32.3582],[46.707,32.3182],[46.7218,32.2573],[46.6919,32.2114],[46.7195,32.1288],[46.7891,32.0751],[46.8628,32.0621],[46.8993,31.9486],[46.9656,31.8692],[47.0128,31.8631],[47.0987,31.8959],[47.1348,31.8638],[47.1498,31.7114],[47.1834,31.6953],[47.1943,31.6414],[47.2837,31.5315],[47.3745,31.4725],[47.3756,31.4194],[47.434,31.3751],[47.4141,31.3236],[47.4412,31.2475],[47.4265,31.1809],[47.4557,31.1492],[47.4209,31.107],[47.434,31.0188]]]}},{"type":"Feature","properties":{"name":"Benue","featurecla":"River","scalerank":4,"min_zoom":4},"geometry":{"type":"LineString","coordinates":[[11.9241,9.4905],[11.7367,9.4986],[11.4263,9.3315],[11.2634,9.1989],[11.1498,9.1718],[11.0286,9.0939],[10.9158,8.9161],[10.893,8.8206],[10.8411,8.7696],[10.7526,8.7193],[10.6502,8.7108],[10.5864,8.6754],[10.4987,8.6988],[10.4329,8.6678],[10.3745,8.6852],[10.2844,8.6716],[10.2578,8.6014],[10.178,8.5148],[10.1133,8.4968],[10.1065,8.4453],[10.048,8.4199],[10.0197,8.3456],[9.8809,8.3087],[9.8041,8.2268],[9.7175,8.2186],[9.539,8.1013],[9.4243,8.0701],[9.3079,7.9447],[9.1357,7.8901],[8.9895,7.8745],[8.9179,7.8116],[8.7993,7.799],[8.6401,7.7358],[8.5205,7.7396],[8.3986,7.7804],[8.2934,7.8556],[7.9338,7.9737],[7.6533,8.0289],[7.3193,8.0317],[7.084,7.9602],[6.9705,7.8822],[6.8012,7.8239],[6.7673,7.7857]]}},{"type":"Feature","properties":{"name":"Rhein","featurecla":"River","scalerank":4,"min_zoom":4},"geometry":{"type":"LineString","coordinates":[[8.8811,47.6564],[8.7765,47.6937],[8.6398,47.6962],[8.5596,47.5608],[8.4802,47.5881],[8.3157,47.5881],[8.2881,47.616],[8.2324,47.6221],[8.0417,47.5608],[7.9116,47.5608],[7.8976,47.5881],[7.8191,47.5955],[7.7661,47.5562],[7.6829,47.5445],[7.5886,47.5677],[7.5898,47.6082],[7.5173,47.6753],[7.5281,47.7973],[7.5615,47.8395],[7.5845,47.9407],[7.6206,47.9717],[7.572,48.0952],[7.6128,48.1795],[7.6865,48.2532],[7.7019,48.3115],[7.7503,48.3416],[7.7378,48.4068],[7.7759,48.4984],[7.8129,48.5198],[7.8097,48.6153],[7.9587,48.7216],[7.9697,48.7575],[8.0898,48.8078],[8.1787,48.9429],[8.23,48.9654]]}},{"type":"Feature","properties":{"name":"Nederrijn","featurecla":"River","scalerank":4,"min_zoom":4},"geometry":{"type":"LineString","coordinates":[[6.031,51.8797],[5.8862,51.9875],[5.6262,51.9466],[5.4617,51.9875],[5.3311,51.963]]}},{"type":"Feature","properties":{"name":"Lek","featurecla":"River","scalerank":4,"min_zoom":4},"geometry":{"type":"LineString","coordinates":[[5.3311,51.963],[5.1728,51.9676],[5.1047,52.0037],[4.6809,51.8981],[4.509,51.9186],[4.3408,51.8956],[4.2382,51.9186],[4.0984,51.9891]]}},{"type":"Feature","properties":{"name":"Gharraf Canal","featurecla":"River","scalerank":4,"min_zoom":4},"geometry":{"type":"LineString","coordinates":[[45.8091,32.5022],[45.8157,32.4555],[45.9312,32.4068],[45.9202,32.2862],[46.0113,32.1968],[45.956,31.9412],[45.992,31.8986],[46.0759,31.863],[46.1293,31.5018],[46.228,31.3226],[46.2896,31.2627],[46.3462,31.2438],[46.3652,31.1833],[46.4185,31.1619],[46.4097,31.0995],[46.3661,31.0554],[46.4,31.0167],[46.3662,30.9636]]}},{"type":"Feature","properties":{"name":"Mountain Nile","featurecla":"River","scalerank":1,"min_zoom":2},"geometry":{"type":"LineString","coordinates":[[31.6593,4.0],[31.5914,4.0804],[31.522,4.2411],[31.5083,4.3649],[31.5326,4.4988],[31.5025,4.5809],[31.593,4.6815],[31.5971,4.8065],[31.7616,5.222],[31.7485,5.4099],[31.7964,5.533],[31.7939,5.6131],[31.7535,5.7901],[31.6655,5.9419],[31.6211,5.971],[31.5847,6.0799],[31.5414,6.1264],[31.483,6.3225],[31.3991,6.4377],[31.3897,6.4988],[31.3447,6.5192],[31.3179,6.6216],[31.2416,6.7401],[31.1484,6.8297]]}},{"type":"Feature","properties":{"name":"Rhine","featurecla":"River","scalerank":4,"min_zoom":4},"geometry":{"type":"LineString","coordinates":[[8.23,48.9654],[8.3569,49.1094],[8.3871,49.2319],[8.4797,49.2968],[8.4597,49.3149],[8.5044,49.4309],[8.4423,49.452],[8.4634,49.4725],[8.3604,49.6643],[8.3789,49.7103],[8.4389,49.7264],[8.4765,49.7674],[8.4236,49.7672],[8.3399,49.8909],[8.355,49.9255],[8.3352,49.9595],[8.2128,50.0443],[7.8779,49.9728],[7.7651,50.0637],[7.7199,50.1584],[7.6513,50.1788],[7.5793,50.2499],[7.6479,50.2608],[7.592,50.3155],[7.613,50.3837],[7.5808,50.4112],[7.3872,50.4492],[7.2133,50.5958],[7.175,50.699],[6.9756,50.8399],[7.0514,50.8908],[6.9756,50.9085],[6.9627,50.9427],[6.9893,50.9727],[6.9627,50.9945],[6.9661,51.0279],[6.8528,51.0764],[6.8781,51.1139],[6.8494,51.1276],[6.8457,51.1597],[6.8022,51.1511],[6.7931,51.1835],[6.728,51.1965],[6.7243,51.227],[6.7703,51.2376],[6.7039,51.2709],[6.7299,51.3262],[6.6537,51.3601],[6.7361,51.3911],[6.7088,51.4395],[6.717,51.4703],[6.6848,51.48],[6.7192,51.5069],[6.6746,51.5494],[6.6857,51.565],[6.5921,51.5767],[6.5903,51.6554],[6.4917,51.6686],[6.414,51.72],[6.4075,51.7536],[6.3422,51.7657],[6.2778,51.8209],[6.0138,51.8853],[5.9751,51.8572],[5.9295,51.8768],[5.8596,51.851],[5.7188,51.8945],[5.543,51.9006],[5.4617,51.892],[5.3376,51.81],[5.3041,51.8299],[4.9854,51.8237]]}},{"type":"Feature","properties":{"name":"Waal","featurecla":"River","scalerank":4,"min_zoom":4},"geometry":{"type":"MultiLineString","coordinates":[[[4.9854,51.8237],[4.7902,51.8026],[4.6755,51.7194]],[[4.4032,51.7083],[4.0778,51.8437]]]}},{"type":"Feature","properties":{"name":"Ebro","featurecla":"River","scalerank":5,"min_zoom":4.7},"geometry":{"type":"LineString","coordinates":[[-4.3093,43.0169],[-4.2276,43.0269],[-4.0733,42.9982],[-4.0374,42.9472],[-4.0452,42.8427],[-3.9988,42.8153],[-3.8542,42.8541],[-3.7251,42.805],[-3.7002,42.8247],[-3.7176,42.857],[-3.6885,42.907],[-3.5998,42.9068],[-3.5708,42.8638],[-3.4538,42.7983],[-3.0316,42.7726],[-2.8419,42.6557],[-2.8128,42.6109],[-2.8213,42.5842],[-2.7481,42.5854],[-2.755,42.5655],[-2.7202,42.5655],[-2.7207,42.5434],[-2.5952,42.5174],[-2.5836,42.4966],[-2.5222,42.5103],[-2.5017,42.5375],[-2.4273,42.4993],[-2.2681,42.4868],[-2.1916,42.4428],[-2.0767,42.4424],[-2.0557,42.399],[-1.9769,42.3929],[-1.8636,42.3048],[-1.8574,42.2775],[-1.6553,42.2039],[-1.585,42.1527],[-1.5666,42.0768],[-1.4112,41.9964],[-1.2911,41.8924],[-1.1383,41.8078],[-1.0623,41.7971],[-0.796,41.6187],[-0.5675,41.5312],[-0.4891,41.4746],[-0.4937,41.4483],[-0.4615,41.4434],[-0.4031,41.322],[0.0049,41.2716],[0.0151,41.3163],[0.0553,41.3067],[0.1279,41.3475],[0.1465,41.4095],[0.2287,41.4144],[0.3649,41.3525],[0.3771,41.3214],[0.354,41.2562],[0.5689,41.2471],[0.5823,41.1863],[0.6463,41.1556],[0.6584,41.0951],[0.6413,41.055],[0.5,40.9548],[0.5349,40.7962],[0.6303,40.7215],[0.8237,40.7084],[0.8737,40.7279]]}},{"type":"Feature","properties":{"name":"Elbe","featurecla":"River","scalerank":5,"min_zoom":4.7},"geometry":{"type":"MultiLineString","coordinates":[[[10.0654,53.4633],[10.0414,53.5342],[9.8264,53.5498]],[[10.0654,53.4633],[9.819,53.5404]],[[10.0659,53.461],[10.0654,53.4633]],[[12.5018,51.8792],[12.465,51.8572],[12.4514,51.8845],[12.3726,51.851],[12.3073,51.892],[12.2266,51.8616],[12.0213,51.8719],[11.8897,51.9739],[11.8904,52.0241],[11.7456,52.0292],[11.6601,52.1124],[11.676,52.1749],[11.7177,52.2067],[11.704,52.2377],[11.7861,52.3305],[11.9404,52.3787],[11.9374,52.399],[11.989,52.436],[11.9734,52.5357],[12.042,52.7567],[12.0261,52.7957],[12.0405,52.8509],[12.019,52.8746],[11.8317,52.9281],[11.8506,52.9549],[11.7627,52.9949],[11.694,52.9838],[11.6804,53.012],[11.6221,53.0222],[11.6255,53.0502],[11.5811,53.0427],[11.4378,53.0837],[11.344,53.0662],[11.2556,53.1361],[11.1943,53.1408],[11.1559,53.1737],[11.0893,53.1441],[10.7393,53.3083],[10.7096,53.3682],[10.5693,53.3637],[10.3504,53.4319],[10.1697,53.4064],[10.0654,53.4633]],[[13.1912,51.4737],[13.1847,51.4915],[13.1497,51.4804],[13.0615,51.5084],[13.009,51.5637],[13.0274,51.5965],[12.8486,51.6722],[12.809,51.7877],[12.8355,51.8237],[12.5018,51.8792]],[[15.5828,50.6928],[15.6257,50.5877],[15.7331,50.5411],[15.7371,50.4655],[15.9176,50.3702]],[[15.9176,50.3702],[15.9321,50.3502],[15.8205,50.2414],[15.7957,50.1099],[15.844,50.0752],[15.7782,50.0485],[15.3838,50.0479],[15.2439,50.0233],[15.1904,50.0398],[15.1445,50.1304],[15.0646,50.178],[14.6838,50.1819],[14.4851,50.2979],[14.4914,50.3329],[14.4522,50.3531],[14.4556,50.3942],[14.387,50.4287],[14.36,50.4699],[14.2498,50.4322],[14.2128,50.5203],[14.0546,50.5277],[14.0278,50.583],[14.0746,50.6087],[14.0458,50.648],[14.1985,50.699],[14.1889,50.7547],[14.2395,50.8021],[14.216,50.9017],[14.062,50.9256],[14.0886,50.9461],[14.0695,50.9595],[13.897,50.9665],[13.8045,51.0658],[13.5618,51.1174],[13.4035,51.2136],[13.4131,51.254],[13.3799,51.2992],[13.2992,51.3129],[13.2839,51.3467],[13.2402,51.3521],[13.2564,51.3806],[13.2083,51.4085],[13.1843,51.4737]]]}},{"type":"Feature","properties":{"name":"Tagus","featurecla":"Lake Centerline","scalerank":5,"min_zoom":4.7},"geometry":{"type":"MultiLineString","coordinates":[[[-2.7336,40.5283],[-2.7073,40.5519],[-2.7095,40.6014],[-2.5769,40.7244]],[[-5.9956,39.8519],[-5.8026,39.7923],[-5.6636,39.791],[-5.4339,39.8357],[-5.2764,39.791],[-5.2149,39.8123]]]}},{"type":"Feature","properties":{"name":"Tagus","featurecla":"River","scalerank":5,"min_zoom":4.7},"geometry":{"type":"MultiLineString","coordinates":[[[-1.6601,40.5557],[-1.629,40.66],[-1.6832,40.7626],[-1.8487,40.8165],[-1.9097,40.8616],[-1.9882,40.833],[-2.328,40.8016],[-2.4507,40.7326],[-2.5769,40.7244]],[[-2.7327,40.5284],[-2.7672,40.521],[-2.8201,40.3884],[-2.8863,40.3623],[-2.894,40.3202],[-2.9376,40.3073],[-3.0371,40.1906],[-3.1317,40.1324],[-3.1488,40.0983],[-3.2884,40.053],[-3.6578,40.0334],[-3.7788,39.9536],[-3.9821,39.8819],[-4.0367,39.8655],[-4.1837,39.8928],[-4.2603,39.8605],[-4.2899,39.8785],[-4.3278,39.8264],[-4.4666,39.8638],[-4.5743,39.9337],[-4.7281,39.9884],[-4.8448,39.961],[-5.0224,39.7999],[-5.2167,39.8121]],[[-5.9956,39.8519],[-6.4364,39.7342],[-6.6268,39.7904],[-6.8226,39.782],[-6.9626,39.7015],[-7.1177,39.6817]]]}},{"type":"Feature","properties":{"name":"Vistula","featurecla":"Lake Centerline","scalerank":5,"min_zoom":4.7},"geometry":{"type":"LineString","coordinates":[[18.8105,49.9251],[18.9369,49.9319]]}},{"type":"Feature","properties":{"name":"Vistula","featurecla":"River","scalerank":5,"min_zoom":4.7},"geometry":{"type":"MultiLineString","coordinates":[[[18.9369,49.9319],[18.9618,49.9182],[19.112,49.9591],[19.1594,50.054],[19.2293,50.069],[19.4142,50.0274],[19.4784,50.0374],[19.5961,49.9821],[19.7053,49.9759],[19.7814,49.9834],[19.8129,50.0237],[19.9275,50.0548],[20.2204,50.0517],[20.4172,50.1354],[20.5991,50.1509],[20.7839,50.2978],[20.8223,50.2745],[21.1201,50.3487],[21.1813,50.3359],[21.2503,50.3973],[21.4299,50.4535],[21.4489,50.4663],[21.4352,50.4868],[21.5949,50.5246],[21.745,50.6748],[21.8063,50.6914],[21.8333,50.7241],[21.8474,50.8163],[21.7984,50.9355],[21.813,50.993],[21.7915,51.0211],[21.8193,51.0416],[21.7732,51.163],[21.8157,51.2645],[21.9762,51.3429],[21.9187,51.4705],[21.8324,51.4804],[21.8476,51.4985],[21.8213,51.5626],[21.6748,51.5767],[21.5751,51.6248],[21.5519,51.6592],[21.4631,51.6754],[21.4086,51.7337],[21.4185,51.7921],[21.2292,51.9056],[21.2775,51.9565],[21.2158,51.999],[21.2024,52.1043],[20.9258,52.3227],[20.8977,52.3677],[20.6748,52.4326],[20.4815,52.4193],[20.3555,52.378],[20.0285,52.3886],[19.8757,52.4641],[19.759,52.4846],[19.698,52.5352],[19.4001,52.627],[19.0558,52.6755],[18.9287,52.7954],[18.8975,52.8531],[18.7192,52.9412],[18.6694,53.0128],[18.4512,53.0222],[18.1423,53.1148],[18.2009,53.1662],[18.205,53.2087],[18.3139,53.2709],[18.3721,53.3518],[18.4846,53.4023],[18.6806,53.44],[18.7365,53.475],[18.7702,53.5893],[18.7483,53.6529],[18.7887,53.7061],[18.8644,53.7368],[18.844,53.8273],[18.8899,53.8986],[18.8582,53.934],[18.8718,53.9557],[18.8519,54.0]],[[18.8792,49.6439],[18.8281,49.6957],[18.812,49.7925],[18.7578,49.8753],[18.7782,49.9162],[18.8103,49.925]]]}},{"type":"Feature","properties":{"name":"White Nile","featurecla":"River","scalerank":1,"min_zoom":2},"geometry":{"type":"LineString","coordinates":[[31.1484,6.8297],[31.0771,6.8759],[31.0634,6.9175],[30.8462,7.0338],[30.8027,7.1177],[30.7166,7.1857],[30.6419,7.3826],[30.54,7.5087],[30.5654,7.5179],[30.5667,7.5564],[30.4942,7.6573],[30.5283,7.7952],[30.5493,7.8013],[30.5221,7.8076],[30.5358,7.8242],[30.4259,7.9932],[30.3843,8.116],[30.3246,8.1184],[30.3108,8.1495],[30.3201,8.2464],[30.338,8.2529],[30.3167,8.3011],[30.3438,8.3153],[30.3235,8.3637],[30.3599,8.4602],[30.275,8.5586],[30.2722,8.6076],[30.3092,8.6852],[30.2271,8.7603],[30.254,8.7938],[30.191,8.9903],[30.3582,9.1998],[30.3621,9.3065],[30.3247,9.3477],[30.4247,9.4829],[30.5048,9.5362],[30.8162,9.5002],[30.9597,9.5145],[31.1248,9.4325]]}},{"type":"Feature","properties":{"name":"Syr Darya","featurecla":"Lake Centerline","scalerank":5,"min_zoom":4.7},"geometry":{"type":"MultiLineString","coordinates":[[[61.7602,46.0211],[61.5624,46.1096]],[[68.4557,41.1068],[68.2634,41.1048],[68.079,41.1372],[67.9649,41.2496]],[[70.355,40.4354],[70.3595,40.3807],[70.3062,40.3498],[69.8271,40.2726]]]}},{"type":"Feature","properties":{"name":"Syr Darya","featurecla":"River","scalerank":5,"min_zoom":4.7},"geometry":{"type":"MultiLineString","coordinates":[[[61.562,46.1097],[61.513,46.131],[61.2566,46.0388],[61.165,46.0314],[61.0774,46.0463],[61.0066,46.1078],[60.9293,46.1052],[60.8779,46.1373]],[[67.9649,41.2496],[67.9718,41.2901],[68.104,41.3648],[68.0873,41.4047],[68.1159,41.4582],[68.0733,41.5031],[68.0943,41.5463],[68.0538,41.5991],[68.0341,41.7561],[68.0715,41.7664],[68.0989,41.8148],[68.0879,41.866],[68.1132,41.9517],[68.1467,41.9588],[68.1768,42.0183],[68.1671,42.0687],[68.2088,42.0653],[68.2411,42.1184],[68.1541,42.154],[68.2258,42.1745],[68.2882,42.2646],[68.2468,42.3098],[68.2735,42.4147],[68.2395,42.4283],[68.2525,42.4488],[68.1908,42.5296],[68.2599,42.627],[68.2395,42.7709],[68.1978,42.7635],[68.2326,42.8045],[68.2022,42.8238],[68.205,42.8623],[68.1637,42.8455],[68.1021,42.887],[68.1604,42.9119],[68.169,42.9708],[68.0955,42.9764],[68.0576,43.0037],[68.0198,42.9901],[68.0198,43.0372],[67.9685,43.0364],[67.9583,43.0589],[67.8484,43.0515],[67.8355,43.0733],[67.8707,43.135],[67.8652,43.19],[67.8484,43.1818],[67.8552,43.229],[67.8001,43.2365],[67.8262,43.2627],[67.7802,43.2811],[67.8081,43.2979],[67.8077,43.3298],[67.7467,43.3432],[67.7255,43.3606],[67.7597,43.3668],[67.7322,43.3761],[67.684,43.3054],[67.6591,43.3753],[67.6162,43.3873],[67.6329,43.4168],[67.561,43.4016],[67.5777,43.4488],[67.5195,43.4221],[67.5405,43.463],[67.4864,43.5074],[67.4995,43.5711],[67.3891,43.6685],[67.4028,43.6822],[67.3413,43.751],[67.3003,43.751],[67.2769,43.8108],[67.2041,43.8118],[67.2055,43.8862],[67.1672,43.9217],[67.026,43.9763],[67.0283,44.0161],[66.9644,43.9999],[66.9277,44.0297],[66.8896,43.9627],[66.8342,43.9702],[66.8234,43.9459],[66.7516,43.9702],[66.6314,43.9638],[66.6119,43.9974],[66.5741,43.9627],[66.5693,44.0106],[66.5362,44.0076],[66.5059,44.0663],[66.54,44.0999],[66.4985,44.1209],[66.5195,44.1483],[66.478,44.1271],[66.4164,44.1619],[66.4233,44.237],[66.2582,44.3605],[66.2787,44.4015],[66.2384,44.3872],[66.1865,44.439],[66.1489,44.4288],[66.1143,44.4499],[66.1177,44.4755],[66.0464,44.4773],[66.0465,44.4561],[65.9163,44.4971],[65.9571,44.4909],[65.9571,44.556],[65.8682,44.661],[65.7922,44.6684],[65.8125,44.7132],[65.7996,44.7441],[65.6222,44.7383],[65.5549,44.7604],[65.5121,44.7851],[65.5121,44.8205],[65.478,44.8546],[65.3447,44.9228],[65.3087,44.9824],[65.2,44.97],[65.131,45.0029],[65.0596,44.9912],[64.9933,45.024],[64.8748,44.9775],[64.7724,44.998],[64.7602,45.0364],[64.7027,45.0322],[64.5625,45.0873],[64.5115,45.0763],[64.469,45.1246],[64.4092,45.142],[64.4223,45.1618],[64.3784,45.1776],[64.3744,45.2165],[64.3301,45.2239],[64.3472,45.2649],[64.232,45.2861],[64.2109,45.4059],[64.186,45.4293],[64.169,45.4089],[64.0999,45.477],[64.0454,45.4634],[63.8901,45.4969],[63.8621,45.5537],[63.915,45.5786],[63.9219,45.6081],[63.7377,45.7037],[63.7815,45.7087],[63.7935,45.7414],[63.6655,45.7462],[63.4421,45.6832],[63.3043,45.6143],[63.1836,45.5992],[63.1451,45.6025],[63.123,45.6563],[63.0566,45.6983],[62.9767,45.7037],[62.9461,45.7337],[62.8872,45.7372],[62.8272,45.69],[62.7705,45.7037],[62.7631,45.6764],[62.733,45.7099],[62.6432,45.7341],[62.6066,45.8341],[62.4417,45.7515],[62.3945,45.7812],[62.2907,45.7372],[62.2984,45.784],[62.2544,45.7631],[62.1809,45.7788],[62.1682,45.7433],[62.0239,45.7316],[62.0375,45.7099],[61.9656,45.669],[61.8823,45.731],[61.7517,45.7419],[61.6914,45.812],[61.7358,45.8955],[61.8438,45.9254],[61.8321,45.9849],[61.7602,46.0211]],[[69.8271,40.2726],[69.8018,40.3037],[69.7676,40.2826],[69.637,40.3115],[69.5675,40.252],[69.3393,40.2081],[69.178,40.2764],[69.1165,40.331],[69.1506,40.3863],[69.109,40.3863],[69.1439,40.4136],[69.0959,40.4204],[69.1238,40.4595],[69.0977,40.5074],[69.1165,40.5153],[69.0754,40.5228],[69.1212,40.5883],[69.0681,40.5843],[69.0885,40.6122],[69.0536,40.6582],[68.9929,40.6531],[69.0032,40.6879],[68.9446,40.6805],[68.9556,40.7071],[68.9029,40.7351],[68.8873,40.7769],[68.7998,40.8396],[68.7149,40.8664],[68.7079,40.9075],[68.6333,40.9682],[68.6616,40.9942],[68.6133,41.0043],[68.615,41.0284],[68.541,41.0237],[68.4557,41.1068]]]}},{"type":"Feature","properties":{"name":"Naryn","featurecla":"Lake Centerline","scalerank":5,"min_zoom":4.7},"geometry":{"type":"LineString","coordinates":[[73.3003,41.7762],[73.1477,41.776],[73.0029,41.8132],[72.8098,41.794],[72.6537,41.6674]]}},{"type":"Feature","properties":{"name":"Naryn","featurecla":"River","scalerank":5,"min_zoom":4.7},"geometry":{"type":"MultiLineString","coordinates":[[[74.0,41.4407],[73.9369,41.5019],[73.9536,41.5375],[73.9404,41.6264],[73.8683,41.7187],[73.5841,41.8045],[73.4504,41.7704],[73.2979,41.776]],[[72.6537,41.6674],[72.6308,41.6339],[72.4124,41.5097],[72.3246,41.4947],[72.2478,41.4409],[72.1865,41.2974],[72.1802,41.2254],[72.1448,41.1816],[71.8997,40.9902],[71.7786,40.9238],[71.5055,40.8795],[71.3434,40.8934],[71.1751,40.8372],[71.0522,40.8551],[71.0385,40.8411],[71.0592,40.786],[71.0425,40.7761],[71.0154,40.8162],[70.8842,40.7425],[70.8128,40.7364],[70.525,40.5573],[70.4775,40.5057],[70.3692,40.4758],[70.355,40.4354]]]}},{"type":"Feature","properties":{"name":"Black Volta","featurecla":"Lake Centerline","scalerank":5,"min_zoom":4.7},"geometry":{"type":"LineString","coordinates":[[-1.7128,8.6306],[-1.6544,8.6778],[-1.522,8.6791],[-1.4886,8.7429],[-1.4442,8.7601],[-1.3668,8.7586],[-1.2434,8.6761],[-1.0562,8.6961],[-0.9762,8.6616]]}},{"type":"Feature","properties":{"name":"Black Volta","featurecla":"River","scalerank":5,"min_zoom":4.7},"geometry":{"type":"LineString","coordinates":[[-5.2632,11.1388],[-5.1587,11.1197],[-5.0645,11.2338],[-4.8582,11.2925],[-4.6598,11.4473],[-4.5747,11.3863],[-4.4888,11.4249],[-4.4339,11.4945],[-4.3314,11.5281],[-4.2489,11.5224],[-4.1322,11.7347],[-4.0462,11.834],[-4.023,11.8303],[-3.9787,11.9459],[-3.9473,11.9401],[-3.9517,11.9746],[-3.9268,11.9953],[-3.9405,12.0158],[-3.8995,12.0847],[-3.8809,12.077],[-3.8685,12.1182],[-3.8216,12.1481],[-3.8135,12.2604],[-3.7644,12.2779],[-3.696,12.4013],[-3.6456,12.4274],[-3.5779,12.4016],[-3.5135,12.6746],[-3.5411,12.7036],[-3.5187,12.729],[-3.4729,12.722],[-3.4197,12.7488],[-3.3607,12.6639],[-3.3719,12.639],[-3.3406,12.6312],[-3.3164,12.6724],[-3.2583,12.6863],[-3.2484,12.5297],[-3.159,12.5093],[-3.0976,12.4199],[-2.9624,12.3496],[-2.8863,12.3933],[-2.8472,12.3799],[-2.8375,12.3392],[-2.8873,12.2776],[-2.8308,12.2136],[-2.7926,12.1152],[-2.8079,12.0643],[-2.8963,12.1039],[-2.9194,12.053],[-2.8648,12.0084],[-2.8785,11.9302],[-2.8309,11.8815],[-2.8757,11.8115],[-2.9238,11.7977],[-2.8902,11.767],[-2.773,11.7527],[-2.7612,11.7247],[-2.7686,11.6527],[-2.8085,11.6099],[-2.8506,11.4739],[-2.8301,11.3955],[-2.8784,11.2506],[-2.7959,11.2176],[-2.7891,11.1388],[-2.8245,11.0999],[-2.8393,10.9853],[-2.8164,10.9293],[-2.9229,10.7214],[-2.9057,10.6929],[-2.9331,10.6345],[-2.8602,10.4658],[-2.7681,10.4213],[-2.8229,10.3878],[-2.8419,10.3435],[-2.8338,10.3062],[-2.7555,10.2609],[-2.7994,10.1698],[-2.7891,10.0389],[-2.755,9.9669],[-2.7612,9.8707],[-2.7344,9.8229],[-2.7959,9.7202],[-2.7407,9.651],[-2.7668,9.5767],[-2.6763,9.4719],[-2.673,9.3742],[-2.7156,9.3112],[-2.6605,9.2731],[-2.7558,9.1433],[-2.7755,9.0552],[-2.6614,9.0151],[-2.5961,8.8282],[-2.6128,8.7811],[-2.5079,8.7262],[-2.3898,8.5811],[-2.3618,8.4925],[-2.3025,8.4109],[-2.2852,8.3126],[-2.1312,8.1577],[-1.9561,8.169],[-1.8711,8.26],[-1.7667,8.2387],[-1.7705,8.3254],[-1.8779,8.3358],[-1.9133,8.4188],[-1.8848,8.4661],[-1.8834,8.5664],[-1.8574,8.6238],[-1.8167,8.6412],[-1.7421,8.6176],[-1.7128,8.6306]]}},{"type":"Feature","properties":{"name":"Volta","featurecla":"Lake Centerline","scalerank":5,"min_zoom":4.7},"geometry":{"type":"LineString","coordinates":[[-0.9762,8.6616],[-0.9255,8.6323],[-0.7341,8.3435],[-0.6422,8.2626],[-0.4831,8.1472],[-0.3184,8.1147],[-0.179,8.0035],[-0.0753,7.7698],[0.0098,7.7269],[0.1165,7.4968],[0.1272,7.4114],[0.2366,7.3425],[0.2123,6.9522],[0.1428,6.8333],[0.2062,6.7727],[0.2153,6.7091],[0.1301,6.6241],[0.1034,6.3382]]}},{"type":"Feature","properties":{"name":"Volta","featurecla":"River","scalerank":5,"min_zoom":4.7},"geometry":{"type":"LineString","coordinates":[[0.1034,6.3382],[0.0781,6.2949],[0.1034,6.2264],[0.0972,6.1381],[0.1621,6.097],[0.2482,6.0964],[0.3347,6.0406],[0.4326,6.0782],[0.5154,6.0474],[0.6284,5.9422],[0.6718,5.7605]]}},{"type":"Feature","properties":{"name":"Godävari","featurecla":"River","scalerank":5,"min_zoom":4.7},"geometry":{"type":"LineString","coordinates":[[73.6524,20.0128],[73.686,20.043],[73.8381,19.9937],[73.9674,19.9827],[74.0,20.0231]]}},{"type":"Feature","properties":{"name":"White Nile","featurecla":"River","scalerank":1,"min_zoom":2},"geometry":{"type":"LineString","coordinates":[[31.1248,9.4325],[31.3491,9.3799],[31.4049,9.3455],[31.5097,9.3644],[31.6128,9.4483],[31.6524,9.5179],[31.6358,9.575],[31.669,9.6201],[31.9757,9.7675],[32.0254,9.8456],[32.1253,9.9191],[32.1765,10.0076],[32.2184,10.0345],[32.283,10.1854],[32.2442,10.2684],[32.2315,10.4296],[32.1087,10.4514],[32.1117,10.5491],[32.3364,10.7796],[32.4253,10.8046],[32.5162,10.9335],[32.6255,10.9948],[32.6469,11.034],[32.6409,11.3091],[32.7686,11.7284],[32.7244,11.9087],[32.7222,11.9576],[32.7491,11.9953],[32.7212,12.2213],[32.7969,12.4956],[32.7522,12.9068],[32.8101,13.0367],[32.7485,13.1672],[32.6287,13.2496],[32.5766,13.357],[32.6126,13.6264],[32.5095,13.6737],[32.4754,13.7221],[32.4717,13.7941],[32.3403,13.9164],[32.3213,14.0299],[32.2156,14.2214],[32.1594,14.3794],[32.2019,14.5315],[32.1799,14.6197],[32.2085,14.7227],[32.3047,14.8209],[32.3445,14.9002],[32.4236,14.9622],[32.4202,15.0789],[32.4834,15.2747],[32.489,15.3461],[32.4475,15.4761],[32.4902,15.6345]]}},{"type":"Feature","properties":{"name":"Tobol","featurecla":"River","scalerank":5,"min_zoom":4.7},"geometry":{"type":"LineString","coordinates":[[60.9102,51.6688],[60.9483,51.6238],[60.944,51.5446],[61.0288,51.4829],[61.3557,51.46],[61.4791,51.4251],[61.5107,51.4457],[61.503,51.4657],[61.5513,51.4744],[61.626,51.5425],[61.5713,51.8671],[61.5447,51.9152],[61.5789,51.9596],[61.5632,52.0118],[61.5849,52.0502],[61.5349,52.1524],[61.4825,52.1827],[61.4895,52.2237],[61.5211,52.2722],[61.5924,52.2892],[61.599,52.3415],[61.7369,52.4294],[61.7285,52.481],[62.1528,52.4891],[62.7125,52.6419],[62.7847,52.684],[62.7905,52.7657],[62.8668,52.8373],[63.0356,52.8829],[63.0986,52.9447],[63.5046,53.0607],[63.5657,53.111],[63.5591,53.1334],[63.6091,53.1993],[63.7096,53.2618],[63.751,53.3211],[63.812,53.3376],[63.888,53.4535],[63.9015,53.5294],[63.8795,53.6153],[63.7957,53.7183],[63.8194,53.7552],[63.7439,53.8378],[63.7413,53.9216],[63.7939,53.9383],[63.7692,54.0]]}},{"type":"Feature","properties":{"name":"Pamir","featurecla":"River","scalerank":5,"min_zoom":4.7},"geometry":{"type":"LineString","coordinates":[[73.6046,37.4461],[73.4849,37.4812],[73.3779,37.4528],[73.2758,37.4597],[73.2112,37.4085],[73.1318,37.3846],[73.0671,37.3154],[72.9951,37.3095],[72.7903,37.2206],[72.6573,37.0291]]}},{"type":"Feature","properties":{"name":"Panj","featurecla":"River","scalerank":5,"min_zoom":4.7},"geometry":{"type":"LineString","coordinates":[[72.6573,37.0291],[72.4746,36.9977],[72.4055,37.0079],[72.2593,36.9676],[71.7973,36.6863],[71.6528,36.6872],[71.5769,36.7335],[71.4626,36.9483],[71.4308,37.0672],[71.4497,37.2169],[71.4933,37.3077],[71.4868,37.4094],[71.5108,37.4862],[71.4968,37.5668],[71.5405,37.71],[71.5291,37.7613],[71.5899,37.816],[71.5973,37.8985],[71.5367,37.9446],[71.3408,37.8936],[71.2578,37.9267],[71.3587,38.1844],[71.3576,38.2515],[71.117,38.3988],[71.0493,38.4089],[70.9736,38.4739],[70.943,38.4662],[70.9358,38.4332],[70.7768,38.4467],[70.6645,38.4056],[70.6763,38.3752],[70.5996,38.3473],[70.5825,38.2753],[70.5468,38.2629],[70.4699,38.1207],[70.2537,37.9737],[70.2612,37.9395],[70.1716,37.9464],[70.1648,37.8902],[70.1956,37.8402],[70.2468,37.8194],[70.2827,37.705],[70.2537,37.631],[70.2159,37.6174],[70.1573,37.5416],[70.0071,37.5491],[69.9185,37.6174],[69.8018,37.5817],[69.5282,37.5862],[69.384,37.4536],[69.3766,37.3809],[69.4094,37.2459],[69.4448,37.2366],[69.4072,37.1777],[69.3234,37.1212],[69.2454,37.1041],[69.1231,37.1694],[68.9849,37.3206],[68.8875,37.3384],[68.9155,37.2792],[68.8354,37.3294],[68.8098,37.3123],[68.8199,37.2512],[68.6685,37.2785],[68.6708,37.2474],[68.6265,37.2065],[68.551,37.1928],[68.5234,37.1649],[68.4033,37.1519],[68.4176,37.1285],[68.3914,37.1057],[68.3071,37.1145],[68.2803,37.0869],[68.2774,37.0103],[68.212,37.0215]]}},{"type":"Feature","properties":{"name":"Tagus","featurecla":"River","scalerank":5,"min_zoom":4.7},"geometry":{"type":"LineString","coordinates":[[-7.1177,39.6817],[-7.5662,39.6804],[-7.639,39.6422],[-7.6956,39.6527],[-7.9147,39.4949],[-8.4163,39.4714],[-8.4907,39.3851],[-8.6247,39.3059],[-8.7651,39.0977]]}},{"type":"Feature","properties":{"name":"Amu Darya","featurecla":"River","scalerank":5,"min_zoom":4.7},"geometry":{"type":"MultiLineString","coordinates":[[[59.0986,43.2917],[59.0938,43.3354],[58.9732,43.467],[58.9767,43.5404],[59.0571,43.6438],[59.0522,43.7019],[58.919,43.8222],[58.7636,43.8729],[58.5676,43.8885],[58.5442,43.9422],[58.543,44.0601],[58.5776,44.1271],[58.4708,44.2613],[58.3355,44.3742],[58.3157,44.4263]],[[68.212,37.0215],[68.0198,36.9259],[67.8777,37.0646],[67.7726,37.1103],[67.7802,37.1891],[67.7463,37.2296],[67.6327,37.2543],[67.561,37.2202],[67.5027,37.2822],[67.3907,37.2198],[67.2588,37.1854],[67.1874,37.2584],[67.1228,37.2822],[67.0971,37.3408],[67.0055,37.3846],[66.6936,37.3437],[66.5386,37.3694],[66.4507,37.3231],[66.4131,37.3499],[66.294,37.3314],[66.2182,37.375],[66.1426,37.3853],[66.0792,37.4411],[65.8547,37.5081],[65.7962,37.5696],[65.6487,37.6038],[65.5518,37.6649],[65.2651,37.7272],[65.1463,37.9435],[65.0864,38.0078],[64.9361,38.1039],[64.5689,38.2186],[64.3705,38.3272],[64.2813,38.4412],[64.1544,38.5319],[64.072,38.6816],[63.9778,38.7471],[63.9629,38.8445],[63.8793,38.957],[63.7549,39.0037],[63.6861,39.091],[63.5582,39.1387],[63.4688,39.22],[63.2571,39.3237],[63.0896,39.3237],[63.0225,39.3502],[62.9829,39.4062],[62.9902,39.5502],[62.9249,39.5843],[62.8799,39.6528],[62.7537,39.6669],[62.7024,39.7436],[62.6168,39.7809],[62.5447,39.8686],[62.5241,39.94],[62.4524,40.0095],[62.4212,40.1153],[62.4355,40.1944],[62.3528,40.4307],[62.1914,40.4992],[62.1337,40.5781],[62.0364,40.7365],[61.9824,40.8859],[61.9789,40.999],[61.897,41.1091],[61.5669,41.278],[61.4327,41.3006],[61.3871,41.2359],[61.2871,41.2701],[61.1909,41.39],[61.0916,41.4135],[60.9751,41.4787],[60.7057,41.6671],[60.6518,41.7568],[60.5497,41.7772],[60.4615,41.9007],[60.4588,41.9665],[60.304,42.0106],[60.2529,42.1292],[60.052,42.2663],[59.9067,42.3253],[59.7947,42.3123],[59.6423,42.3665],[59.4331,42.5245],[59.4194,42.5655],[59.365,42.5583],[59.2898,42.5996],[59.3291,42.73],[59.2045,42.786],[59.2276,42.8734],[59.1321,42.9963],[59.1594,43.1136],[59.1331,43.2147],[59.0841,43.2687],[59.1253,43.3088],[59.1213,43.3448],[59.0291,43.48],[59.0564,43.5511],[59.1548,43.5413],[59.253,43.5914],[59.2625,43.7579],[59.2214,43.8056],[59.1152,43.8521],[59.0556,43.9484],[59.1598,44.039],[59.2579,44.0775],[59.4342,44.0911],[59.541,44.1483]]]}},{"type":"Feature","properties":{"name":"Rosetta Branch","featurecla":"River","scalerank":1,"min_zoom":2},"geometry":{"type":"LineString","coordinates":[[31.2369,30.1238],[31.0676,30.2215],[30.991,30.2152],[30.9168,30.336],[30.8329,30.3337],[30.833,30.3616],[30.8793,30.3727],[30.8442,30.4012],[30.8305,30.4974],[30.8511,30.5458],[30.8237,30.5521],[30.8374,30.5869],[30.8045,30.6133],[30.7741,30.7163],[30.7922,30.7635],[30.7549,30.7644],[30.8162,30.827],[30.7617,30.827],[30.7935,30.8682],[30.7568,30.8858],[30.7822,30.9226],[30.7634,30.9835],[30.6991,31.092],[30.5699,31.1995],[30.5252,31.1964],[30.5147,31.2379],[30.4942,31.2379],[30.5181,31.328],[30.458,31.3479],[30.3985,31.4434]]}},{"type":"Feature","properties":{"name":"Mur","featurecla":"River","scalerank":6,"min_zoom":5},"geometry":{"type":"LineString","coordinates":[[13.4993,47.1628],[13.6589,47.1002],[13.7988,47.131],[13.8218,47.0904],[13.8862,47.08],[14.0546,47.1276],[14.219,47.122],[14.3774,47.1492],[14.4682,47.2158],[14.5536,47.2297],[14.641,47.202],[14.8179,47.2084],[14.8498,47.2629],[14.9888,47.3557],[15.1384,47.4126],[15.2817,47.4168],[15.3671,47.3243],[15.3088,47.2919],[15.3295,47.2796],[15.309,47.2591],[15.3369,47.2285],[15.3356,47.1343],[15.4387,47.0816],[15.5015,46.9575],[15.502,46.9023],[15.5698,46.8346],[15.5759,46.7589],[15.6061,46.73],[15.728,46.7032],[15.8781,46.721],[16.2034,46.5919],[16.268,46.5397],[16.4058,46.5397],[16.5771,46.4709],[16.6372,46.4747],[16.7546,46.3821],[16.7688,46.3964],[16.85,46.3733],[16.8887,46.2924],[17.0523,46.1538],[17.208,46.1168],[17.2754,46.0123],[17.3163,45.9979],[17.2896,45.9849],[17.3374,45.9849],[17.3449,45.9559],[17.3887,45.9633],[17.4057,45.9439],[17.5908,45.9365],[17.6453,45.8921],[17.656,45.8456],[17.8086,45.8146],[17.8576,45.772],[17.8892,45.7924],[18.0798,45.7719],[18.2107,45.7857],[18.3926,45.7037],[18.4819,45.6923],[18.4888,45.669],[18.5918,45.628],[18.6403,45.5806],[18.9275,45.5528]]}},{"type":"Feature","properties":{"name":"Suez Canal","featurecla":"Lake Centerline","scalerank":6,"min_zoom":5},"geometry":{"type":"LineString","coordinates":[[32.561,30.1807],[32.538,30.2426],[32.4307,30.2903],[32.3595,30.4243]]}},{"type":"Feature","properties":{"name":"Suez Canal","featurecla":"River","scalerank":6,"min_zoom":5},"geometry":{"type":"MultiLineString","coordinates":[[[32.3599,30.4236],[32.2966,30.5664],[32.3443,30.7206],[32.3178,30.8128],[32.3139,31.2727]],[[32.5608,30.1815],[32.5777,30.0114]]]}},{"type":"Feature","properties":{"name":"Damietta Branch","featurecla":"River","scalerank":1,"min_zoom":2},"geometry":{"type":"LineString","coordinates":[[31.1453,30.1753],[31.1111,30.2268],[31.1036,30.3323],[31.0558,30.3746],[31.1065,30.3824],[31.1011,30.4162],[31.125,30.4027],[31.1358,30.4462],[31.2278,30.5179],[31.2278,30.5595],[31.2618,30.5521],[31.2703,30.6609],[31.2136,30.8369],[31.2545,30.8536],[31.2346,30.8817],[31.2551,30.8885],[31.2551,30.9636],[31.3373,31.0412],[31.3945,31.0548],[31.4749,31.1833],[31.6134,31.1954],[31.6254,31.243],[31.676,31.2589],[31.6592,31.2783],[31.6929,31.291],[31.7169,31.3818],[31.8106,31.4222],[31.8046,31.4581],[31.8447,31.5253]]}},{"type":"Feature","properties":{"name":"Ismailiya Canal","featurecla":"River","scalerank":6,"min_zoom":5},"geometry":{"type":"LineString","coordinates":[[31.2376,30.1207],[31.297,30.1314],[31.4048,30.3262],[31.7187,30.5367],[32.3035,30.593]]}},{"type":"Feature","properties":{"name":"Koukourou","featurecla":"River","scalerank":6,"min_zoom":5},"geometry":{"type":"LineString","coordinates":[[20.9348,7.3426],[20.8762,7.2711],[20.7942,7.2318],[20.6865,7.241],[20.6436,7.1378],[20.5717,7.0745],[20.5215,7.0707],[20.4448,7.0206],[20.24,7.0336],[19.9207,7.2464],[19.8852,7.3533],[19.84,7.3712],[19.8023,7.4379],[19.7632,7.4475],[19.7329,7.5377]]}},{"type":"Feature","properties":{"name":"Chari","featurecla":"River","scalerank":6,"min_zoom":5},"geometry":{"type":"MultiLineString","coordinates":[[[15.0415,12.0567],[14.9192,12.038],[14.6716,12.153],[14.6511,12.194],[14.6159,12.1791],[14.4866,12.338],[14.2017,12.3627],[14.1794,12.3858],[14.185,12.4472]],[[18.886,8.836],[18.8674,8.8101],[18.8193,8.8119],[18.5093,8.9869],[18.447,9.0462],[18.4199,9.1166],[18.3032,9.2674],[18.0689,9.4532],[18.0615,9.495],[17.9196,9.5796],[17.7446,9.7933],[17.6443,9.8565],[17.6164,9.9855],[17.5739,10.0268],[17.5606,10.0821],[17.4003,10.2694],[17.2875,10.3765],[17.2002,10.3846],[17.131,10.421],[17.0246,10.5599],[16.943,10.5774],[16.6748,10.46],[16.6547,10.4825],[16.4194,10.543],[16.3689,10.6146],[16.1006,10.7626],[16.0632,10.7512],[16.001,10.7894],[15.9216,10.7757],[15.7649,10.803],[15.6652,10.8888],[15.5486,10.9259],[15.5137,11.0099],[15.438,11.0502],[15.4319,11.1319],[15.3916,11.2071],[15.4182,11.2688],[15.2903,11.5711],[15.3306,11.6909],[15.309,11.7484],[15.3324,11.8397],[15.2839,11.883],[15.2756,11.937],[15.1962,11.9502],[15.1343,12.0623],[15.0114,12.1088],[14.9644,12.0926],[14.8975,12.153],[14.9077,12.3271],[14.877,12.4472],[14.849,12.4572],[14.8633,12.4956],[14.8303,12.6185],[14.8186,12.639],[14.7683,12.6334],[14.7337,12.6806],[14.7131,12.6527],[14.7095,12.7185],[14.664,12.7161],[14.6178,12.7593],[14.5747,12.7451],[14.5544,12.767],[14.5485,12.9164],[14.5163,12.9798]]]}},{"type":"Feature","properties":{"name":"Bamingui","featurecla":"River","scalerank":6,"min_zoom":5},"geometry":{"type":"LineString","coordinates":[[19.7329,7.5377],[19.5917,7.568],[19.5767,7.5855],[19.5986,7.6505],[19.5659,7.6697],[19.5917,7.6989],[19.5532,7.6946],[19.4993,7.7399],[19.4614,7.7263],[19.4347,7.7604],[19.4192,7.7412],[19.3864,7.774],[19.3726,7.7467],[19.3212,7.8045],[19.3516,7.8423],[19.3203,7.882],[19.3513,7.8976],[19.3317,7.9447],[19.3516,7.9643],[19.3447,8.0211],[19.3794,8.0484],[19.3543,8.0635],[19.3589,8.1303],[19.2348,8.2781],[19.249,8.3011],[19.1057,8.4866],[19.0639,8.5988],[19.1237,8.6752],[19.0481,8.7459],[18.9168,8.8053],[18.9025,8.845],[18.886,8.836]]}},{"type":"Feature","properties":{"name":"Jordan","featurecla":"Lake Centerline","scalerank":6,"min_zoom":5},"geometry":{"type":"MultiLineString","coordinates":[[[35.5989,32.8997],[35.5769,32.7203]],[[35.4229,31.3254],[35.4524,31.4011],[35.4796,31.6414],[35.559,31.7655]]]}},{"type":"Feature","properties":{"name":"Jordan","featurecla":"River","scalerank":6,"min_zoom":5},"geometry":{"type":"MultiLineString","coordinates":[[[35.8639,33.5964],[35.8034,33.5115],[35.665,33.389],[35.5934,33.1813],[35.5989,32.8997]],[[35.5769,32.7203],[35.5581,32.6813],[35.5795,32.5606],[35.5514,32.5191],[35.5795,32.4918],[35.5447,32.4098],[35.572,32.2379],[35.5224,32.0581],[35.5454,31.9448],[35.5241,31.9195],[35.559,31.7655]],[[35.4234,31.3248],[35.4006,31.2305]]]}},{"type":"Feature","properties":{"name":"Dniester","featurecla":"Lake Centerline","scalerank":6,"min_zoom":5},"geometry":{"type":"LineString","coordinates":[[30.4783,46.1011],[30.3406,46.242],[30.2555,46.2776],[30.2688,46.32]]}},{"type":"Feature","properties":{"name":"Dniester","featurecla":"River","scalerank":6,"min_zoom":5},"geometry":{"type":"MultiLineString","coordinates":[[[22.9042,49.2196],[22.8472,49.253],[22.8505,49.2789],[23.0117,49.3558],[22.977,49.3968],[23.0227,49.4481],[23.4904,49.5852],[23.7646,49.4998],[23.9583,49.5036],[24.0464,49.4383],[24.1672,49.4337],[24.2414,49.3652],[24.2525,49.3018],[24.3076,49.2493],[24.5188,49.2329],[24.7282,49.1301],[24.7555,49.0747],[24.8209,49.0288],[24.9092,49.0337],[24.9923,48.9696],[25.1194,48.9513],[25.1227,48.9075],[25.1653,48.8654],[25.1972,48.9177],[25.2456,48.9313],[25.2251,48.8419],[25.2499,48.8593],[25.3276,48.8419],[25.2499,48.8176],[25.2507,48.7751],[25.3539,48.8138],[25.356,48.8545],[25.4709,48.8624],[25.4609,48.8253],[25.6292,48.76],[25.6485,48.6713],[25.7149,48.6644],[25.7421,48.6297],[25.7934,48.67],[25.8628,48.6007],[25.9277,48.5867],[25.9854,48.6234],[26.0196,48.6159],[26.0488,48.6475],[26.0523,48.5716],[26.0989,48.5407],[26.1295,48.5545],[26.1021,48.6065],[26.1329,48.6092],[26.1493,48.5395],[26.1807,48.5266],[26.3547,48.51],[26.4703,48.538],[26.5527,48.4656],[26.6055,48.4515],[26.6155,48.5067],[26.7088,48.4968],[26.6123,48.5508],[26.7216,48.5351],[26.739,48.5576],[26.7171,48.5947],[26.7726,48.5509],[26.7874,48.6017],[26.8186,48.6065],[26.8277,48.5612],[26.859,48.5402],[26.9451,48.5813],[27.0232,48.5607],[27.1226,48.5607],[27.1467,48.5819],[27.2373,48.5687],[27.2616,48.5956],[27.2343,48.6184],[27.3217,48.6008],[27.3702,48.6297],[27.4096,48.6207],[27.4583,48.5772],[27.5034,48.4726],[27.6043,48.4844],[27.6266,48.4515],[27.7848,48.4418],[27.9259,48.3397],[28.0759,48.3152],[28.0979,48.2844],[28.0781,48.2452],[28.0927,48.2377],[28.178,48.2591],[28.2166,48.2084],[28.3572,48.2388],[28.3696,48.2119],[28.3217,48.1634],[28.3281,48.1273],[28.4111,48.171],[28.4365,48.1501],[28.4185,48.1225],[28.4791,48.0653],[28.5172,48.1209],[28.6294,48.092],[28.627,48.0633],[28.5967,48.0673],[28.5325,48.02],[28.5375,47.994],[28.6187,48.0328],[28.6814,48.031],[28.8129,47.9654],[28.8289,47.9171],[28.8608,47.8997],[29.0181,47.8535],[28.9755,47.7435],[28.9864,47.6223],[29.033,47.5186],[29.1104,47.464],[29.0824,47.4064],[29.1646,47.3479],[29.1226,47.3293],[29.0786,47.3479],[29.179,47.1971],[29.069,47.1015],[29.1243,47.0742],[29.156,47.1136],[29.1891,47.1118],[29.1876,47.1629],[29.2907,47.1404],[29.3712,47.0787],[29.3819,47.0418],[29.3701,47.0028],[29.2949,46.9923],[29.3159,46.9588],[29.3756,46.9352],[29.4595,46.9534],[29.5116,46.7872],[29.5623,46.7872],[29.6084,46.8399],[29.6199,46.8151],[29.6519,46.8135],[29.6977,46.7279],[29.6661,46.6763],[29.7486,46.6657],[29.7754,46.6292],[29.7276,46.5943],[29.7754,46.5808],[29.8232,46.6013],[29.8672,46.5808],[29.9155,46.5191],[30.0025,46.4945],[30.0134,46.4623],[30.0764,46.4231],[30.2361,46.4369],[30.2883,46.3522],[30.2688,46.32]],[[30.4783,46.1011],[30.4985,46.0842]]]}},{"type":"Feature","properties":{"name":"Genale","featurecla":"River","scalerank":6,"min_zoom":5},"geometry":{"type":"MultiLineString","coordinates":[[[38.774,6.6048],[38.7067,6.5196],[38.7778,6.3868],[38.8904,6.3049],[38.9385,6.2232],[38.9602,6.1236],[39.0143,6.0832],[39.1788,6.0418],[39.242,5.9927],[39.3391,6.0176],[39.3989,5.9685]],[[39.3756,5.9852],[39.4575,5.8928],[39.4544,5.8062],[39.4885,5.7934],[39.5121,5.732],[39.558,5.7144],[39.5606,5.7381],[39.6243,5.7421],[39.7014,5.701],[39.7263,5.6631],[39.6773,5.5948],[39.6773,5.5464],[39.6987,5.5291],[39.8473,5.5185],[39.9789,5.3956],[40.0208,5.4073],[40.1875,5.3546],[40.5288,5.4156],[40.7044,5.5655],[40.9225,5.6995],[41.0473,5.7103],[41.0623,5.6708],[41.15,5.6426],[41.1974,5.4845],[41.2466,5.45],[41.2564,5.396],[41.2975,5.3591],[41.3425,5.2112],[41.3333,5.1744],[41.4244,5.0091],[41.5754,4.8378],[41.5582,4.8295],[41.5903,4.7622],[41.5912,4.6907],[41.6534,4.6107],[41.6987,4.6079],[41.8948,4.3633],[41.9658,4.3237]]]}},{"type":"Feature","properties":{"name":"Rhône","featurecla":"Lake Centerline","scalerank":6,"min_zoom":5},"geometry":{"type":"LineString","coordinates":[[6.1333,46.2046],[6.2685,46.3753],[6.4824,46.4489],[6.613,46.4561],[6.8661,46.4028]]}},{"type":"Feature","properties":{"name":"Rhône","featurecla":"River","scalerank":6,"min_zoom":5},"geometry":{"type":"MultiLineString","coordinates":[[[8.3786,46.5788],[8.0075,46.3381],[7.9243,46.3189],[7.6043,46.3272],[7.0718,46.1282],[6.8664,46.4026]],[[6.1333,46.2046],[6.0508,46.2046],[5.9546,46.1282],[5.8252,46.0953],[5.832,45.8982],[5.7888,45.7969],[5.7205,45.7774],[5.7129,45.7001],[5.6409,45.6458],[5.6005,45.6556],[5.4502,45.793],[5.4302,45.8443],[5.3691,45.88],[5.2573,45.7897],[5.1184,45.8266],[4.9922,45.8266],[4.8774,45.7992],[4.856,45.7499],[4.8244,45.7447],[4.8405,45.6832],[4.8024,45.593],[4.87,45.5497],[4.76,45.4444],[4.7554,45.402],[4.8115,45.2993],[4.8228,45.1112],[4.8447,45.101],[4.851,45.0216],[4.8926,44.9495],[4.8618,44.8751],[4.7713,44.7794],[4.7895,44.6585],[4.7214,44.5734],[4.6703,44.4209],[4.6576,44.2757],[4.7158,44.1944],[4.7288,44.0856],[4.7707,44.0882],[4.8508,44.0139],[4.7707,43.9369],[4.6467,43.8841],[4.6159,43.7091]],[[4.6174,43.71],[4.6159,43.7091]],[[4.6159,43.7091],[4.4797,43.6997],[4.427,43.6337],[4.4612,43.6064],[4.3513,43.5449],[4.4011,43.4532]],[[4.6159,43.7091],[4.6103,43.6587],[4.6946,43.5791]]]}},{"type":"Feature","properties":{"name":"Sutlej","featurecla":"River","scalerank":6,"min_zoom":5},"geometry":{"type":"LineString","coordinates":[[74.0,30.5053],[73.8449,30.3572],[73.7698,30.3677],[73.6646,30.3174],[73.5898,30.3229],[73.4179,30.2247],[73.3406,30.2163],[73.344,30.1815],[73.2798,30.1289],[73.233,30.1707],[73.2123,30.1492],[73.2256,30.1251],[73.1392,30.0865],[73.0532,30.0934],[72.9326,29.9826],[72.8884,30.004],[72.7281,29.9063],[72.6355,29.8925],[72.6183,29.8259],[72.4737,29.8532],[72.3621,29.8384],[72.282,29.7713],[72.2496,29.7117],[72.1962,29.7132],[72.1843,29.6717],[72.1482,29.6595],[72.166,29.5795],[71.9843,29.4914],[71.9132,29.4901],[71.9011,29.4625],[71.8062,29.4771],[71.7886,29.4491],[71.7636,29.462],[71.7197,29.4427],[71.6935,29.4771],[71.6677,29.4737],[71.5899,29.4081],[71.5973,29.3876],[71.4944,29.4081],[71.4671,29.3665],[71.4397,29.4081],[71.3884,29.3663],[71.3496,29.4081],[71.323,29.3802],[71.3018,29.4007],[71.3155,29.415],[71.2715,29.4286],[71.2182,29.3868],[71.1845,29.4213],[71.1446,29.3846],[71.022,29.3665]]}},{"type":"Feature","properties":{"name":"Danube","featurecla":"River","scalerank":2,"min_zoom":2.1},"geometry":{"type":"MultiLineString","coordinates":[[[17.2065,48.0611],[17.2617,48.0093],[17.3691,47.9815],[17.572,47.8298],[17.8252,47.7503],[18.2354,47.7542],[18.552,47.7932],[18.6924,47.7782],[18.7898,47.8266],[18.9485,47.8031],[19.0391,47.8304],[19.1069,47.8028],[19.124,47.6934],[19.0545,47.5404],[19.0468,47.4256],[18.9526,47.357],[18.8814,47.1896],[18.8969,47.0903],[18.968,47.0332],[18.9666,46.9173],[18.926,46.8353],[18.9848,46.7757],[19.0017,46.7085],[18.9529,46.6562],[18.8582,46.6149],[18.9202,46.4988],[18.8923,46.3784],[18.9133,46.3306],[18.915,46.1953],[18.9036,46.173],[18.8723,46.1835],[18.6917,46.0185],[18.8315,45.8955],[18.8539,45.8592],[18.8482,45.8098],[18.8997,45.7652],[18.9168,45.7069],[18.9621,45.6833],[18.9031,45.5733],[18.9413,45.5393],[19.0176,45.5676],[19.1057,45.5119],[19.0766,45.4919],[19.009,45.4989],[19.0025,45.4556],[19.0368,45.4226],[18.9754,45.3952],[19.0032,45.3664],[19.0913,45.3503],[19.0983,45.3201],[19.1615,45.2853],[19.3627,45.2485],[19.5296,45.2669],[19.5986,45.2279],[19.6985,45.2467],[19.8108,45.2279],[19.8809,45.2823],[19.9856,45.1898],[20.2224,45.1755],[20.3459,45.0731],[20.3569,45.0345],[20.2907,44.9775],[20.3189,44.9344],[20.4551,44.8403],[20.6364,44.8494],[20.6333,44.7652],[20.7637,44.6684],[20.8832,44.6727],[20.9895,44.7168],[21.1638,44.7479],[21.2695,44.8137],[21.3601,44.8267],[21.4116,44.7851],[21.5776,44.7779],[21.6557,44.6879],[21.7563,44.6775],[21.855,44.6988],[21.9938,44.6588],[22.0864,44.522],[22.1477,44.5012],[22.1846,44.5154],[22.3045,44.6776],[22.4255,44.7339],[22.4684,44.7304],[22.5869,44.6496],[22.6995,44.6309],[22.7648,44.5831],[22.6995,44.5421],[22.5798,44.5657],[22.5479,44.512],[22.4836,44.5],[22.4765,44.4642],[22.5222,44.3753],[22.5823,44.3287],[22.6811,44.3055],[22.6901,44.2292],[22.9059,44.1231],[23.0305,44.0933],[23.0225,44.0318],[22.8854,43.9947],[22.85,43.8972],[22.863,43.8557],[22.9191,43.8345],[23.1314,43.8482],[23.3246,43.8868]],[[23.3246,43.8868],[23.4841,43.8808],[23.6355,43.8324],[23.7422,43.843],[24.1589,43.7532],[24.3577,43.7603],[24.4658,43.8027],[24.7051,43.744],[24.9631,43.7499],[25.2519,43.7049],[25.4026,43.6503],[25.7805,43.7322],[26.1157,43.9991],[26.31,44.0528],[26.7532,44.1083],[26.8836,44.1568],[27.0269,44.1773],[27.2262,44.1209],[27.2922,44.1514],[27.461,44.1376],[27.5688,44.1954],[27.7327,44.2097],[27.9673,44.2804],[28.0479,44.3981],[28.11,44.4424],[28.0859,44.5045],[28.0037,44.5397],[28.0305,44.6369],[27.8984,44.708],[27.8774,44.7653],[27.8289,44.7791],[27.8147,44.8128],[27.8788,44.8821],[27.8942,44.957],[27.8767,45.0048],[27.9518,45.1284],[27.9417,45.2242],[28.0344,45.402],[28.1066,45.43],[28.1852,45.4156],[28.2371,45.4523],[28.2858,45.422],[28.3103,45.3481],[28.3526,45.3127],[28.5766,45.2484],[28.747,45.2307]]]}},{"type":"Feature","properties":{"name":"Atbara","featurecla":"Lake Centerline","scalerank":6,"min_zoom":5},"geometry":{"type":"LineString","coordinates":[[35.9015,14.9356],[35.8961,14.8612],[35.9355,14.8036],[35.8954,14.6197]]}},{"type":"Feature","properties":{"name":"Atbara","featurecla":"River","scalerank":6,"min_zoom":5},"geometry":{"type":"MultiLineString","coordinates":[[[35.5857,16.0037],[35.6135,15.9559],[35.6066,15.8843],[35.5796,15.8585],[35.6231,15.7037],[35.6218,15.6197],[35.7637,15.406],[35.7711,15.3192],[35.8435,15.2087],[35.9565,15.0997],[35.9922,15.0186],[35.9841,14.9693],[35.9205,14.9644],[35.9015,14.9356]],[[35.5834,16.0],[35.5059,16.0952],[35.4507,16.2305],[35.3803,16.2703],[35.2753,16.4167],[35.2662,16.5312],[34.9599,16.9343],[34.9407,17.0483],[34.7781,17.1133],[34.6069,17.2539],[34.5268,17.2608],[34.2472,17.4088],[34.2014,17.4678],[34.2037,17.5333],[34.1684,17.5855],[33.9848,17.666]]]}},{"type":"Feature","properties":{"name":"White Volta","featurecla":"Lake Centerline","scalerank":6,"min_zoom":5},"geometry":{"type":"LineString","coordinates":[[-0.9742,8.6612],[-1.0135,8.7748],[-1.0972,8.8306],[-1.1567,8.9205],[-1.1218,9.0495],[-1.1517,9.1165]]}},{"type":"Feature","properties":{"name":"White Volta","featurecla":"River","scalerank":6,"min_zoom":5},"geometry":{"type":"LineString","coordinates":[[-2.0828,14.0101],[-2.0554,13.6805],[-2.1252,13.5278],[-2.0628,13.4273],[-2.0424,13.3106],[-2.1493,13.0809],[-2.0902,13.0294],[-2.0181,13.0294],[-1.9796,13.0709],[-1.6861,13.0642],[-1.6147,13.0174],[-1.4832,12.9903],[-1.4527,12.9339],[-1.3913,12.9481],[-1.3565,12.9885],[-1.2851,12.9822],[-1.1927,12.9003],[-1.1307,12.6738],[-1.1536,12.6435],[-1.1322,12.6304],[-1.1024,12.6743],[-1.0759,12.6077],[-1.0897,12.5776],[-1.0704,12.5193],[-1.0972,12.4956],[-1.06,12.4478],[-1.1118,12.3675],[-1.0972,12.2418],[-1.064,12.2123],[-1.0224,12.0878],[-0.8985,11.9504],[-0.8879,11.886],[-0.833,11.8822],[-0.7675,11.8104],[-0.7471,11.708],[-0.7955,11.6937],[-0.7554,11.6239],[-0.7812,11.5838],[-0.7202,11.5366],[-0.6259,11.5212],[-0.551,11.4783],[-0.4822,11.3802],[-0.5205,11.3653],[-0.501,11.3018],[-0.4354,11.1944],[-0.367,11.1449],[-0.3575,11.0564],[-0.3795,11.0297],[-0.3699,10.9415],[-0.3893,10.8906],[-0.3831,10.8318],[-0.3293,10.7962],[-0.3686,10.7474],[-0.3361,10.6379],[-0.4104,10.607],[-0.4863,10.6212],[-0.5194,10.5528],[-0.6422,10.5482],[-0.6992,10.515],[-0.7038,10.6392],[-0.7852,10.6428],[-0.9114,10.4876],[-0.932,10.4842],[-0.9154,10.5205],[-1.0135,10.534],[-1.0692,10.4808],[-1.0487,10.3608],[-1.0666,10.3275],[-1.0207,10.3028],[-1.0418,10.2959],[-1.0021,10.2281],[-1.0281,10.2133],[-1.0104,10.1881],[-1.0897,10.1383],[-1.0108,10.0526],[-0.9924,9.9524],[-1.0009,9.8912],[-1.0281,9.8912],[-0.9461,9.7931],[-0.9661,9.6857],[-1.0281,9.6857],[-1.0311,9.7037],[-1.0623,9.6727],[-1.1033,9.7137],[-1.1579,9.7062],[-1.1848,9.7254],[-1.3696,9.6243],[-1.3947,9.5691],[-1.354,9.5032],[-1.3565,9.3847],[-1.2405,9.2817],[-1.2473,9.1718],[-1.1517,9.1166]]}},{"type":"Feature","properties":{"name":"Sassandra","featurecla":"Lake Centerline","scalerank":6,"min_zoom":5},"geometry":{"type":"LineString","coordinates":[[-7.0435,7.0414],[-7.0621,6.8673],[-6.9916,6.794],[-6.9701,6.6967],[-7.0101,6.569],[-6.9794,6.5135],[-7.0155,6.4543],[-7.0137,6.3851],[-7.0647,6.3112],[-7.0445,6.2528]]}},{"type":"Feature","properties":{"name":"Sassandra","featurecla":"River","scalerank":6,"min_zoom":5},"geometry":{"type":"MultiLineString","coordinates":[[[-7.1675,9.7137],[-7.2301,9.5691],[-7.201,9.3905],[-7.2363,9.3052],[-7.1954,9.1451],[-7.2301,9.1451],[-7.2226,9.1166],[-7.2606,9.0694],[-7.2363,8.9521]],[[-7.2363,8.9453],[-7.2097,8.9291],[-7.2301,8.8702],[-7.1892,8.7883],[-7.2301,8.6238],[-7.2092,8.6195],[-7.2226,8.6101],[-7.1919,8.5611],[-7.1575,8.3705],[-7.1128,8.3228],[-7.137,8.2427],[-7.106,8.1781],[-7.106,8.0515],[-7.0718,7.9584],[-7.106,7.8736],[-7.0793,7.6778],[-7.0551,7.609],[-7.022,7.6157],[-6.9831,7.5891],[-7.024,7.5375],[-7.0061,7.4454],[-7.0855,7.3659],[-7.0793,7.1707],[-7.0423,7.0418]],[[-7.0445,6.2528],[-7.0469,6.2228],[-6.8664,6.1356],[-6.8147,6.0554],[-6.6861,5.9874],[-6.6798,5.9717],[-6.746,5.9309],[-6.7301,5.8825],[-6.7019,5.8828],[-6.6957,5.8167],[-6.6173,5.7901],[-6.5511,5.6563],[-6.5213,5.6386],[-6.5176,5.5743],[-6.4295,5.5035],[-6.3697,5.3931],[-6.332,5.3819],[-6.3286,5.3447],[-6.2869,5.3236],[-6.2698,5.2801],[-6.2408,5.2828],[-6.2684,5.2279],[-6.2242,5.2065],[-6.207,5.0541],[-6.0644,4.9573]]]}},{"type":"Feature","properties":{"name":"Don","featurecla":"Lake Centerline","scalerank":6,"min_zoom":5},"geometry":{"type":"LineString","coordinates":[[42.1098,47.6018],[42.8578,47.8451],[42.9917,48.0703],[43.0326,48.1822],[43.1349,48.3094],[43.2433,48.4009],[43.4166,48.4959],[43.5421,48.6297],[43.4601,48.7215],[43.4791,48.7851],[43.5783,48.8281],[43.6489,48.9276],[43.8145,48.9317],[43.9307,49.0008],[43.9307,49.0815],[44.0025,49.1808],[43.8921,49.2155],[43.7708,49.1816],[43.7122,49.2106],[43.6802,49.288],[43.6961,49.367],[43.6104,49.4711],[43.5491,49.5067]]}},{"type":"Feature","properties":{"name":"Don","featurecla":"River","scalerank":6,"min_zoom":5},"geometry":{"type":"MultiLineString","coordinates":[[[39.1012,52.0148],[39.1091,52.0596],[39.1685,52.0638],[39.1391,52.1214],[39.1497,52.1452],[38.9367,52.2818],[39.0204,52.3121],[38.8132,52.337],[38.7713,52.3723],[38.892,52.3685],[38.9327,52.4623],[38.8879,52.5385],[38.9436,52.6455],[38.9026,52.6728],[38.9,52.722],[39.0192,52.8032],[38.9708,52.8509],[39.0261,52.8577],[39.0034,52.8837],[39.1292,52.9466],[39.0881,52.9676],[39.1572,53.0105],[39.1845,53.1048],[39.1254,53.1429],[39.1176,53.1949],[39.1646,53.2217],[39.1337,53.293],[39.1466,53.3766],[39.1265,53.4171],[39.1497,53.44],[38.9977,53.4743],[39.033,53.5532],[38.9863,53.5838],[38.8462,53.5909],[38.7791,53.6529],[38.6699,53.6727],[38.5963,53.7188],[38.5259,53.7211],[38.5049,53.7562],[38.5463,53.8515],[38.4557,53.9088],[38.4501,53.9539],[38.394,54.0]],[[43.5491,49.5067],[43.4907,49.5067],[43.4529,49.48],[43.3225,49.48],[43.2952,49.3837],[43.1222,49.3106],[43.0776,49.3643],[43.0154,49.3642],[43.0176,49.4275],[42.9317,49.4194],[42.7739,49.4862],[42.7994,49.5247],[42.7852,49.5812],[42.7617,49.5916],[42.6606,49.5621],[42.5964,49.5894],[42.1035,49.596],[42.0039,49.6234],[41.9247,49.5818],[41.8868,49.598],[41.8285,49.5818],[41.71,49.6214],[41.5108,49.6255],[41.3357,49.5755],[41.2475,49.6204],[41.2463,49.65],[41.3017,49.6575],[41.2122,49.7599],[41.0719,49.7979],[40.9248,49.8015],[40.9404,49.8231],[40.9099,49.9046],[40.8282,49.9352],[40.8286,49.9735],[40.8047,49.9815],[40.7051,49.925],[40.626,49.9349],[40.6431,49.9796],[40.4544,50.1673],[40.4142,50.1683],[40.3853,50.1383],[40.4176,50.086],[40.363,50.0548],[40.2461,50.1031],[40.1123,50.0752],[39.9994,50.0895],[39.9865,50.114],[40.045,50.2131],[39.9714,50.2875],[39.9711,50.3143],[40.0945,50.4395],[40.0269,50.4683],[40.0396,50.5072],[39.8622,50.583],[39.9141,50.6004],[39.9219,50.6289],[39.8622,50.6302],[39.7519,50.7128],[39.7734,50.7952],[39.856,50.8021],[39.766,50.8983],[39.7864,50.9182],[39.7595,50.9333],[39.8007,50.9802],[39.6362,50.9461],[39.2937,51.0007],[39.2549,50.9715],[39.1427,51.0007],[39.1256,51.0537],[39.1441,51.0946],[39.2937,51.1583],[39.1674,51.2181],[39.2048,51.2961],[39.1565,51.2818],[39.1708,51.3312],[39.09,51.352],[39.033,51.4047],[39.0121,51.4624],[39.0746,51.522],[38.9988,51.5828],[39.0513,51.6402],[39.0296,51.7064],[39.0746,51.7473],[39.0659,51.7762],[39.1528,51.9095],[39.1065,51.9525],[39.1012,52.0081]],[[42.1098,47.6018],[41.9832,47.5465],[41.7219,47.6029],[41.4627,47.616],[41.3604,47.5574],[41.2395,47.5465],[41.1749,47.5826],[41.0172,47.5498],[41.0092,47.6142],[40.985,47.6181],[40.7802,47.5335],[40.6357,47.5252],[40.4758,47.46],[40.4443,47.387],[40.2188,47.2258],[39.7932,47.2126],[39.58,47.1701],[39.4112,47.1018],[39.3779,47.1108]]]}},{"type":"Feature","properties":{"name":"Krishna","featurecla":"River","scalerank":6,"min_zoom":5},"geometry":{"type":"LineString","coordinates":[[73.7964,17.9918],[73.856,17.9762],[73.9314,17.9103],[74.0,17.7923]]}},{"type":"Feature","properties":{"name":"Lom","featurecla":"River","scalerank":6,"min_zoom":5},"geometry":{"type":"LineString","coordinates":[[14.6653,6.6984],[14.7009,6.6973],[14.7179,6.6485],[14.6452,6.5693],[14.5886,6.3819],[14.4299,6.2719],[14.4041,6.2149],[14.4367,6.1617],[14.433,6.074],[14.363,5.9989],[14.3836,5.9678],[14.3699,5.9443],[14.3078,5.8964],[14.1924,5.8617],[14.1452,5.8718],[14.1582,5.848],[14.1008,5.7702],[14.117,5.7196],[14.0967,5.7183],[14.1023,5.6622],[14.0689,5.6284],[14.0484,5.65],[14.0105,5.6358],[13.9993,5.5867],[13.9692,5.5948],[13.9699,5.5565],[13.9248,5.5464],[13.9317,5.5197],[13.8926,5.5399],[13.8832,5.5129],[13.8438,5.5308],[13.8628,5.403],[13.8325,5.4107],[13.8215,5.378],[13.7883,5.371],[13.7871,5.3409],[13.6567,5.3204],[13.617,5.2801],[13.5754,5.2801],[13.5618,5.3341],[13.5034,5.3924],[13.4289,5.3801],[13.349,5.2607],[13.3898,5.0946],[13.3095,5.0411],[13.2683,4.9395],[13.2139,4.9119],[13.126,4.9335]]}},{"type":"Feature","properties":{"name":"Omo","featurecla":"River","scalerank":6,"min_zoom":5},"geometry":{"type":"LineString","coordinates":[[37.0318,9.1514],[37.0304,9.0194],[37.0598,8.9869],[37.1072,8.9826],[37.15,8.9279],[37.177,8.9302],[37.1998,8.8616],[37.1996,8.7674],[37.1411,8.7091],[37.169,8.6889],[37.1744,8.6411],[37.2481,8.6064],[37.3857,8.3868],[37.4888,8.2716],[37.6045,8.2296],[37.5922,8.0596],[37.6194,7.9754],[37.585,7.76],[37.4048,7.4698],[37.3525,7.3145],[37.3692,7.2635],[37.4514,7.2022],[37.5116,7.2191],[37.544,7.2017],[37.4625,7.1291],[37.405,6.8752],[37.3263,6.8689],[37.251,6.7769],[37.2211,6.6759],[37.0611,6.6503],[36.9977,6.609],[36.9397,6.7046],[36.8873,6.7092],[36.8333,6.6773],[36.6917,6.7112],[36.4718,6.5255],[36.3202,6.4664],[36.2427,6.4049],[36.1098,6.4445],[36.0108,6.3415],[36.0276,6.3048],[35.9797,6.2644],[35.9828,6.1975],[35.9456,6.1639],[35.9596,6.1088],[35.9902,6.0951],[36.0046,5.9945],[35.9767,5.9579],[35.9493,5.8207],[35.9356,5.5812],[35.8954,5.5228],[35.918,5.4334],[35.9015,5.4099],[35.9356,5.3819],[35.9431,5.3341],[35.981,5.37],[36.0286,5.3769],[36.0381,5.3546],[36.1064,5.3751],[36.1349,5.4514],[36.1013,5.4617],[36.1348,5.5164],[36.1548,5.5054],[36.127,5.4849],[36.1611,5.4781],[36.1821,5.4366],[36.2162,5.4545],[36.21,5.403],[36.1753,5.3719],[36.1965,5.3068],[36.1611,5.3074],[36.2026,5.2181],[36.1475,5.1678],[36.0586,5.1771],[36.0865,5.1287],[36.0449,5.1225],[36.0504,5.0861],[36.0278,5.069],[36.032,5.0462],[36.0449,5.0598],[36.0654,5.0393],[36.0501,4.991],[36.0654,4.9779],[36.0769,5.013],[36.0791,4.9716],[36.1064,4.9642],[36.0791,4.8785],[35.9767,4.7618],[35.9732,4.7004],[36.0108,4.6666],[36.0449,4.539]]}},{"type":"Feature","properties":{"name":"Ouham","featurecla":"River","scalerank":6,"min_zoom":5},"geometry":{"type":"LineString","coordinates":[[15.3227,6.4619],[15.35,6.3824],[15.4238,6.3018],[15.4804,6.3278],[15.5407,6.3113],[15.7136,6.3933],[15.8366,6.4923],[15.939,6.4923],[15.98,6.4514],[15.9738,6.3688],[16.0217,6.2726],[16.0412,6.2857],[16.0693,6.2528],[16.2167,6.259],[16.2774,6.2791],[16.3989,6.4234],[16.4187,6.522],[16.6397,6.6753],[16.7326,6.6572],[16.7849,6.6129],[16.7908,6.5707],[16.8401,6.5362],[16.8569,6.4888],[16.8986,6.4656],[16.947,6.4582],[16.9607,6.4923],[17.0358,6.4923],[17.1096,6.4409],[17.1709,6.4591],[17.2207,6.4234],[17.3682,6.4514],[17.4609,6.5221],[17.5545,6.5331],[17.6528,6.5128],[17.6658,6.5544],[17.7105,6.5712],[17.7979,6.6649],[17.8767,6.6952],[17.8855,6.7902],[17.9609,6.8474],[17.9334,6.8834],[17.9711,7.003],[18.0929,7.0821],[18.2311,7.3118],[18.3032,7.3148],[18.2578,7.4238],[18.1921,7.5043],[18.112,7.4451],[18.0784,7.4662],[18.0042,7.4454],[17.9251,7.5414],[17.7346,7.568],[17.7925,7.7415],[17.6936,8.0791],[17.7144,8.2726],[17.7966,8.4518],[17.8486,8.4744],[17.9374,8.6563],[17.9196,8.7057],[17.955,8.7845],[17.9629,8.8362],[17.9375,8.8597],[17.9612,8.8845],[17.9675,9.0074],[18.0642,9.021],[18.1205,9.0762],[18.1462,9.1451],[18.1974,9.1616],[18.2417,9.2538],[18.2349,9.3159]]}},{"type":"Feature","properties":{"name":"Kadéï","featurecla":"River","scalerank":6,"min_zoom":5},"geometry":{"type":"LineString","coordinates":[[14.617,5.8651],[14.6306,5.7381],[14.5896,5.6085],[14.6184,5.5256],[14.5969,5.4116],[14.539,5.3037],[14.4797,5.2726],[14.4519,5.2181],[14.5003,5.1361],[14.4956,5.0749],[14.4235,4.9803],[14.3474,4.9588],[14.3078,4.9028],[14.26,4.8959],[14.2122,4.5747],[14.2463,4.539],[14.2371,4.4984],[14.332,4.413],[14.322,4.3472],[14.3699,4.3336],[14.3904,4.3547],[14.3972,4.3206],[14.4519,4.2926],[14.4775,4.2231],[14.5618,4.2517],[14.5691,4.1418],[14.6249,4.1539],[14.7175,4.2265],[14.851,4.2154],[14.8633,4.2311],[14.9199,4.1123],[15.0276,4.1324],[15.0756,4.094],[15.1172,4.1144],[15.2068,4.0318],[15.3059,4.0046],[15.4268,4.0653],[15.4461,4.0209],[15.5066,4.0]]}},{"type":"Feature","properties":{"name":"Thames","featurecla":"River","scalerank":6,"min_zoom":5},"geometry":{"type":"LineString","coordinates":[[-2.0508,51.8421],[-1.9797,51.797],[-1.938,51.69],[-1.8287,51.6553],[-1.3913,51.7064],[-1.3615,51.7602],[-1.3013,51.7821],[-1.2222,51.6895],[-1.2889,51.6592],[-1.2526,51.6435],[-1.1971,51.6606],[-1.1307,51.6172],[-1.138,51.5146],[-0.9873,51.4532],[-0.887,51.4912],[-0.8822,51.5511],[-0.719,51.5633],[-0.6856,51.5494],[-0.7012,51.5072],[-0.6036,51.4941],[-0.5758,51.4457],[-0.4698,51.3896],[-0.3738,51.4128],[-0.3237,51.4009],[-0.3101,51.4727],[-0.2365,51.4873],[-0.1793,51.4701],[-0.0848,51.5117],[0.0483,51.4912],[0.1484,51.5052],[0.2747,51.46],[0.3845,51.4532]]}},{"type":"Feature","properties":{"name":"Duero","featurecla":"River","scalerank":6,"min_zoom":5},"geometry":{"type":"MultiLineString","coordinates":[[[-2.9451,41.9754],[-2.7908,41.9041],[-2.5955,41.8824],[-2.4805,41.8188],[-2.4434,41.8239],[-2.4459,41.7154],[-2.3509,41.6537],[-2.3714,41.6326],[-2.3509,41.6264],[-2.3571,41.6053],[-2.4533,41.5822],[-2.5454,41.4935],[-2.7829,41.5097],[-2.8309,41.5396],[-2.9097,41.499],[-2.9696,41.4975],[-3.0013,41.5063],[-3.015,41.5396],[-3.0907,41.5234],[-3.2447,41.6053],[-3.3303,41.5991],[-3.5084,41.6573],[-3.5426,41.6463],[-3.9097,41.7152],[-4.0329,41.6264],[-4.2899,41.6651],[-4.4854,41.644],[-4.672,41.5882],[-4.8201,41.5882],[-4.8887,41.5346],[-5.0733,41.51],[-5.2712,41.4373],[-5.4139,41.5422],[-5.5394,41.5203],[-5.5625,41.5416],[-5.7413,41.5311],[-5.8301,41.4832],[-5.8599,41.5191],[-5.8971,41.4584],[-6.0115,41.4754],[-6.174,41.5963],[-6.2801,41.4972],[-6.3217,41.4112],[-6.3797,41.3976],[-6.4964,41.2952],[-6.6473,41.2679],[-6.7558,41.159],[-6.7655,41.1092],[-6.8186,41.0543],[-6.9873,41.0526],[-7.0755,41.0866],[-7.0928,41.149],[-7.1265,41.1642],[-7.1128,41.1922],[-7.1702,41.1575],[-7.3264,41.1577],[-7.4176,41.2156],[-7.639,41.1812]],[[-7.6512,41.1812],[-7.738,41.1525],[-7.8435,41.1844],[-8.0622,41.1058],[-8.1904,41.1091],[-8.3699,41.0657],[-8.415,41.0852],[-8.4293,41.0621],[-8.5093,41.0908],[-8.5658,41.1435],[-8.6479,41.1491]]]}},{"type":"Feature","properties":{"name":"Helmand","featurecla":"River","scalerank":6,"min_zoom":5},"geometry":{"type":"MultiLineString","coordinates":[[[68.4893,34.5716],[68.3707,34.5254],[68.3385,34.486],[68.2667,34.5133],[68.0357,34.4971],[67.9397,34.4437],[67.5747,34.355],[67.4307,34.2526],[67.3135,34.2056],[67.2662,34.157]],[[67.2662,34.1632],[67.2161,34.0913],[67.2588,34.0335],[67.2383,33.9544],[67.1495,33.951],[66.8956,33.7387],[66.7769,33.7254],[66.7312,33.6915],[66.6719,33.7088],[66.4233,33.5469],[66.3789,33.5435],[66.3066,33.4923],[66.2861,33.4066],[66.1622,33.3889],[66.0549,33.2969],[66.0533,33.244],[65.8955,33.0702],[65.8131,33.0642],[65.7231,32.9906],[65.5457,32.93],[65.5357,32.87],[65.4832,32.833],[65.4858,32.7709],[65.4492,32.691],[65.3198,32.5116],[65.3141,32.4162],[65.2613,32.3381],[65.1074,32.2999],[65.0903,32.3331],[64.9976,32.2726],[64.9535,32.187],[64.849,32.1016],[64.7358,31.9081],[64.3539,31.6631]],[[61.6041,31.2044],[61.667,31.066],[61.8041,30.95],[61.8041,30.8333],[61.7837,30.8128],[61.8247,30.734],[61.8321,30.5595],[61.8115,30.4322],[61.8545,30.3574],[61.9324,30.3088],[62.099,30.2831],[62.428,30.17],[62.5588,30.1685],[62.8731,30.2579],[63.0626,30.2617],[63.189,30.3603],[63.2553,30.3739],[63.4155,30.5057],[63.5884,30.5837],[63.8867,30.5289],[63.9697,30.5664],[64.0972,30.7705],[64.102,30.8874],[64.1826,31.0318],[64.163,31.0865],[64.1895,31.1758],[64.3744,31.4291],[64.3472,31.4946],[64.3608,31.6631]]]}},{"type":"Feature","properties":{"name":"Narmada","featurecla":"River","scalerank":6,"min_zoom":5},"geometry":{"type":"LineString","coordinates":[[74.0,21.9127],[73.9176,21.867],[73.7382,21.8378],[73.607,21.9121],[73.5432,21.9798],[73.4436,21.9866],[73.4129,21.9177],[73.3736,21.9285],[73.3367,21.8858],[73.3037,21.8904],[73.2681,21.9365],[73.2319,21.9297],[73.2451,21.8444],[73.2211,21.8289],[73.1533,21.8563],[73.1362,21.8439],[73.1588,21.7766],[73.1318,21.7538]]}},{"type":"Feature","properties":{"name":"Chenab","featurecla":"River","scalerank":6,"min_zoom":5},"geometry":{"type":"MultiLineString","coordinates":[[[74.0,32.4236],[73.7905,32.3829],[73.7561,32.3415],[73.6767,32.3471],[73.5221,32.2412],[73.4005,32.2274],[73.2789,32.0727],[73.2141,32.0351],[73.1878,31.9495],[73.1082,31.8301],[72.9928,31.7874],[72.9194,31.7103],[72.6559,31.6662],[72.3613,31.4881],[72.2512,31.3646],[72.2341,31.2202],[72.1386,31.1833]],[[72.1388,31.1833],[72.1393,31.0941],[71.9858,30.8857],[71.8579,30.7729],[71.8369,30.6619],[71.7129,30.5732],[71.6477,30.5725],[71.6295,30.5335],[71.4936,30.4542],[71.405,30.3603],[71.4141,30.3345],[71.3639,30.3162],[71.2251,29.9252],[71.1734,29.876],[71.2061,29.7933],[71.1716,29.6887],[71.0077,29.5317],[71.0457,29.4249],[71.0037,29.2933],[70.9488,29.2662],[70.9389,29.2192],[70.8302,29.2247],[70.812,29.1594],[70.7574,29.1505],[70.6987,29.0376],[70.6392,29.0368]]]}},{"type":"Feature","properties":{"featurecla":"River","scalerank":6,"min_zoom":5},"geometry":{"type":"MultiLineString","coordinates":[[[24.2556,48.3217],[24.3652,48.2846],[24.2516,48.1008],[24.1819,48.0348],[24.1879,47.9588],[24.1482,47.9124]],[[21.3464,48.0263],[21.2366,48.0468],[21.1377,48.0068],[21.0296,47.8231]],[[24.1482,47.9124],[24.0083,47.9615],[23.8547,47.9344],[23.7796,47.9877],[23.5627,48.006],[23.2214,48.1789],[23.1338,48.1678],[22.9203,48.0814],[22.7798,48.1215],[22.5896,48.0987],[22.5527,48.0699],[22.4201,48.0744],[22.2781,48.1908],[22.2849,48.2324],[22.2433,48.2665],[22.2713,48.4037],[22.2014,48.4184],[22.1372,48.3869],[22.0793,48.3116],[22.0112,48.3075],[21.9286,48.2398],[21.8461,48.2324],[21.6902,48.1675],[21.4761,48.1772],[21.4284,48.13],[21.4324,48.0506],[21.339,48.0263]],[[21.0296,47.8231],[21.0339,47.7799],[20.979,47.7731],[20.8921,47.6844],[20.7741,47.6724],[20.7097,47.628],[20.6894,47.5779],[20.3831,47.4202],[20.375,47.4023],[20.4347,47.3832],[20.4414,47.3281],[20.4626,47.3175],[20.4509,47.2683],[20.3875,47.2554],[20.3521,47.2734],[20.1677,47.1458],[20.1645,47.1184],[20.1935,47.1093],[20.1958,47.0389],[20.2565,47.0517],[20.2844,47.0332],[20.1118,46.9617],[20.1541,46.9308],[20.0368,46.8544],[20.0888,46.7574],[20.1336,46.739],[20.1336,46.7173],[20.1887,46.712],[20.2087,46.6804],[20.1404,46.5702],[20.1968,46.4846],[20.189,46.41],[20.2297,46.2899],[20.1789,46.2608]],[[24.8661,47.7379],[24.6687,47.8036],[24.448,47.7252],[24.3515,47.7384],[24.2942,47.7628],[24.1482,47.9124]]]}},{"type":"Feature","properties":{"name":"Setit","featurecla":"River","scalerank":6,"min_zoom":5},"geometry":{"type":"LineString","coordinates":[[37.8167,13.8753],[37.7639,13.8716],[37.6606,13.9215],[37.5789,14.0967],[37.5249,14.129],[37.516,14.1807],[37.475,14.1998],[37.4522,14.2608],[37.3972,14.3019],[37.3897,14.3583],[37.2932,14.4576],[37.1491,14.4421],[37.1054,14.3994],[37.0829,14.2979],[37.0051,14.2634],[36.9465,14.305],[36.7476,14.3322],[36.5652,14.2931],[36.4907,14.236],[36.4148,14.2429],[36.288,14.2976],[36.148,14.2224],[36.0379,14.221],[35.9346,14.2684],[35.8543,14.36],[35.8984,14.4691],[35.881,14.5142],[35.9049,14.5551],[35.8954,14.6197]]}},{"type":"Feature","properties":{"name":"Soroksari Duna","featurecla":"River","scalerank":6,"min_zoom":5},"geometry":{"type":"LineString","coordinates":[[19.0634,47.4727],[19.1043,47.4053],[18.9544,47.2108],[18.9578,47.1485],[19.0021,47.1015],[18.9566,47.0729],[18.968,47.0332]]}},{"type":"Feature","properties":{"name":"Ferenc Csatorna","featurecla":"River","scalerank":6,"min_zoom":5},"geometry":{"type":"LineString","coordinates":[[18.915,46.1953],[18.939,46.1571],[18.8881,46.1046],[18.917,46.0363],[18.8837,45.9703],[18.9065,45.916],[18.8723,45.8955],[18.9065,45.8682],[18.8547,45.8576]]}},{"type":"Feature","properties":{"name":"Bahr el Zeraf","featurecla":"River","scalerank":6,"min_zoom":5},"geometry":{"type":"LineString","coordinates":[[30.5357,7.7672],[30.5602,7.77],[30.5937,7.9995],[30.6491,8.1185],[30.6448,8.2632],[30.6723,8.3692],[30.6382,8.4934],[30.6523,8.5372],[30.7617,8.5828],[30.8508,8.8162],[30.849,8.9078],[30.7896,8.98],[30.8084,9.0423],[30.892,9.0961],[30.8958,9.1684],[31.0527,9.2885],[31.1391,9.4257]]}},{"type":"Feature","properties":{"name":"Sanaga","featurecla":"River","scalerank":6,"min_zoom":5},"geometry":{"type":"LineString","coordinates":[[13.126,4.9335],[13.0824,4.9277],[12.9501,5.0008],[12.7524,4.9716],[12.6685,4.9199],[12.6022,4.93],[12.5127,4.8618],[12.4203,4.7353],[12.2685,4.7219],[12.2693,4.6942],[12.2079,4.6648],[12.1995,4.6182],[12.0807,4.5253],[11.9895,4.6016],[11.8317,4.4562],[11.6323,4.3615],[11.5601,4.3882],[11.4721,4.4886],[11.404,4.5043],[11.0575,4.1717],[10.7131,4.0526],[10.6904,4.0803],[10.6249,4.0741],[10.5244,4.026],[10.4741,4.0456],[10.4367,4.1082],[10.3738,4.0]]}},{"type":"Feature","properties":{"name":"Jubba","featurecla":"River","scalerank":6,"min_zoom":5},"geometry":{"type":"LineString","coordinates":[[41.9658,4.3237],[42.0503,4.2796],[42.0523,4.2362],[42.0322,4.2281],[42.0724,4.1813],[42.1611,4.1492],[42.1867,4.1794],[42.2364,4.1358],[42.2676,4.1463],[42.3183,4.072],[42.3982,4.053],[42.4248,4.0]]}},{"type":"Feature","properties":{"name":"Tisa","featurecla":"River","scalerank":6,"min_zoom":5},"geometry":{"type":"LineString","coordinates":[[20.1789,46.2608],[20.1432,46.2523],[20.0632,46.1592],[20.0368,46.0948],[20.0859,46.0566],[20.0368,46.0252],[20.0944,45.9926],[20.1336,45.8989],[20.0859,45.8644],[20.1404,45.8266],[20.1621,45.7425],[20.0921,45.7174],[20.1018,45.6531],[20.0629,45.6034],[20.1218,45.5983],[20.103,45.5376],[20.2297,45.443],[20.2019,45.3952],[20.2639,45.3406],[20.236,45.3065],[20.3014,45.2586],[20.3186,45.2093],[20.2776,45.142]]}},{"type":"Feature","properties":{"name":"Jhelum","featurecla":"Lake Centerline","scalerank":7,"min_zoom":6},"geometry":{"type":"LineString","coordinates":[[73.5977,33.321],[73.6128,33.2493],[73.6692,33.1878],[73.643,33.1422]]}},{"type":"Feature","properties":{"name":"Jhelum","featurecla":"River","scalerank":7,"min_zoom":6},"geometry":{"type":"MultiLineString","coordinates":[[[74.0,34.1034],[73.8963,34.1053],[73.8186,34.156],[73.6909,34.175],[73.6108,34.2149],[73.5134,34.324],[73.4539,34.3352],[73.5161,34.0074],[73.5774,33.91],[73.5647,33.8029],[73.5977,33.708],[73.5706,33.633],[73.6305,33.5561],[73.6122,33.519],[73.6253,33.4513],[73.5713,33.3866],[73.5977,33.321]],[[73.643,33.1422],[73.62,33.1236],[73.6381,33.1023],[73.7612,33.0447],[73.7698,32.9777],[73.6122,32.8412],[73.5903,32.7706],[73.5327,32.7071],[73.4185,32.6483],[73.2695,32.6351],[73.2666,32.6074],[72.933,32.5432],[72.7335,32.442],[72.6113,32.4365],[72.3728,32.2889],[72.294,32.0782],[72.2403,32.0057],[72.2669,31.8851],[72.2475,31.8159],[72.1672,31.6975],[72.1249,31.4674],[72.1386,31.4092],[72.1113,31.3813],[72.1293,31.2657],[72.1583,31.2294],[72.1388,31.1833]]]}},{"type":"Feature","properties":{"name":"Kaduna","featurecla":"River","scalerank":7,"min_zoom":6},"geometry":{"type":"LineString","coordinates":[[6.0856,10.4906],[6.043,10.4421],[6.0285,10.0935],[5.9976,10.0396],[5.9912,9.9234],[5.9062,9.8619],[5.9059,9.6492],[5.9413,9.642],[5.9479,9.6078],[5.8767,9.4141],[5.8129,9.0175],[5.8738,8.9073],[5.763,8.7856]]}},{"type":"Feature","properties":{"name":"Atshan","featurecla":"River","scalerank":7,"min_zoom":6},"geometry":{"type":"LineString","coordinates":[[44.7861,31.4639],[44.824,31.4571],[44.8531,31.4018],[45.0125,31.3692],[45.0688,31.3226],[45.1384,31.3161],[45.1782,31.284],[45.2349,31.3267]]}},{"type":"Feature","properties":{"name":"Ouémé","featurecla":"Lake Centerline","scalerank":7,"min_zoom":6},"geometry":{"type":"LineString","coordinates":[[2.5454,6.4042],[2.552,6.4315]]}},{"type":"Feature","properties":{"name":"Ouémé","featurecla":"River","scalerank":7,"min_zoom":6},"geometry":{"type":"MultiLineString","coordinates":[[[2.5663,10.1103],[2.5192,10.1013],[2.4897,10.0476],[2.4328,9.8055],[2.374,9.6909],[2.2905,9.3979],[2.2478,9.2264],[2.3024,9.2264],[2.2683,9.2134],[2.2686,9.091],[2.3005,9.0683],[2.2392,9.0477],[2.2209,9.0177]],[[2.22,9.021],[2.2209,9.0177]],[[2.2209,9.0177],[2.1926,8.9391],[2.22,8.9254],[2.2062,8.8981],[2.2478,8.9117],[2.187,8.7456],[2.22,8.6306],[2.2066,8.5449],[2.3367,8.4177],[2.3289,8.2872],[2.3693,8.1817],[2.3442,8.116],[2.3713,8.0682],[2.3577,8.045],[2.3923,7.8538],[2.4675,7.774],[2.5017,7.6915],[2.485,7.5521],[2.4175,7.4747],[2.4465,7.3365],[2.4197,7.2663],[2.4806,7.2055],[2.4351,7.1751],[2.4242,7.0869],[2.4465,7.0609],[2.4123,7.0233],[2.4197,6.9175],[2.4397,6.9243],[2.457,6.8946],[2.4802,6.7899],[2.488,6.6264],[2.5349,6.5694],[2.5632,6.4719],[2.552,6.4315]],[[2.2209,9.0177],[2.22,9.0142]],[[2.552,6.4315],[2.5506,6.3648]],[[2.5506,6.3648],[2.5454,6.4042]],[[2.5506,6.3648],[2.5505,6.3543]],[[2.5544,6.355],[2.5506,6.3648]]]}},{"type":"Feature","properties":{"name":"Komoé","featurecla":"River","scalerank":7,"min_zoom":6},"geometry":{"type":"LineString","coordinates":[[-5.4072,10.6931],[-5.4711,10.6358],[-5.5233,10.4256],[-5.4748,10.3505],[-5.3863,10.2967],[-5.2973,10.3232],[-5.1198,10.2938],[-5.1177,10.2083],[-5.085,10.2276],[-5.0913,10.1781],[-5.0645,10.1792],[-5.04,10.1345],[-5.0707,10.1103],[-5.0434,10.1035],[-5.0489,10.0855],[-5.0162,10.0973],[-4.9639,10.0405],[-4.9608,10.0087],[-4.982,10.0079],[-4.9535,9.9536],[-4.9666,9.9012],[-4.9373,9.8741],[-4.8986,9.8891],[-4.7991,9.8427],[-4.7766,9.7882],[-4.8106,9.782],[-4.7969,9.7547],[-4.7705,9.7376],[-4.7388,9.7533],[-4.6817,9.6822],[-4.6046,9.7274],[-4.5528,9.6966],[-4.5397,9.7449],[-4.5105,9.7452],[-4.5023,9.6552],[-4.4097,9.6479],[-4.3718,9.5831],[-4.3656,9.6243],[-4.3104,9.6038],[-4.1966,9.4445],[-4.1773,9.2372],[-4.0906,9.2674],[-3.9566,9.2014],[-3.9473,9.1718],[-3.8938,9.1654],[-3.8995,9.1104],[-3.8442,9.1036],[-3.8516,9.0764],[-3.8721,9.1036],[-3.878,9.0418],[-3.8033,9.0074],[-3.8979,8.9462],[-3.817,8.8571],[-3.8375,8.836],[-3.7937,8.8116],[-3.7913,8.7763],[-3.8204,8.7808],[-3.8663,8.697],[-3.9368,8.6734],[-3.9473,8.6375],[-3.9231,8.5726],[-3.9814,8.5276],[-3.9329,8.4696],[-3.9439,8.4382],[-3.988,8.4189],[-3.961,8.391],[-3.96,8.3188],[-4.0429,8.3048],[-4.0019,8.2402],[-4.0201,8.1837],[-3.9405,8.116],[-3.9945,8.0897],[-4.0162,7.9832],[-4.0101,7.9667],[-3.9344,7.9777],[-3.9292,7.9492],[-3.9768,7.9129],[-3.8801,7.885],[-3.8721,7.774],[-3.7273,7.722],[-3.7261,7.666],[-3.6783,7.644],[-3.6382,7.5816],[-3.5789,7.587],[-3.5941,7.5168],[-3.5416,7.4956],[-3.5091,7.4488],[-3.5058,7.392],[-3.5447,7.3231],[-3.5285,7.2858],[-3.5825,7.2747],[-3.5933,7.1866],[-3.6251,7.1977],[-3.6456,7.1776],[-3.6233,7.1126],[-3.5637,7.1062],[-3.5701,7.0718],[-3.619,7.082],[-3.6345,7.0511],[-3.7754,6.9789],[-3.7715,6.9372],[-3.7554,6.9591],[-3.7298,6.9119],[-3.7728,6.8653],[-3.7403,6.815],[-3.7965,6.7598],[-3.7706,6.7058],[-3.8033,6.6711],[-3.7691,6.6158],[-3.6804,6.6363],[-3.6562,6.4414],[-3.6115,6.3558],[-3.5555,6.3534],[-3.5426,6.3762],[-3.5009,6.3297],[-3.457,6.2463],[-3.4837,6.2352],[-3.4607,6.1907],[-3.4205,6.2053],[-3.3924,6.1121],[-3.4271,6.061],[-3.4054,6.0677],[-3.3848,6.0017],[-3.4238,5.9712],[-3.4669,5.8577],[-3.4654,5.8068],[-3.4333,5.7792],[-3.5834,5.6371],[-3.6599,5.5129],[-3.6243,5.2572],[-3.6456,5.2665],[-3.7171,5.2125]]}},{"type":"Feature","properties":{"name":"Danube","featurecla":"River","scalerank":2,"min_zoom":2.1},"geometry":{"type":"MultiLineString","coordinates":[[[12.5088,48.9276],[12.5066,48.9313]],[[12.5088,48.9276],[12.5066,48.9239]],[[8.1792,48.0935],[8.2306,48.0474],[8.2915,48.0468],[8.3294,48.0024],[8.4355,47.9732],[8.4705,47.9295],[8.5309,47.9491],[8.6143,47.9171],[8.7644,47.9382],[8.7641,47.9578],[8.8948,48.0406],[8.927,48.03],[8.9146,48.0126],[8.9423,48.0185],[9.0501,48.0909],[9.3771,48.0731],[9.5527,48.2454],[9.6967,48.2396],[9.7582,48.2808],[9.9158,48.3279],[10.0462,48.4378],[10.3701,48.4982],[10.4296,48.5704],[10.5708,48.6009],[10.8056,48.7158],[11.6482,48.782],[11.7494,48.8347],[11.7935,48.8966],[12.0213,48.9344],[12.033,48.9449],[11.9982,48.9598],[12.0396,48.994],[12.033,49.0275],[12.3123,49.015],[12.3489,49.0002],[12.3285,48.9722],[12.465,48.9654],[12.527,48.9449],[12.5088,48.9276]],[[17.2065,48.0611],[17.1579,48.0857],[17.1519,48.1362],[17.0563,48.1436],[16.9876,48.1774],[16.8647,48.1369],[16.7497,48.129],[16.5496,48.1551],[16.4187,48.2273],[16.2974,48.385],[15.9457,48.3634],[15.834,48.4088],[15.6084,48.4272],[15.4671,48.4132],[15.4121,48.3662],[15.384,48.2808],[15.3237,48.244],[15.155,48.2181],[15.0877,48.1831],[14.9404,48.2419],[14.8799,48.2422],[14.8185,48.2055],[14.6753,48.1823],[14.582,48.2401],[14.3959,48.2663],[14.3078,48.3279],[14.278,48.3115],[14.1682,48.3354],[14.0491,48.3292],[13.9999,48.4217],[13.8012,48.4679],[13.6238,48.5656],[13.235,48.618],[13.1155,48.6743],[13.0833,48.7192],[13.0107,48.7249],[13.0274,48.7674],[12.955,48.8357],[12.7702,48.8357],[12.7482,48.8799],[12.6779,48.9047],[12.5754,48.8902],[12.5088,48.9276]]]}},{"type":"Feature","properties":{"name":"Guadiana","featurecla":"Lake Centerline","scalerank":7,"min_zoom":6},"geometry":{"type":"LineString","coordinates":[[-4.7698,39.2486],[-4.8398,39.2849],[-4.9063,39.3603],[-5.0156,39.3888],[-5.0355,39.3193],[-5.1695,39.2237],[-5.1807,39.1591]]}},{"type":"Feature","properties":{"name":"Guadiana","featurecla":"River","scalerank":7,"min_zoom":6},"geometry":{"type":"MultiLineString","coordinates":[[[-3.1646,39.3166],[-3.3614,39.3106],[-3.4054,39.2622],[-3.6711,39.1845],[-3.8442,39.0909],[-4.0093,39.0629],[-4.036,39.037],[-4.0192,38.9418],[-4.122,38.906],[-4.1524,38.9403],[-4.2269,38.9486],[-4.3306,39.0006],[-4.4339,38.9879],[-4.4244,39.0057],[-4.5574,39.0834],[-4.5711,39.0698],[-4.5818,39.1044],[-4.6598,39.1461],[-4.653,39.166],[-4.6993,39.218],[-4.7697,39.2486]],[[-5.1807,39.1591],[-5.3564,39.049],[-5.5594,39.0139]],[[-5.5569,39.0152],[-5.7893,39.0355],[-5.9503,38.9949],[-6.0235,38.9468],[-6.1743,38.9544],[-6.2637,38.8507],[-6.4241,38.9548],[-6.5176,38.8917],[-6.6299,38.8712],[-6.8057,38.9326],[-6.8796,38.9249],[-6.9722,38.9068],[-7.2711,38.7377],[-7.2935,38.6565],[-7.2711,38.6179],[-7.3462,38.4944],[-7.3358,38.4697],[-7.3926,38.4152],[-7.4039,38.3641],[-7.4349,38.3544],[-7.4461,38.2473],[-7.4914,38.2219],[-7.5151,38.1698],[-7.6028,38.1638],[-7.6683,38.0904],[-7.6496,38.0593],[-7.6814,37.9525],[-7.641,37.8812],[-7.6341,37.8023],[-7.6538,37.6242],[-7.5242,37.5559],[-7.4766,37.4945],[-7.4144,37.1928]]]}},{"type":"Feature","properties":{"name":"Bandama","featurecla":"Lake Centerline","scalerank":7,"min_zoom":6},"geometry":{"type":"MultiLineString","coordinates":[[[-5.4861,7.0133],[-5.4589,7.0331],[-5.5037,7.063],[-5.4974,7.1402],[-5.5874,7.1449],[-5.6749,7.2236],[-5.6606,7.2692],[-5.7134,7.3171],[-5.699,7.3435],[-5.7279,7.3714],[-5.7222,7.4556],[-5.7423,7.4947],[-5.6693,7.5769],[-5.6549,7.817],[-5.6119,7.864],[-5.6022,7.9302],[-5.5238,8.0822],[-5.4748,8.0955]],[[-5.0797,6.2136],[-5.1671,6.2776],[-5.2147,6.3688]]]}},{"type":"Feature","properties":{"name":"Bandama","featurecla":"River","scalerank":7,"min_zoom":6},"geometry":{"type":"MultiLineString","coordinates":[[[-5.4861,7.0133],[-5.5375,6.8964],[-5.4372,6.7667],[-5.4095,6.614],[-5.3087,6.5891],[-5.337,6.5189],[-5.3057,6.5072],[-5.3245,6.461],[-5.3037,6.3826],[-5.2701,6.3607],[-5.2147,6.3688]],[[-5.0801,6.2142],[-5.0241,6.2128],[-4.9058,6.001],[-4.8653,5.9927],[-4.8199,5.9359],[-4.8448,5.8344],[-4.7947,5.6566],[-4.838,5.6085],[-4.8774,5.6137],[-4.8936,5.5535],[-4.8181,5.4167],[-4.9615,5.2801],[-4.9509,5.1873],[-4.969,5.1424]]]}},{"type":"Feature","properties":{"name":"Pripyat","featurecla":"Lake Centerline","scalerank":7,"min_zoom":6},"geometry":{"type":"LineString","coordinates":[[30.5152,51.1377],[30.46,51.1788]]}},{"type":"Feature","properties":{"name":"Pripyat","featurecla":"River","scalerank":7,"min_zoom":6},"geometry":{"type":"LineString","coordinates":[[25.5466,52.0285],[25.7044,52.0694],[25.8906,52.0693],[26.1621,52.1183],[26.3608,52.0959],[26.4369,52.1224],[26.729,52.1179],[26.801,52.1452],[26.8866,52.1309],[26.9794,52.1609],[27.3555,52.1555],[27.8735,52.0592],[27.9214,52.0769],[28.0761,52.0697],[28.1951,52.1142],[28.2913,52.1043],[28.3565,52.0694],[28.6856,52.146],[28.6939,52.1164],[28.7537,52.1043],[28.8618,52.1354],[29.1215,52.1146],[29.4824,51.9381],[29.4799,51.8671],[29.5229,51.7889],[29.5728,51.7957],[29.5698,51.7663],[29.5972,51.7547],[29.6543,51.764],[29.6928,51.7337],[29.6661,51.7064],[29.7083,51.659],[29.824,51.5905],[29.843,51.545],[29.9187,51.5425],[29.9114,51.5138],[29.9485,51.4906],[29.9394,51.4737],[29.9802,51.4737],[30.0352,51.4334],[30.1044,51.4457],[30.0833,51.4252],[30.1436,51.3955],[30.1738,51.3594],[30.1589,51.3297],[30.2302,51.275],[30.46,51.1788]]}},{"type":"Feature","properties":{"name":"Gambia","featurecla":"River","scalerank":7,"min_zoom":6},"geometry":{"type":"MultiLineString","coordinates":[[[-13.6232,13.2429],[-13.6921,13.2938],[-13.6965,13.379],[-13.7617,13.3741],[-13.764,13.4189],[-13.7262,13.4683],[-13.8069,13.4693],[-13.7945,13.5229],[-13.8212,13.5446],[-13.9038,13.4819],[-13.8912,13.4213],[-13.9146,13.413],[-13.9559,13.4694],[-14.0118,13.4586],[-14.0429,13.3876],[-14.0751,13.4478],[-14.1152,13.4261],[-14.1161,13.3863],[-14.1508,13.3795],[-14.155,13.4258],[-14.1713,13.4205],[-14.2123,13.3311],[-14.2829,13.3585],[-14.3705,13.3311],[-14.4567,13.4121],[-14.4947,13.4024],[-14.5245,13.4649],[-14.582,13.4962],[-14.5828,13.5576],[-14.6272,13.5446],[-14.6508,13.4455],[-14.7405,13.5303],[-14.7821,13.5229],[-14.8382,13.5703],[-14.8913,13.5485],[-14.9798,13.5893],[-14.9869,13.6265],[-14.9086,13.6719],[-14.9379,13.7017],[-15.0148,13.7084],[-15.2327,13.6543],[-15.309,13.6948],[-15.3562,13.6663],[-15.3727,13.566],[-15.3004,13.4949]],[[-12.3148,11.433],[-12.3074,11.4473],[-12.2384,11.4125],[-12.0729,11.5021],[-11.9507,11.6613],[-11.8819,11.6839],[-11.8374,11.7688],[-11.8301,11.8634],[-11.7585,11.9482],[-11.8139,12.0028],[-11.8654,11.9953],[-11.9527,12.041],[-12.082,12.194],[-12.0541,12.2418],[-12.0951,12.2355],[-12.0957,12.274],[-12.1402,12.3062],[-12.1641,12.3789],[-12.2037,12.3885],[-12.2484,12.4405],[-12.2276,12.5362],[-12.1224,12.5838],[-12.1292,12.6464],[-12.1019,12.6663],[-12.1429,12.7079],[-12.1838,12.7011],[-12.1702,12.6806],[-12.2133,12.7039],[-12.1944,12.7454],[-12.2352,12.7323],[-12.2178,12.7578],[-12.2626,12.8115],[-12.3558,12.8451],[-12.4728,12.8066],[-12.5077,12.7112],[-12.5582,12.7056],[-12.6085,12.7117],[-12.6412,12.7475],[-12.758,12.706],[-12.8623,12.7563],[-12.8738,12.7918],[-12.9417,12.77],[-12.9945,12.8299],[-13.0402,12.7972],[-13.0888,12.7973],[-13.1476,12.8352],[-13.1742,12.8892],[-13.1533,12.9148],[-13.1714,12.9617],[-13.2458,13.0294],[-13.2895,13.0169],[-13.3284,13.0437],[-13.3348,13.1241],[-13.3557,13.1393],[-13.3148,13.1536],[-13.3284,13.2286],[-13.3768,13.2764],[-13.3646,13.341],[-13.4761,13.3385],[-13.4938,13.3093],[-13.5126,13.3299],[-13.568,13.2976],[-13.5823,13.3249],[-13.6001,13.2598],[-13.6232,13.2491]]]}},{"type":"Feature","properties":{"name":"Morava","featurecla":"River","scalerank":7,"min_zoom":6},"geometry":{"type":"LineString","coordinates":[[21.346,42.2417],[21.3661,42.3818],[21.5996,42.4653],[21.5834,42.492],[21.5996,42.514],[21.668,42.52],[21.7173,42.4737],[21.7922,42.4754],[21.9218,42.5416],[22.0317,42.6373],[22.1282,42.8614],[22.0413,42.9543],[22.0298,43.0216],[21.9821,43.0533],[21.7915,43.3122],[21.7509,43.5072],[21.6406,43.5449],[21.6228,43.5871],[21.5447,43.6185],[21.4898,43.6138],[21.5034,43.6275],[21.4761,43.6685],[21.4197,43.6591],[21.4053,43.7188],[21.3779,43.7286],[21.3743,43.7982],[21.339,43.8056],[21.3601,43.8398],[21.3464,43.9291],[21.3743,43.9565],[21.3362,43.989],[21.339,44.0179],[21.1951,44.0794],[21.1791,44.1466],[21.1433,44.1534],[21.1546,44.1954],[21.1336,44.2097],[21.1546,44.2097],[21.1472,44.2438],[21.1682,44.2581],[21.1199,44.2923],[21.1452,44.3173],[21.1101,44.371],[21.1313,44.4258],[21.1745,44.4356],[21.1472,44.4561],[21.1745,44.4766],[21.1199,44.525],[21.1404,44.5637],[21.1177,44.5987],[21.0852,44.6008],[21.0373,44.7217]]}},{"type":"Feature","properties":{"name":"Maritsa","featurecla":"River","scalerank":7,"min_zoom":6},"geometry":{"type":"LineString","coordinates":[[23.676,42.2775],[23.741,42.3219],[23.8581,42.3199],[23.924,42.2586],[24.0031,42.2254],[24.0942,42.2434],[24.2307,42.2254],[24.4047,42.1501],[24.9468,42.1671],[25.0297,42.1492],[25.1152,42.1813],[25.2144,42.1199],[25.3085,42.1314],[25.5016,42.0694],[25.6343,42.0673],[25.739,42.0236],[25.8521,42.0441],[25.9718,41.9007],[26.0623,41.8876],[26.2734,41.7152],[26.3591,41.7152],[26.5608,41.6548],[26.6018,41.5854],[26.5949,41.5377],[26.6358,41.3998],[26.6221,41.3406],[26.5908,41.3295],[26.5396,41.3521],[26.4116,41.2659],[26.3201,41.2464],[26.3355,41.1528],[26.3168,41.1225],[26.339,41.1148],[26.3246,41.0743],[26.3736,41.0314],[26.3326,40.991],[26.3585,40.9649],[26.294,40.9269],[26.3035,40.9093],[26.2598,40.9207],[26.2388,40.8859],[26.2256,40.8996],[26.2114,40.8477],[26.1118,40.7473],[26.044,40.7385]]}},{"type":"Feature","properties":{"name":"Tiber","featurecla":"River","scalerank":7,"min_zoom":6},"geometry":{"type":"LineString","coordinates":[[12.052,43.7652],[12.0314,43.7386],[12.0664,43.6138],[12.0466,43.5865],[12.1389,43.5542],[12.2221,43.4786],[12.2527,43.3668],[12.3142,43.3464],[12.3098,43.3248],[12.3626,43.2917],[12.458,43.164],[12.4446,43.117],[12.465,43.103],[12.424,43.0589],[12.4309,43.0242],[12.3688,42.8671],[12.4036,42.8392],[12.3688,42.8324],[12.4036,42.7908],[12.1974,42.702],[12.2026,42.6839],[12.2405,42.639],[12.28,42.5103],[12.4514,42.4208],[12.4309,42.3929],[12.465,42.3929],[12.4546,42.3529],[12.491,42.2983],[12.6022,42.2775],[12.6298,42.2414],[12.6294,42.2222],[12.6111,42.2377],[12.6061,42.1918],[12.6379,42.1563],[12.6188,42.1098],[12.5154,42.0386],[12.4922,41.9442],[12.4582,41.9343],[12.4749,41.8915],[12.4595,41.8361],[12.4172,41.8319],[12.4103,41.8045],[12.2974,41.799],[12.2793,41.7613],[12.2322,41.7425]]}},{"type":"Feature","properties":{"name":"Bandama Blanc","featurecla":"River","scalerank":7,"min_zoom":6},"geometry":{"type":"LineString","coordinates":[[-6.1055,9.4359],[-6.085,9.535],[-6.0132,9.6269],[-5.9185,9.6402],[-5.7218,9.7956],[-5.6767,9.7444],[-5.6604,9.7683],[-5.5648,9.7274],[-5.4686,9.7547],[-5.4612,9.7137],[-5.3724,9.6727],[-5.2988,9.578],[-5.3077,9.5135],[-5.3382,9.5145],[-5.3384,9.4947],[-5.2991,9.4868],[-5.3506,9.4027],[-5.3382,9.3847],[-5.3867,9.3179],[-5.4054,9.2298],[-5.4549,9.2134],[-5.4354,9.1664],[-5.4581,9.1],[-5.4959,9.0899],[-5.4974,9.0633],[-5.4207,8.9943],[-5.4612,9.0006],[-5.4407,8.98],[-5.4654,8.965],[-5.4598,8.9263],[-5.4922,8.9134],[-5.4595,8.8781],[-5.5028,8.8571],[-5.4468,8.8294],[-5.4724,8.7979],[-5.5098,8.817],[-5.4688,8.7796],[-5.5184,8.7708],[-5.5284,8.7109],[-5.4959,8.6988],[-5.5233,8.671],[-5.5112,8.6281],[-5.5551,8.6404],[-5.5841,8.6092],[-5.5505,8.5692],[-5.5846,8.5555],[-5.5713,8.531],[-5.6195,8.5207],[-5.5233,8.4661],[-5.6192,8.4478],[-5.5788,8.4048],[-5.4162,8.3304],[-5.3457,8.26],[-5.3662,8.26],[-5.3476,8.2115],[-5.3594,8.1645],[-5.4026,8.1592],[-5.4014,8.1128],[-5.4748,8.0955]]}},{"type":"Feature","properties":{"name":"Bomu","featurecla":"River","scalerank":7,"min_zoom":6},"geometry":{"type":"LineString","coordinates":[[22.4221,4.135],[22.5457,4.2374],[22.5388,4.2783],[22.6133,4.3745],[22.5918,4.4739],[22.689,4.4918],[22.7305,4.5874],[22.7232,4.629],[22.7856,4.7248],[22.8533,4.7115],[22.895,4.7656],[22.8979,4.8238],[22.977,4.8345],[23.0169,4.7508],[23.0989,4.7118],[23.1681,4.7383],[23.2644,4.6352],[23.414,4.5909],[23.4478,4.6596],[23.5876,4.7341],[23.8162,4.8208],[23.9478,4.8179],[23.9502,4.868],[23.9776,4.8543],[24.0891,4.9204],[24.1523,4.9028],[24.209,4.9564],[24.2456,4.9542],[24.2587,4.93],[24.2962,5.0034],[24.3981,5.0362],[24.3606,5.0631],[24.3959,5.1225],[24.4301,5.0676],[24.4592,5.1076],[24.5131,5.0874],[24.6703,4.9573],[24.6537,4.9295],[24.73,4.9176],[24.8477,4.9369],[24.9575,4.9915],[25.0756,4.952],[25.1289,5.0188],[25.2271,5.0097],[25.3071,5.0325],[25.3486,5.1419],[25.3072,5.1855],[25.3429,5.272],[25.376,5.2932],[25.363,5.3107],[25.4815,5.357],[25.5405,5.3546],[25.5432,5.3754],[25.5807,5.3751],[25.6223,5.3409],[25.6087,5.3204],[25.6907,5.3],[25.7433,5.2508],[25.7918,5.263],[25.8257,5.1949],[25.872,5.2172],[25.9104,5.1702],[25.9714,5.2279],[26.0265,5.1901],[26.0947,5.2112],[26.0879,5.2447],[26.1295,5.259],[26.1567,5.2326],[26.1978,5.2386],[26.2256,5.1833],[26.3622,5.1361],[26.3901,5.1491],[26.4622,5.0598],[26.502,5.0476],[26.739,5.0946],[26.8079,5.0393],[26.8665,5.0377],[26.9612,5.1513],[27.0732,5.2035],[27.3606,5.0956]]}},{"type":"Feature","properties":{"name":"Mbam","featurecla":"River","scalerank":7,"min_zoom":6},"geometry":{"type":"LineString","coordinates":[[11.9853,7.1025],[12.0051,6.725],[12.0261,6.647],[12.1454,6.5406],[12.1196,6.4557],[12.0664,6.4051],[12.0612,6.3436],[12.018,6.3196],[11.9953,6.266],[11.9374,6.2528],[11.9374,6.2316],[11.7883,6.193],[11.6159,6.0695],[11.2752,5.9813],[11.259,5.9238],[11.2739,5.8194],[11.3142,5.79],[11.2106,5.6836],[11.1901,5.6221],[11.2106,5.5644],[11.1779,5.4492],[11.1977,5.4303],[11.134,5.348],[11.081,5.3204],[11.0761,5.216],[11.1355,5.0635],[11.102,5.0144],[11.1287,4.9884],[11.1082,4.9164],[11.1408,4.8586],[11.2024,4.8748],[11.1908,4.8242],[11.2317,4.8208],[11.2249,4.7929],[11.3205,4.7929],[11.3864,4.7307],[11.3825,4.6731],[11.4074,4.6308],[11.2983,4.4697],[11.28,4.4025]]}},{"type":"Feature","properties":{"name":"Akobo","featurecla":"River","scalerank":7,"min_zoom":6},"geometry":{"type":"LineString","coordinates":[[35.8531,6.7393],[35.7949,6.6788],[35.6477,6.6227],[35.572,6.7046],[35.5635,6.7501],[35.4825,6.7492],[35.4005,6.7133],[35.3638,6.6363],[35.3057,6.5817],[35.3228,6.5438],[35.2778,6.5203],[35.1304,6.5066],[35.0922,6.4656],[34.9761,6.5066],[34.8632,6.6054],[34.7261,6.6421],[34.7031,6.6851],[34.6349,6.73],[34.5241,6.753],[34.5032,6.8902],[34.4387,6.935],[34.2803,6.9803],[34.1978,7.0645],[34.1811,7.1674],[34.1319,7.1636],[34.0331,7.2504],[34.006,7.4101],[33.8818,7.5362],[33.7605,7.5983],[33.7154,7.6573],[33.6366,7.6915],[33.5504,7.6915],[33.4618,7.7496],[33.3467,7.7191],[33.2911,7.7332],[33.2334,7.7833],[33.0577,7.7982],[32.9893,7.9174]]}},{"type":"Feature","properties":{"name":"Donets","featurecla":"River","scalerank":7,"min_zoom":6},"geometry":{"type":"MultiLineString","coordinates":[[[36.95,50.9802],[36.8707,50.9566],[36.8404,50.8941],[36.7166,50.7952],[36.6002,50.5762],[36.6765,50.4527],[36.7994,50.3733],[36.8473,50.2883],[36.8121,50.0411],[36.9669,49.8942],[36.922,49.8288],[36.8619,49.8131],[36.7451,49.8599],[36.6961,49.8493],[36.6611,49.8028],[36.5823,49.7889],[36.4981,49.6984],[36.4223,49.6643],[36.3569,49.6739],[36.3432,49.5768],[36.5361,49.5017],[36.5752,49.5172],[36.7922,49.4042],[36.8449,49.4309],[37.059,49.3767],[37.1445,49.3275],[37.1393,49.2991],[37.0864,49.2739],[36.9561,49.3044],[36.917,49.2615],[36.9439,49.2316],[36.9161,49.1772],[37.0598,49.1783],[37.0933,49.151],[37.1793,49.1381],[37.2476,49.1587],[37.2764,49.2132],[37.3062,49.1312],[37.4018,49.1157],[37.5249,49.022],[37.6218,49.0462],[37.6511,49.0203],[37.6147,49.0064],[37.6283,48.9859],[37.6079,48.9654],[37.7136,48.9593],[37.7724,48.8903],[37.9225,48.8903],[37.9504,48.9177],[38.0103,48.9059],[38.046,48.9374],[38.2099,48.9239],[38.2516,48.9593],[38.249,49.0222],[38.3088,49.02],[38.6419,48.7674],[38.9708,48.7464],[39.0557,48.644],[39.2405,48.7005],[39.2675,48.7512],[39.3243,48.7674],[39.3756,48.6849],[39.5159,48.6365],[39.54,48.5887],[39.835,48.5738],[39.8691,48.5102],[39.8442,48.4837],[39.9236,48.3764]],[[39.9236,48.369],[40.198,48.3553],[40.3767,48.3075],[40.373,48.2699],[40.49,48.2291],[40.541,48.2951],[40.5679,48.2591],[40.5924,48.2678],[40.6137,48.2145],[40.7442,48.252],[40.7507,48.1902],[40.6998,48.119],[40.7947,48.0922],[40.8467,48.0238],[40.9168,48.012],[40.9966,47.9276],[41.0265,47.8283],[41.0683,47.814],[41.03,47.753],[41.0817,47.7526],[41.0497,47.6987],[40.9727,47.6912],[40.9545,47.709],[40.9309,47.6912],[40.9412,47.6564],[40.8906,47.621],[40.9248,47.5881]]]}},{"type":"Feature","properties":{"name":"Oka","featurecla":"River","scalerank":7,"min_zoom":6},"geometry":{"type":"LineString","coordinates":[[36.2482,52.3922],[36.0552,52.4229],[36.0171,52.5381],[35.9228,52.5493],[35.9153,52.6356],[35.8335,52.7463],[35.8569,52.8032],[36.0518,52.9403],[36.0791,53.0502],[36.2306,53.0911],[36.2969,53.1436],[36.3258,53.227],[36.3193,53.283],[36.3865,53.3214],[36.3882,53.4337],[36.3082,53.4848],[36.3124,53.5089],[36.2306,53.5772],[36.189,53.5908],[36.2306,53.687],[36.1602,53.7978],[36.1616,53.8985],[36.21,53.9471],[36.1886,54.0]]}},{"type":"Feature","properties":{"name":"Desna","featurecla":"River","scalerank":7,"min_zoom":6},"geometry":{"type":"MultiLineString","coordinates":[[[34.3875,54.0],[34.3728,53.9167],[34.4143,53.8993],[34.4023,53.8821],[34.4273,53.8515],[34.4008,53.8071],[34.4063,53.7255],[34.4895,53.6665],[34.5372,53.5982],[34.435,53.5477],[34.4386,53.4746],[34.3972,53.4293],[34.3933,53.3716],[34.3313,53.3096],[34.3749,53.2388],[34.2636,53.1833],[34.2515,53.1436],[34.1262,53.1211],[34.1171,53.0768],[34.0268,52.9819],[34.0302,52.9403],[33.9775,52.858],[34.0142,52.784],[33.9961,52.7485],[34.0216,52.7075],[34.0066,52.6505],[33.6404,52.522],[33.6162,52.4879],[33.4839,52.4441],[33.4656,52.3946],[33.4138,52.3643]],[[33.4207,52.3643],[33.323,52.2215],[33.3049,52.0853],[33.2625,52.0353],[33.3518,51.9944],[33.3769,51.9584],[33.1606,51.9041],[33.1674,51.8845],[33.0619,51.7928],[33.1524,51.6818],[33.0092,51.6108],[32.8847,51.6092],[32.8481,51.5679],[32.6555,51.568],[32.5914,51.5425],[32.5369,51.4532],[32.2898,51.4532],[32.0922,51.4075],[32.0371,51.3775],[32.044,51.3575],[31.9008,51.3542],[31.7223,51.4491],[31.6621,51.5122],[31.5493,51.522],[31.3212,51.482],[31.2822,51.4497],[31.2798,51.4171],[31.2369,51.4175],[31.2173,51.3775],[31.1316,51.3297],[31.1397,51.3084],[31.0508,51.2648],[31.0496,51.2334],[30.892,51.1515],[30.9199,51.1378],[30.855,51.0538],[30.8789,51.0211],[30.8442,51.015],[30.8789,50.9631],[30.8305,50.9317],[30.8442,50.9119],[30.8095,50.9074],[30.8123,50.8737],[30.7686,50.8331],[30.69,50.7884],[30.7063,50.7474],[30.6797,50.7269],[30.7251,50.7003],[30.7002,50.6649],[30.7063,50.6102],[30.5817,50.5844],[30.5554,50.5256],[30.5649,50.4383]]]}},{"type":"Feature","properties":{"name":"Khopr","featurecla":"River","scalerank":7,"min_zoom":6},"geometry":{"type":"LineString","coordinates":[[44.3709,53.0768],[44.6017,52.9806],[44.605,52.9622],[44.5291,52.8851],[44.4622,52.8654],[44.4034,52.7398],[44.3062,52.6902],[44.2822,52.6455],[44.1865,52.6175],[44.123,52.6392],[44.0307,52.5848],[43.9871,52.5967],[43.8154,52.5513],[43.7173,52.4844],[43.6795,52.4195],[43.532,52.4264],[43.405,52.399],[43.3528,52.3293],[43.3709,52.2926],[43.335,52.254],[43.4114,52.2271],[43.2633,52.2213],[43.3022,52.1719],[43.2877,51.9916],[43.4324,51.9329],[43.3982,51.9056],[43.4047,51.8231],[43.3811,51.7785],[43.2886,51.7559],[43.271,51.7224],[43.1936,51.6984],[43.186,51.6555],[43.2263,51.5903],[42.9287,51.535],[42.8984,51.5655],[42.8181,51.5621],[42.7571,51.5965],[42.6137,51.5903],[42.5621,51.5146],[42.6241,51.4327],[42.5144,51.3985],[42.4883,51.3604],[42.4939,51.3091],[42.4387,51.275],[42.3629,51.2545],[42.2947,51.2818],[42.2284,51.2329],[42.0142,51.3365],[41.8852,51.3104],[41.8291,51.2676],[41.7466,51.275],[41.6907,51.2337],[41.6987,51.1993],[41.621,51.1503],[41.6094,51.1236],[41.6436,51.1037],[41.646,51.0521],[41.8149,50.994],[41.9241,50.9175],[41.8496,50.8157],[41.9475,50.8203],[41.9557,50.7918],[41.8941,50.7577],[41.8477,50.6804],[41.9111,50.6302],[41.8838,50.583],[41.9316,50.5482],[41.9039,50.5222],[41.9326,50.492],[41.9091,50.406],[41.9452,50.3638],[42.0146,50.3663],[41.961,50.3282],[41.9589,50.2949],[42.0452,50.2202],[42.2979,50.1699],[42.3424,50.1236],[42.3848,50.1178],[42.3775,50.0903],[42.4478,50.0402],[42.322,49.9666],[42.3315,49.906],[42.3075,49.8741],[42.4424,49.8151],[42.5349,49.8362],[42.4973,49.7871],[42.4461,49.7742],[42.4213,49.699],[42.3384,49.6797],[42.3499,49.65],[42.2903,49.6439],[42.2847,49.6208],[42.3152,49.596]]}},{"type":"Feature","properties":{"name":"Kızılırmak","featurecla":"River","scalerank":7,"min_zoom":6},"geometry":{"type":"LineString","coordinates":[[37.6608,39.8797],[37.4788,39.869],[37.1396,39.7938],[36.9091,39.7088],[36.8608,39.7377],[36.6139,39.6914],[36.464,39.6095],[36.3715,39.4947],[36.0657,39.2762],[35.9617,39.2311],[35.9474,39.1746],[35.8461,39.1262],[35.7986,39.0758],[35.6904,39.0345],[35.5606,39.0413],[35.4959,38.9715],[35.3181,38.958],[35.2922,38.9022],[35.1619,38.8286],[35.0243,38.7586],[34.9054,38.739],[34.7507,38.778],[34.6343,38.7737],[34.5292,38.8281],[34.3687,38.8632],[34.1943,38.9693],[34.1563,39.0226],[33.9614,39.0629],[33.9018,39.1059],[33.8095,39.1099],[33.6734,39.1704],[33.4555,39.3268],[33.4448,39.3874],[33.3951,39.4258],[33.4331,39.6033],[33.4888,39.6463],[33.4463,39.6812],[33.4734,39.707],[33.4854,39.7796],[33.4617,39.8034],[33.4822,39.8245],[33.4181,39.8712],[33.4138,39.9475],[33.4419,39.981],[33.4607,40.0834],[33.5635,40.1531],[33.6602,40.331],[33.9888,40.3583],[34.1128,40.4819],[34.2409,40.4862],[34.5326,40.6343],[34.6463,40.6458],[34.8556,40.8318],[34.8662,40.8688],[34.8389,40.8828],[34.8662,40.9064],[34.8328,40.9753],[34.7656,41.0024],[34.7273,40.9855],[34.4627,41.1005],[34.4373,41.1265],[34.4507,41.1412],[34.7546,41.1489],[34.8761,41.2331],[34.9439,41.326],[35.1133,41.3998],[35.1472,41.3322],[35.1958,41.3111],[35.1848,41.2991],[35.3399,41.2545],[35.4132,41.2757],[35.4519,41.3249],[35.506,41.3074],[35.6262,41.3643],[35.759,41.371],[35.8469,41.4346],[35.8459,41.5139],[35.9153,41.6463]]}},{"type":"Feature","properties":{"name":"Kotto","featurecla":"River","scalerank":7,"min_zoom":6},"geometry":{"type":"LineString","coordinates":[[23.422,9.124],[23.3586,8.8826],[23.2991,8.7982],[23.2753,8.6173],[23.3068,8.5059],[23.4019,8.3432],[23.5598,8.147],[23.5598,8.0382],[23.5322,8.0158],[23.5291,7.9487],[23.4924,7.8788],[23.4431,7.8628],[23.3196,7.7263],[23.2681,7.7434],[23.052,7.6505],[22.9845,7.5475],[22.9438,7.5253],[22.9326,7.4488],[22.8984,7.4308],[22.854,7.4451],[22.8466,7.4041],[22.8245,7.4356],[22.7956,7.4321],[22.7504,7.3209],[22.7739,7.2902],[22.7695,7.1558],[22.7504,7.1645],[22.6152,7.0743],[22.5525,7.013],[22.527,6.9411],[22.4699,6.938],[22.3323,6.8453],[22.2905,6.8513],[22.2433,6.7735],[22.1304,6.7357],[22.0636,6.6157],[21.9902,6.5612],[22.0413,6.4818],[21.999,6.444],[22.0138,6.3206],[21.988,6.2245],[22.059,6.1224],[22.0625,6.0314],[22.1167,5.9628],[22.0794,5.9033],[22.0534,5.7291],[22.0857,5.6426],[22.03,5.6365],[22.0337,5.6005],[21.9014,5.4883],[21.8809,5.1737],[21.7915,5.0877],[21.833,5.0052],[21.7817,4.9293],[21.7363,4.7144],[21.7568,4.689],[21.8181,4.6915],[21.8466,4.657],[21.9155,4.6426],[21.9146,4.6042],[21.956,4.5664],[21.9423,4.5328],[22.0007,4.5193],[22.0986,4.5415],[22.1469,4.5123],[22.0649,4.3631],[22.0679,4.301],[22.0379,4.2311]]}},{"type":"Feature","properties":{"name":"Bratul Chillia","featurecla":"River","scalerank":2,"min_zoom":2.1},"geometry":{"type":"LineString","coordinates":[[29.6587,45.2165],[29.6718,45.2732],[29.6497,45.3464],[29.5693,45.3952],[29.3217,45.4441],[28.9732,45.3239],[28.9293,45.2794],[28.7893,45.3216],[28.7896,45.2923],[28.759,45.2744],[28.8022,45.2444],[28.747,45.2307],[28.7955,45.1847],[28.8831,45.18]]}},{"type":"Feature","properties":{"name":"Atrak","featurecla":"River","scalerank":7,"min_zoom":6},"geometry":{"type":"LineString","coordinates":[[58.9093,37.124],[58.8504,37.1724],[58.7656,37.1928],[58.6228,37.1272],[58.4526,37.1408],[58.3615,37.1727],[58.0462,37.3797],[57.544,37.4899],[57.3672,37.631],[57.2744,37.6446],[57.2373,37.6756],[57.032,37.6651],[56.9044,37.7167],[56.6891,37.7201],[56.5898,37.7545],[56.523,37.817],[56.3775,37.8542],[56.2512,37.9332],[55.7879,37.8842],[55.6074,37.952],[55.4868,37.96],[55.3663,38.0152],[55.1299,37.9525],[55.0064,37.8433],[54.856,37.7613],[54.7869,37.6521],[54.809,37.6036],[54.7879,37.5249],[54.6978,37.4666],[54.6461,37.4789],[54.2209,37.4045],[54.1529,37.4249],[54.1226,37.4666],[54.0746,37.4718],[53.905,37.4063]]}},{"type":"Feature","properties":{"name":"Sava","featurecla":"River","scalerank":7,"min_zoom":6},"geometry":{"type":"LineString","coordinates":[[15.2295,46.0458],[15.4563,46.01],[15.5,45.9569],[15.5971,45.9368],[15.6875,45.87],[15.81,45.8409],[15.867,45.7916],[16.0488,45.7652],[16.083,45.7924],[16.1404,45.7934],[16.227,45.7589],[16.2133,45.7037],[16.3418,45.6449],[16.3437,45.6007],[16.4058,45.5733],[16.3798,45.5368],[16.4263,45.5256],[16.4058,45.4982],[16.3853,45.5119],[16.3877,45.4849],[16.4399,45.443],[16.5366,45.4092],[16.5833,45.43],[16.6795,45.389],[16.687,45.3648],[16.731,45.3771],[16.7893,45.3406],[16.7825,45.3201],[16.8218,45.3173],[16.803,45.2791],[16.8964,45.2684],[16.9238,45.2849],[16.9468,45.2359],[17.0078,45.2444],[17.0078,45.2165],[17.0358,45.2307],[17.0552,45.2007],[17.1865,45.1488],[17.2449,45.1556],[17.2686,45.1898],[17.382,45.1398],[17.4428,45.1623],[17.4473,45.1345],[17.4958,45.142],[17.4815,45.1147],[17.572,45.1207],[17.6843,45.1643],[17.8352,45.0648],[17.9107,45.0814],[18.0029,45.1496],[18.1531,45.0978],[18.2373,45.1577],[18.4115,45.1127],[18.5165,45.0561],[18.5405,45.0555],[18.5344,45.0907],[18.6087,45.1004],[18.6482,45.0629],[18.6836,45.0851],[18.7378,45.0161],[18.7885,45.006],[18.8041,44.9741],[18.7721,44.9427],[18.7829,44.914],[18.8892,44.8614],[19.0679,44.8751],[19.1863,44.9278],[19.2013,44.9086],[19.3498,44.8973],[19.3249,44.9223],[19.3864,44.9154],[19.3957,44.9318],[19.3726,44.9434],[19.4849,44.9838],[19.6464,44.9636],[19.6675,44.9361],[19.7568,44.9154],[19.7007,44.8076],[19.729,44.7578],[19.7966,44.7516],[19.914,44.6954],[20.01,44.6889],[19.9308,44.6593],[19.9404,44.6318],[20.1262,44.7168],[20.1865,44.6827],[20.2375,44.7237],[20.2361,44.6903],[20.2743,44.6647],[20.3613,44.7841],[20.4412,44.8104],[20.4551,44.8403]]}},{"type":"Feature","properties":{"name":"Esil","featurecla":"River","scalerank":7,"min_zoom":6},"geometry":{"type":"LineString","coordinates":[[73.0743,50.6302],[72.94,50.6302],[72.8989,50.6102],[72.8668,50.6538],[72.698,50.7032],[72.5836,50.699],[72.3702,50.7346],[72.1641,50.862],[72.1626,50.8908],[72.2105,50.9376],[72.2064,51.02],[72.1524,50.9802],[71.9092,51.0764],[71.8081,51.04],[71.6855,51.1174],[71.4807,51.1099],[71.4356,51.152],[70.9804,51.3091],[70.8145,51.294],[70.5894,51.3365],[70.3989,51.2676],[70.199,51.2818],[70.0022,51.3366],[69.7334,51.522],[69.4417,51.5784],[69.1983,51.6722],[69.1321,51.7197],[68.9786,51.7469],[68.8262,51.7088],[68.6123,51.7348],[68.376,51.7001],[68.0663,51.5847],[67.9044,51.5878],[67.8108,51.5443],[67.5846,51.5903],[67.3887,51.5684],[67.2372,51.5164],[67.252,51.4749],[67.1547,51.402],[67.1599,51.3762],[67.2246,51.3433],[67.1891,51.3141],[67.1773,51.2634],[67.1192,51.2359],[67.026,51.2477],[66.9713,51.2136],[66.9099,51.2204],[66.8486,51.1927],[66.8069,51.2136],[66.7485,51.1583],[66.6148,51.1275],[66.499,51.073],[66.4717,51.0354],[66.3589,51.0532],[66.3398,51.0714],[66.3681,51.1236],[66.3618,51.203],[66.4439,51.2408],[66.5537,51.3706],[66.4233,51.4674],[66.4717,51.6238],[66.4063,51.6822],[66.4097,51.7473],[66.31,51.7582],[66.274,51.8162],[66.2551,51.9186],[66.3203,51.9466],[66.3329,51.9741],[66.2384,52.1043],[66.3342,52.2134],[66.4063,52.2482],[66.5173,52.2546],[66.5557,52.3028],[66.6226,52.3096],[66.759,52.4468],[66.7468,52.5021],[66.69,52.504],[66.655,52.5457],[66.5383,52.5616],[66.5283,52.6037],[66.6007,52.6389],[66.6226,52.6933],[66.5986,52.7684],[66.4878,52.8126],[66.6417,52.8782],[66.6646,52.9195],[66.6442,52.9676],[66.7109,53.0622],[66.7722,53.0911],[66.7942,53.1839],[66.9971,53.2842],[66.985,53.3239],[67.013,53.3376]]}},{"type":"Feature","properties":{"name":"Baoulé","featurecla":"River","scalerank":7,"min_zoom":6},"geometry":{"type":"MultiLineString","coordinates":[[[-7.106,12.0084],[-7.0938,12.0266],[-7.1612,12.0742],[-7.106,12.0909],[-7.1056,12.1288],[-7.1378,12.132],[-7.0759,12.1947],[-7.1202,12.2318],[-7.1045,12.284],[-7.1339,12.3343],[-7.1339,12.4472],[-7.0954,12.5009],[-7.0383,12.5192],[-7.0745,12.6038],[-7.0445,12.6192],[-7.001,12.5742],[-6.8985,12.5573],[-6.8516,12.5225],[-6.719,12.5155],[-6.6547,12.5571],[-6.6029,12.5537],[-6.5968,12.5931],[-6.5176,12.6738]],[[-7.4629,9.5486],[-7.5112,9.5581],[-7.6131,9.7062],[-7.5504,9.8562],[-7.574,9.8697],[-7.5584,9.9055],[-7.5864,9.9669],[-7.5653,9.9874],[-7.5789,10.0591],[-7.6161,10.1118],[-7.6063,10.2133],[-7.6711,10.2413],[-7.6683,10.2891],[-7.6956,10.2754],[-7.7781,10.33],[-7.7246,10.3638],[-7.7298,10.4256],[-7.7912,10.4635],[-7.785,10.5013],[-7.8379,10.5892],[-7.8328,10.6112],[-7.7962,10.6112],[-7.7882,10.6621],[-7.7502,10.6658],[-7.7681,10.6816],[-7.7606,10.7567],[-7.7093,10.7683],[-7.6952,10.7507],[-7.6478,10.8341],[-7.6,10.8509],[-7.6907,10.9918],[-7.6683,11.0289],[-7.7025,11.0358],[-7.6683,11.0494],[-7.6956,11.0904],[-7.641,11.1592],[-7.6683,11.1829],[-7.6341,11.2691],[-7.6683,11.2759],[-7.6204,11.295],[-7.6025,11.3339],[-7.5548,11.3064],[-7.4691,11.4063],[-7.4134,11.3895],[-7.387,11.4118],[-7.3214,11.4119],[-7.3182,11.433],[-7.3581,11.4345],[-7.3804,11.5267],[-7.331,11.5246],[-7.2915,11.5714],[-7.2984,11.5913],[-7.3519,11.566],[-7.3709,11.5984],[-7.3166,11.6494],[-7.2349,11.6525],[-7.2226,11.6732],[-7.2847,11.6868],[-7.2698,11.7072],[-7.1871,11.7437],[-7.1407,11.7179],[-7.1348,11.8089],[-7.1942,11.8267],[-7.106,12.0158]]]}},{"type":"Feature","properties":{"name":"Bratul Sfintu Gheorghe","featurecla":"River","scalerank":2,"min_zoom":2.1},"geometry":{"type":"LineString","coordinates":[[28.8831,45.18],[29.1394,45.0733],[29.1584,45.0873],[29.1304,45.101],[29.1687,45.1168],[29.2046,45.0919],[29.1963,45.0498],[29.2813,45.0389],[29.3125,44.9702],[29.3919,44.9837],[29.3949,44.9495],[29.4561,44.9703],[29.6109,44.8881]]}},{"type":"Feature","properties":{"name":"Nile","featurecla":"Lake Centerline","scalerank":1,"min_zoom":2},"geometry":{"type":"LineString","coordinates":[[32.8794,23.9877],[32.8633,23.8938],[32.9185,23.7487],[32.8564,23.5389],[32.8941,23.4918],[32.9428,23.3067],[32.8414,23.205],[32.8009,23.1966],[32.6676,22.9716],[32.5923,22.9103],[32.5708,22.7718],[32.4542,22.7086],[32.3735,22.6203],[32.2915,22.6341],[32.253,22.7097],[32.1847,22.7507],[31.9941,22.6819],[31.9142,22.6017],[31.8608,22.4738],[31.7573,22.4285],[31.4189,22.1498],[31.3754,22.0753],[31.3434,21.9231],[31.2009,21.7667],[31.1764,21.6728],[31.0906,21.6092]]}},{"type":"Feature","properties":{"name":"Nile","featurecla":"River","scalerank":1,"min_zoom":2},"geometry":{"type":"MultiLineString","coordinates":[[[32.8794,23.9877],[32.8727,24.231],[32.9067,24.303],[32.9242,24.442],[32.8779,24.4899],[32.934,24.6886],[32.9273,24.7691],[32.8652,24.9051],[32.8821,25.015],[32.8362,25.1049],[32.5596,25.2831],[32.5537,25.4241],[32.4828,25.5498],[32.4879,25.586],[32.5955,25.6364],[32.6821,25.7754],[32.7644,25.8017],[32.7285,25.882],[32.7858,26.0066],[32.7628,26.1116],[32.6491,26.1805],[32.6057,26.1396],[32.4341,26.1116],[32.3746,26.0683],[32.324,26.0843],[32.2659,26.0297],[32.1171,26.2183],[32.0605,26.2215],[32.0415,26.1699],[32.0161,26.1805],[32.0127,26.2587],[31.8242,26.4134],[31.8084,26.5413],[31.7758,26.5667],[31.7039,26.5436],[31.7144,26.6256],[31.6357,26.6498],[31.6283,26.6907],[31.5234,26.7994],[31.4815,26.9068],[31.3528,27.0237],[31.2798,27.1579],[31.1985,27.1744],[31.1638,27.2191],[31.1145,27.2016],[31.1111,27.2699],[31.0354,27.2835],[30.9662,27.3468],[30.9739,27.3723],[30.8782,27.4208],[30.8489,27.4598],[30.8648,27.4995],[30.8511,27.5777],[30.8994,27.6777],[30.8858,27.8011],[30.8442,27.8521],[30.8374,28.0377],[30.7463,28.1332],[30.7412,28.3223],[30.8352,28.4478],[30.8198,28.5076],[30.8374,28.6267],[30.9073,28.76],[30.9101,28.8297],[31.0105,28.942],[31.053,29.0288],[31.1594,29.1231],[31.2209,29.2331],[31.2135,29.4286],[31.2803,29.5472],[31.2704,29.6252],[31.3036,29.6688],[31.2686,29.7334],[31.2968,29.8054],[31.2887,29.885],[31.2209,30.0078],[31.2369,30.1238]],[[33.693,18.489],[33.6882,18.691],[33.6602,18.7242],[33.5596,18.76],[33.5532,18.9067],[33.5798,18.9766],[33.5616,19.179],[33.4248,19.2691],[33.3796,19.4232],[33.3506,19.4437],[33.0577,19.5292],[32.9697,19.4612],[32.8696,19.4361],[32.7969,19.3343],[32.7739,19.3416],[32.7208,19.2854],[32.6567,19.1651],[32.5087,19.1475],[32.4617,19.0327],[32.3834,18.9625],[32.3443,18.8894],[32.2735,18.9137],[32.192,18.8917],[32.0367,18.7848],[32.0341,18.7481],[32.0639,18.7106],[32.0465,18.6192],[31.9683,18.5734],[31.8789,18.5672],[31.8037,18.4562],[31.7782,18.3662],[31.7037,18.3037],[31.5288,18.0806],[31.4507,18.0442],[31.3252,18.0426],[31.2073,17.9844],[31.044,18.0467],[30.9615,18.0538],[30.8931,18.1304],[30.7691,18.1693],[30.7002,18.3276],[30.7027,18.4676],[30.5869,18.5935],[30.5592,18.7092],[30.4854,18.8605],[30.4668,18.9713],[30.4879,19.0498],[30.4731,19.2799],[30.4888,19.3706],[30.4556,19.5067],[30.3985,19.5842],[30.3657,19.7727],[30.303,19.8275],[30.336,19.8817],[30.46,19.9309],[30.5392,19.9309],[30.5872,19.9724],[30.604,20.0401],[30.5624,20.1701],[30.5868,20.2722],[30.5232,20.3473],[30.3883,20.3619],[30.2988,20.5821],[30.3701,20.7171],[30.3383,20.7696],[30.3489,20.8016],[30.567,20.8579],[30.604,21.0276],[30.7144,21.0925],[30.679,21.173],[30.6934,21.2051],[30.8091,21.2857],[30.9059,21.3174],[30.9726,21.3809],[30.9936,21.4132],[30.9619,21.4537],[31.0543,21.5384],[31.0906,21.6092]],[[33.693,18.489],[33.6933,18.4898]],[[33.7905,18.3524],[33.6953,18.4435],[33.693,18.489]],[[32.4902,15.6345],[32.5303,15.7811],[32.5185,15.8443],[32.5499,15.8828],[32.5403,16.1378],[32.6079,16.251],[32.6814,16.2829],[32.6895,16.3266],[32.8626,16.499],[32.9952,16.5479],[33.0689,16.5231],[33.1267,16.535],[33.2786,16.6596],[33.5987,16.7647],[33.7295,16.9636],[33.7354,17.0459],[33.7019,17.1039],[33.749,17.1824],[33.7529,17.2935],[33.8523,17.4058],[33.9024,17.5565],[33.9746,17.6135],[33.9893,17.8062],[33.928,18.2647],[33.8972,18.3171],[33.8175,18.3181],[33.7511,18.4624],[33.693,18.489]]]}},{"type":"Feature","properties":{"name":"Vina","featurecla":"River","scalerank":7,"min_zoom":6},"geometry":{"type":"LineString","coordinates":[[13.5034,7.4417],[13.52,7.4135],[13.5546,7.4115],[13.7739,7.4904],[13.897,7.4997],[14.0205,7.5611],[14.1924,7.5816],[14.2498,7.6164],[14.4146,7.6164],[14.4509,7.5873],[14.5149,7.5855],[14.6442,7.6301],[14.9109,7.7742],[15.0756,7.7809],[15.1377,7.7194],[15.165,7.7467],[15.2202,7.7263],[15.4961,7.7695]]}},{"type":"Feature","properties":{"name":"Gêba","featurecla":"River","scalerank":7,"min_zoom":6},"geometry":{"type":"LineString","coordinates":[[-13.2082,11.057],[-13.2459,11.1424],[-13.28,11.5895],[-13.2158,11.7733],[-13.158,11.8091],[-13.1793,11.8563],[-13.1527,11.8919],[-13.2357,11.9244],[-13.236,11.9814],[-13.2839,12.0035],[-13.2626,12.0267],[-13.2768,12.0885],[-13.3021,12.0953],[-13.3076,12.0652],[-13.3344,12.0908],[-13.3335,12.1859],[-13.3879,12.256],[-13.3712,12.2879],[-13.398,12.3109],[-13.4447,12.2774],[-13.4846,12.3098],[-13.4772,12.2722],[-13.5333,12.2899],[-13.667,12.2321],[-13.6957,12.2932],[-13.7414,12.2571],[-13.8091,12.2563],[-13.7963,12.2789],[-13.8132,12.2838],[-13.9445,12.2188],[-14.0161,12.0554],[-14.0527,12.0462],[-14.058,11.9766],[-14.0959,11.9248],[-14.1987,11.9317],[-14.2714,11.9033],[-14.2963,11.9304],[-14.3292,11.9173],[-14.3353,11.8892],[-14.2895,11.8575],[-14.3314,11.8221],[-14.2897,11.7964],[-14.2865,11.7665],[-14.3112,11.7061],[-14.387,11.6284],[-14.6735,11.6351],[-14.7341,11.5975],[-14.7867,11.6302],[-14.8124,11.6895],[-14.8616,11.6953],[-14.8381,11.742],[-14.8778,11.7486],[-14.904,11.7888],[-14.9254,11.7694]]}},{"type":"Feature","properties":{"name":"Sokoto","featurecla":"River","scalerank":7,"min_zoom":6},"geometry":{"type":"LineString","coordinates":[[7.2305,11.5859],[7.1235,11.6134],[6.9407,11.7525],[6.7919,11.9918],[6.5767,12.2382],[6.407,12.3321],[6.3836,12.368],[6.249,12.4285],[6.0737,12.659],[5.8794,12.7086],[5.83,12.8353],[5.709,12.9508],[5.6226,12.9875],[5.549,13.0838],[5.5122,13.1016],[5.3161,13.0638],[5.1852,13.0841],[5.0244,13.0098],[4.8356,13.0251],[4.7766,13.0581],[4.7151,13.0201],[4.5696,12.7828],[4.2847,12.5437],[4.1183,12.4859],[4.0012,12.3832],[3.987,12.2742],[4.1559,11.7413],[4.1404,11.6567],[4.2422,11.5253],[4.1223,11.3865]]}},{"type":"Feature","properties":{"name":"Mariga","featurecla":"River","scalerank":7,"min_zoom":6},"geometry":{"type":"LineString","coordinates":[[6.9035,11.4925],[6.8818,11.3662],[6.7544,11.2481],[6.7246,11.1278],[6.6865,11.0764],[6.474,11.0095],[6.3229,11.0323],[6.2803,10.965],[6.236,10.9432],[6.2224,10.8912],[6.1221,10.8316],[6.1077,10.7229],[6.1264,10.6231],[6.0856,10.4906]]}},{"type":"Feature","properties":{"name":"Bratul Sulina","featurecla":"River","scalerank":2,"min_zoom":2.1},"geometry":{"type":"LineString","coordinates":[[28.8827,45.1798],[28.9695,45.1966],[29.011,45.1755],[29.4837,45.1693],[29.5315,45.1898],[29.6821,45.1488]]}},{"type":"Feature","properties":{"name":"Borcea","featurecla":"River","scalerank":2,"min_zoom":2.1},"geometry":{"type":"LineString","coordinates":[[27.2922,44.1514],[27.349,44.1954],[27.6534,44.2753],[27.698,44.3264],[27.8062,44.3428],[27.9277,44.4331],[27.9341,44.4854],[27.8959,44.5023],[27.9252,44.5455],[27.9369,44.6453],[27.8643,44.7176],[27.8767,44.7441]]}},{"type":"Feature","properties":{"name":"Mosel","featurecla":"River","scalerank":7,"min_zoom":6},"geometry":{"type":"LineString","coordinates":[[6.922,48.0154],[6.7739,47.9579],[6.6945,48.0183],[6.6069,48.031],[6.6057,48.089],[6.456,48.1564],[6.448,48.2181],[6.393,48.3058],[6.2568,48.4037],[6.3115,48.4617],[6.2631,48.534],[6.0176,48.6506],[5.9137,48.6467],[5.8942,48.6717],[5.9433,48.6844],[6.0029,48.7484],[6.1357,48.7722],[6.1074,48.806],[6.1191,48.8214],[6.0849,48.8342],[6.0925,48.8767],[6.054,48.8968],[6.0304,48.9927],[6.085,49.0821],[6.2038,49.1583],[6.1812,49.2391],[6.1948,49.2739],[6.1709,49.2873],[6.1532,49.3558],[6.346,49.4521],[6.3508,49.5666],[6.4179,49.6391],[6.4027,49.6558],[6.5102,49.7127],[6.6126,49.7189],[6.6301,49.7615],[6.6951,49.7844],[6.7088,49.8226],[6.8042,49.7946],[6.8528,49.7946],[6.8323,49.8288],[6.8466,49.8418],[6.8989,49.8199],[6.9006,49.8834],[6.9353,49.8636],[6.9689,49.9075],[7.0601,49.9215],[6.9961,49.9666],[7.0104,49.978],[7.1005,49.9842],[7.1237,49.9536],[7.1184,50.0516],[7.175,50.0243],[7.1128,50.1031],[7.1879,50.0827],[7.1879,50.1031],[7.2363,50.1099],[7.2295,50.1509],[7.1782,50.1373],[7.1712,50.1584],[7.3598,50.1851],[7.4492,50.2329],[7.4628,50.3092],[7.53,50.3196],[7.5686,50.3707],[7.6064,50.3638]]}},{"type":"Feature","properties":{"name":"Bhima","featurecla":"River","scalerank":7,"min_zoom":6},"geometry":{"type":"LineString","coordinates":[[73.694,19.0054],[73.7808,18.952],[73.8775,18.8488],[74.0,18.6781]]}},{"type":"Feature","properties":{"name":"Mahi","featurecla":"River","scalerank":7,"min_zoom":6},"geometry":{"type":"LineString","coordinates":[[72.9073,22.2786],[72.9182,22.2963],[72.989,22.2615],[73.0398,22.3072],[73.0898,22.4908],[73.2449,22.6633],[73.252,22.778],[73.3325,22.795],[73.3705,22.8299],[73.3676,22.8855],[73.4304,22.9708],[73.4278,23.0248],[73.5167,23.0794],[73.5754,23.1813],[73.6546,23.2137],[73.6825,23.2561],[73.7924,23.2683],[73.8512,23.3297],[73.9312,23.3485],[73.99,23.4145],[74.0,23.4631]]}},{"type":"Feature","properties":{"name":"Tapi","featurecla":"River","scalerank":7,"min_zoom":6},"geometry":{"type":"LineString","coordinates":[[74.0,21.4866],[73.8648,21.4394],[73.8064,21.3698],[73.7131,21.3107],[73.6919,21.2474],[73.3884,21.2804],[73.1832,21.2273],[73.0711,21.2938],[72.9981,21.3081],[72.8775,21.2293],[72.8018,21.2447],[72.8052,21.1909],[72.7286,21.1481]]}},{"type":"Feature","properties":{"name":"Prut","featurecla":"River","scalerank":7,"min_zoom":6},"geometry":{"type":"LineString","coordinates":[[24.584,48.2918],[24.5707,48.3745],[24.6167,48.4152],[24.5552,48.4241],[24.5534,48.4444],[24.6223,48.5328],[24.8999,48.5821],[24.9815,48.555],[25.0492,48.494],[25.5509,48.4492],[25.6736,48.3643],[25.7783,48.3802],[26.0973,48.2454],[26.3298,48.2088],[26.6881,48.275],[26.8213,48.2528],[26.9075,48.1848],[26.9376,48.2051],[26.9971,48.1668],[26.9661,48.1436],[27.0422,48.1276],[27.0411,48.0775],[27.1089,48.0338],[27.0952,48.0059],[27.1684,47.9833],[27.1505,47.9581],[27.1777,47.9382],[27.1602,47.922],[27.2119,47.8898],[27.2119,47.8482],[27.2529,47.8283],[27.2188,47.814],[27.287,47.7526],[27.2807,47.6932],[27.4278,47.5812],[27.4727,47.492],[27.5754,47.4606],[27.5718,47.3754],[27.6365,47.307],[27.7328,47.2759],[27.8059,47.1448],[27.9381,47.0468],[28.0274,47.0332],[28.0686,46.9888],[28.1211,46.8345],[28.2335,46.6627],[28.2466,46.6074],[28.2185,46.504],[28.2454,46.4759],[28.2455,46.4281],[28.1899,46.3514],[28.1773,46.2873],[28.1085,46.2344],[28.1442,46.1835],[28.0821,46.015],[28.1245,45.9186],[28.1128,45.8255],[28.1546,45.762],[28.1675,45.6327],[28.0616,45.5939],[28.1404,45.5605],[28.2124,45.4505]]}},{"type":"Feature","properties":{"name":"Kuban","featurecla":"River","scalerank":7,"min_zoom":6},"geometry":{"type":"LineString","coordinates":[[42.0725,43.2425],[42.0094,43.2792],[41.9982,43.41],[42.0987,43.4942],[42.1316,43.614],[42.1002,43.6463],[41.9337,43.6795],[41.9024,43.7565],[41.9316,43.7845],[41.9057,43.9833],[42.0469,44.2313],[42.0278,44.2991],[42.0593,44.3273],[42.038,44.364],[41.9446,44.4029],[41.9185,44.4732],[41.939,44.5151],[41.9272,44.6249],[41.818,44.7108],[41.8117,44.792],[41.7808,44.8335],[41.7369,44.853],[41.3972,44.8472],[41.1629,44.9929],[41.1165,45.0843],[41.0654,45.1114],[41.0154,45.1979],[41.0343,45.2969],[41.0014,45.3315],[41.0081,45.3849],[40.9781,45.4101],[40.9033,45.4337],[40.6637,45.431],[40.5841,45.4154],[40.561,45.3815],[40.4146,45.3939],[40.3487,45.3543],[40.3315,45.3815],[40.273,45.3474],[40.0696,45.3341],[39.9467,45.285],[39.9057,45.2308],[39.7156,45.1835],[39.564,45.1823],[39.3242,45.0013],[39.0776,44.9638],[38.985,44.9837],[38.908,45.0398],[38.8064,44.9837],[38.7239,45.047],[38.613,45.0529],[38.5112,45.0939],[38.4631,45.0782],[38.2441,45.1755],[38.1559,45.1345],[38.1128,45.1524],[38.0016,45.1284],[37.9301,45.142],[37.8067,45.1085],[37.7654,45.1476],[37.5845,45.1321],[37.3814,45.2123],[37.3821,45.308]]}},{"type":"Feature","properties":{"name":"Shebele","featurecla":"River","scalerank":7,"min_zoom":6},"geometry":{"type":"LineString","coordinates":[[38.803,6.9414],[38.8889,6.9312],[39.0192,7.0199],[39.2057,7.0714],[39.4042,7.1613],[39.512,7.2949],[39.4954,7.3352],[39.5195,7.3694],[39.6499,7.4724],[39.7467,7.4304],[39.9168,7.4935],[40.0092,7.4591],[40.0745,7.4656],[40.1231,7.4212],[40.4194,7.6179],[40.5269,7.6636],[40.6846,7.8076],[40.787,7.9447],[40.959,7.9658],[41.1964,8.1306],[41.3141,8.1574],[41.4041,8.1235],[41.483,8.1365],[41.522,8.0929],[41.5278,8.0015],[41.5727,7.94],[41.5679,7.9038],[41.6173,7.8877],[41.6235,7.7498],[41.7124,7.6636],[41.6996,7.6525],[41.7293,7.5993],[41.8149,7.5475],[41.9129,7.524],[42.0364,7.5692],[42.0551,7.5134],[42.0961,7.4997],[42.0997,7.4622],[42.1758,7.4078],[42.2223,7.1752],[42.1524,6.9818],[42.093,6.9192],[42.0791,6.7958],[42.0142,6.6431],[42.0361,6.5958],[42.1126,6.5352],[42.123,6.4644],[42.191,6.43],[42.281,6.3278],[42.4097,6.2866],[42.7226,6.2664],[42.818,6.1619],[43.228,5.9624],[43.4763,5.9652],[43.6051,5.8781],[43.7084,5.8582],[43.9182,5.6944],[44.0344,5.678],[44.1853,5.5906],[44.2634,5.5978],[44.4218,5.4739],[44.518,5.4705],[44.6679,5.2661],[44.7514,5.23],[44.8365,5.0841],[44.9531,5.0499],[45.0083,4.9642]]}},{"type":"Feature","properties":{"name":"Záncara","featurecla":"River","scalerank":7,"min_zoom":6},"geometry":{"type":"LineString","coordinates":[[-2.3857,40.0401],[-2.4626,40.0159],[-2.6246,39.7693],[-2.6177,39.6973],[-2.5631,39.6458],[-2.5565,39.6088],[-2.5775,39.543],[-2.5769,39.3714],[-2.6346,39.3413],[-2.7493,39.3298],[-2.8238,39.3789],[-3.1646,39.3166]]}},{"type":"Feature","properties":{"name":"Weser","featurecla":"River","scalerank":7,"min_zoom":6},"geometry":{"type":"LineString","coordinates":[[10.978,50.4871],[10.9651,50.4573],[10.8755,50.4116],[10.6458,50.4526],[10.6086,50.5072],[10.4177,50.5432],[10.3989,50.6035],[10.3677,50.6239],[10.3495,50.7488],[10.3069,50.7673],[10.2896,50.8033],[9.9574,50.8635],[9.9916,50.8703],[10.1099,51.0113],[10.2114,50.9976],[10.2231,51.0457],[10.2659,51.0553],[10.2659,51.0764],[10.3403,51.0826],[10.2749,51.0887],[10.2939,51.1099],[10.2373,51.1378],[10.1945,51.1263],[10.152,51.1904],[9.9963,51.2184],[9.9841,51.2477],[10.0114,51.2613],[9.9431,51.3023],[9.95,51.3228],[9.8916,51.3228],[9.8001,51.3854],[9.6421,51.4252],[9.6421,51.4737],[9.5868,51.522],[9.6157,51.5511],[9.5391,51.6108],[9.5596,51.645],[9.3754,51.6485],[9.3952,51.6784],[9.3823,51.7758],[9.4204,51.7978],[9.402,51.8162],[9.4429,51.8299],[9.4605,51.8843],[9.4084,51.9087],[9.4701,51.9056],[9.4566,51.9255],[9.5119,51.9329],[9.5081,51.9981],[9.4429,51.9944],[9.4224,52.042],[9.365,52.0707],[9.3745,52.09],[9.2639,52.1605],[9.0637,52.1976],[8.8982,52.1719],[8.8334,52.2203],[8.9229,52.2549],[8.9291,52.3274],[8.9877,52.4144],[9.0258,52.4264],[9.0258,52.4879],[9.0872,52.481],[9.073,52.5015],[9.1008,52.5077],[9.0798,52.5294],[9.1099,52.5432],[9.1238,52.604],[9.2026,52.6591],[9.1829,52.7007],[9.2232,52.7007],[9.2306,52.7274],[9.1909,52.7464],[9.1965,52.7827],[9.1594,52.8076],[9.2232,52.8509],[9.1829,52.8577],[9.2107,52.872],[9.1757,52.8992],[9.1843,52.9598],[8.8897,53.0262],[8.8672,53.0635],[8.6552,53.1383],[8.6108,53.1799],[8.5129,53.1996],[8.4839,53.2451],[8.5044,53.358]]}},{"type":"Feature","properties":{"name":"Indus","featurecla":"Lake Centerline","scalerank":3,"min_zoom":3},"geometry":{"type":"LineString","coordinates":[[72.7817,34.6225],[72.8023,34.5768],[72.7887,34.5142],[72.8367,34.481],[72.8279,34.3932],[72.8525,34.2878],[72.8331,34.1683],[72.707,34.0856]]}},{"type":"Feature","properties":{"name":"Indus","featurecla":"River","scalerank":3,"min_zoom":3},"geometry":{"type":"MultiLineString","coordinates":[[[72.707,34.0855],[72.6332,34.0138],[72.4675,34.0205],[72.3484,33.961],[72.2403,33.9379],[72.2341,33.766],[72.0874,33.7899],[72.0219,33.7462],[71.9741,33.65],[71.9531,33.5264],[71.9018,33.4886],[71.8779,33.4234],[71.7232,33.3553],[71.699,33.2725],[71.7544,33.1838],[71.7129,33.1109],[71.7184,33.0294],[71.448,32.8873],[71.405,32.8089],[71.4117,32.7257],[71.3545,32.6889],[71.3259,32.6368],[71.3508,32.525],[71.3406,32.4151],[71.2834,32.3399],[71.2288,32.1817],[71.1235,32.0941],[71.1123,32.039],[70.9928,31.8979],[70.8993,31.7096],[70.9033,31.6637],[70.7914,31.4263],[70.7681,31.2498],[70.8352,30.9483],[70.75,30.7744],[70.7714,30.6773],[70.8481,30.542],[70.8152,30.364],[70.774,30.3159],[70.8159,30.2195],[70.8018,30.1094],[70.8351,30.0534],[70.8442,29.9],[70.8237,29.8414],[70.6631,29.6683],[70.6353,29.6007],[70.6445,29.546],[70.7003,29.506],[70.7203,29.3996],[70.6482,29.2151],[70.6602,29.0588],[70.565,29.0233],[70.4661,28.9161],[70.3736,28.9146],[70.2764,28.7925],[70.1441,28.739],[70.0431,28.6592],[70.0286,28.5979],[69.7622,28.5091],[69.7166,28.4012],[69.5733,28.2503],[69.4878,28.216],[69.4195,28.2324],[69.379,28.1524],[69.2881,28.1697],[69.2506,28.1293],[69.1808,28.1188],[69.1314,28.0562],[69.0349,28.0627],[68.999,27.9721],[68.9225,27.9843],[68.95,27.8683],[68.8827,27.8494],[68.8608,27.8076],[68.9556,27.7459],[68.9326,27.7103],[68.791,27.6669],[68.6765,27.7904],[68.6466,27.711],[68.5655,27.7095],[68.5107,27.6647],[68.4497,27.6766],[68.4166,27.6274],[68.3528,27.6177],[68.2911,27.5569],[68.3315,27.4776],[68.297,27.4188],[68.3267,27.3741],[68.2099,27.3631],[68.1465,27.2791],[68.2055,27.2359],[68.2017,27.2149],[68.0942,27.1859],[68.1133,27.0941],[67.9761,26.9697],[67.913,26.9656],[67.8917,26.8328],[67.9024,26.7174],[67.879,26.6438],[67.926,26.5737],[67.927,26.499],[67.8899,26.3857],[67.9274,26.3439],[67.9391,26.2691],[68.0121,26.2381],[68.04,26.1907],[68.1104,26.1663],[68.1362,26.0621],[68.2214,25.9998],[68.2711,25.9033],[68.3914,25.8268],[68.3977,25.8096],[68.3314,25.7658],[68.3227,25.7329],[68.4264,25.6612],[68.3823,25.6212],[68.3927,25.5492],[68.3145,25.4988],[68.3279,25.451],[68.3098,25.3953],[68.3442,25.3529],[68.3491,25.2793],[68.3012,25.2083],[68.3705,25.1418],[68.2947,25.1291],[68.2608,24.9693],[68.1978,25.0064],[68.1348,24.9415],[68.1406,24.8741],[68.044,24.8684],[68.0475,24.7907],[67.9703,24.6563],[68.0105,24.5873],[67.9579,24.5245],[67.9703,24.4429],[67.8434,24.4119],[67.87,24.3465],[67.7847,24.336],[67.8248,24.2552],[67.7665,24.2693],[67.7378,24.1741],[67.655,24.1591],[67.6636,24.1064]],[[74.0,35.446],[73.9108,35.4941],[73.7561,35.5275],[73.5024,35.5344],[73.44,35.5622],[73.3124,35.5416],[73.249,35.3184],[73.2854,35.2852],[73.2695,35.26],[73.1187,35.1849],[72.928,35.0349],[72.892,35.037],[72.8989,34.9788],[72.8648,34.9068],[72.9692,34.8566],[72.9846,34.8249],[72.9194,34.7808],[72.8245,34.7608],[72.7817,34.6225]],[[67.6636,24.1064],[67.6614,24.1081]],[[67.6636,24.1064],[67.6397,24.0708],[67.5323,24.0605]],[[67.7134,24.0664],[67.6636,24.1064]],[[67.7134,24.0664],[67.7602,24.0528]],[[67.9259,23.9824],[67.9557,23.9945],[67.9242,24.056],[67.7649,24.0718],[67.7867,24.003],[67.9259,23.9824]],[[67.9259,23.9824],[67.9268,23.9849]],[[68.0245,23.9337],[68.0139,24.0096],[67.9564,23.9995]],[[67.6509,23.9312],[67.7314,23.9652],[67.7134,24.0664]],[[67.8575,23.9095],[67.8682,23.9445],[67.9259,23.9824]]]}},{"type":"Feature","properties":{"name":"Logone","featurecla":"River","scalerank":7,"min_zoom":6},"geometry":{"type":"LineString","coordinates":[[15.4961,7.7695],[15.6564,7.7565],[15.7505,7.8328],[15.7683,7.9317],[15.844,8.0546],[15.8678,8.4134],[16.145,8.5974],[16.3796,8.6576],[16.4094,8.7066],[16.5132,8.7531],[16.596,8.9026],[16.4638,9.0614],[16.4203,9.1807],[16.3068,9.324],[16.2192,9.5285],[16.0319,9.6281],[15.912,9.7311],[15.823,9.7547],[15.8034,9.877],[15.7063,9.9328],[15.7144,9.9627],[15.6374,10.0301],[15.4758,10.1329],[15.301,10.312],[15.2177,10.4874],[15.1377,10.5218],[15.1494,10.6233],[15.0654,10.7933],[15.0786,10.8983],[15.0347,10.9948],[15.0208,11.1827],[15.0625,11.3101],[15.0601,11.4163],[15.1352,11.531],[15.0659,11.6808],[15.1104,11.7831],[15.0437,11.8775],[15.0628,11.9274],[15.0479,11.963],[15.0807,11.9718],[15.049,12.0121],[15.049,12.0847]]}},{"type":"Feature","properties":{"name":"Mincio","featurecla":"River","scalerank":7,"min_zoom":6},"geometry":{"type":"LineString","coordinates":[[10.6904,45.4505],[10.7178,45.3673],[10.6973,45.3201],[10.7153,45.2934],[10.6773,45.2471],[10.6904,45.1724],[10.7903,45.1656],[10.978,45.0731]]}},{"type":"Feature","properties":{"name":"Niger","featurecla":"Lake Centerline","scalerank":3,"min_zoom":3},"geometry":{"type":"MultiLineString","coordinates":[[[-3.9796,15.2813],[-4.2286,15.393],[-4.3039,15.5069]],[[4.6257,9.8645],[4.5898,9.9122],[4.5913,10.0076],[4.5339,10.1053],[4.5569,10.2324],[4.4973,10.3632],[4.5641,10.5257],[4.6567,10.6092]]]}},{"type":"Feature","properties":{"name":"Niger","featurecla":"River","scalerank":3,"min_zoom":3},"geometry":{"type":"MultiLineString","coordinates":[[[-3.2225,16.4003],[-3.1862,16.4497],[-3.1195,16.4637],[-3.1087,16.6044],[-3.0671,16.6538],[-2.9571,16.6607],[-2.9087,16.6392],[-2.8468,16.6932],[-2.5433,16.7423],[-2.4859,16.7776],[-2.3021,16.7948],[-2.2456,16.8426],[-2.0528,16.8206],[-2.0129,16.8784],[-1.8259,16.9268],[-1.6331,17.0101],[-1.3006,17.0181],[-1.151,17.0675],[-1.0993,17.0645],[-1.0184,16.9894],[-0.9364,17.0106],[-0.8677,16.9881],[-0.803,17.0139],[-0.6726,16.9288],[-0.6028,16.932],[-0.5427,16.9744],[-0.3845,16.9639],[-0.3441,16.9115],[-0.3537,16.8492],[-0.2878,16.7977],[-0.2816,16.7196],[-0.2434,16.6697],[-0.2305,16.5995],[-0.1201,16.5111],[-0.1065,16.4169],[-0.064,16.3662],[-0.0423,16.2242],[0.0727,16.118],[0.1904,15.9207],[0.3647,15.7562],[0.4665,15.7263],[0.5073,15.6412],[0.4858,15.5376],[0.7339,15.429],[0.7536,15.3518],[0.7204,15.3124],[0.6487,15.075],[0.6838,14.9584],[0.7534,14.9549],[0.8368,14.9155],[0.9096,14.6964],[1.07,14.5375],[1.1314,14.4318],[1.3019,14.277],[1.4072,14.2589],[1.4391,14.2292],[1.5022,14.1031],[1.5363,13.897],[1.7156,13.6966],[1.9941,13.5782],[2.0246,13.53],[2.1,13.5123],[2.1985,13.3658],[2.3469,13.2762],[2.3782,12.8755],[2.4675,12.7867],[2.488,12.729],[2.4738,12.6738],[2.5269,12.6462],[2.5017,12.5707],[2.5557,12.4956],[2.611,12.5776],[2.6314,12.5155],[2.6838,12.511],[2.7183,12.5429],[2.7424,12.443],[2.8437,12.3994],[2.9445,12.2926],[3.0088,12.2765],[3.0628,12.194],[3.2515,12.0243],[3.3064,11.9025],[3.3411,11.8831],[3.3803,11.8952],[3.4948,11.8377],[3.6425,11.6367],[3.8374,11.5759],[3.9092,11.5122],[3.9646,11.5136],[4.0793,11.4553],[4.1243,11.3746],[4.1936,11.3314],[4.2946,11.1966],[4.4482,11.1761],[4.5739,11.1002],[4.656,10.968],[4.7214,10.9136],[4.6891,10.6459],[4.6562,10.6072]],[[-3.2225,16.4003],[-3.2173,16.3229],[-3.1778,16.2667],[-3.2278,16.1944],[-3.2889,16.1944],[-3.3097,16.107],[-3.3421,16.0704],[-3.4662,16.0741]],[[-3.4662,16.0741],[-3.4567,16.1612]],[[-3.4662,16.0741],[-3.5567,16.0388],[-3.6111,15.9056],[-3.6611,15.8612],[-3.7056,15.8612],[-3.7166,15.6889],[-3.8437,15.6685],[-3.8667,15.6334],[-3.7823,15.6281],[-3.8,15.5944],[-3.9639,15.4732],[-3.8166,15.45],[-3.8037,15.4128],[-3.8215,15.377],[-3.8722,15.3167],[-3.9277,15.3277],[-3.9444,15.2833],[-3.9833,15.3111]],[[-3.4661,16.0735],[-3.4662,16.0741]],[[-4.3039,15.507],[-4.3497,15.6584],[-4.2835,15.7329],[-4.2188,15.7565],[-4.1739,15.9017],[-4.1287,15.8987],[-4.0854,15.8612],[-4.0296,15.8635],[-3.9622,15.9451],[-3.877,15.9775],[-3.7561,16.1076],[-3.4892,16.1284],[-3.3989,16.2008],[-3.3938,16.2654],[-3.3104,16.269],[-3.3265,16.3289],[-3.3105,16.3597],[-3.2225,16.4003]],[[-4.2334,15.2333],[-4.3248,15.1968],[-4.3358,15.1293],[-4.4166,15.0],[-4.4616,14.9891],[-4.4757,14.9422],[-4.613,14.9116],[-4.6273,14.8612],[-4.6055,14.8445],[-4.6111,14.8055],[-4.6833,14.739],[-4.6944,14.6223],[-4.6722,14.6334],[-4.6719,14.5669],[-4.7722,14.3945],[-4.8245,14.3659],[-4.9222,14.1722]],[[-9.3818,11.003],[-9.3678,11.0773],[-9.2301,11.0685],[-9.1046,11.1829],[-9.0938,11.2191],[-9.1326,11.2666],[-9.157,11.3874],[-9.1389,11.4226],[-8.9863,11.4186],[-8.8982,11.4473],[-8.8638,11.5019],[-8.7986,11.536],[-8.7128,11.6779],[-8.5594,11.8013],[-8.4653,11.8418],[-8.3411,12.0031],[-8.3348,12.0941],[-8.1707,12.2088],[-8.1214,12.2923],[-8.111,12.4176],[-8.0726,12.4619],[-8.0281,12.6217],[-7.88,12.657],[-7.7731,12.6408],[-7.744,12.7154],[-7.6805,12.7836],[-7.569,12.8416],[-7.4834,12.9481],[-7.4114,12.9714],[-7.3462,13.0642],[-7.1486,13.1588],[-7.1138,13.2032],[-7.0025,13.2661],[-6.9625,13.3294],[-6.9063,13.3585],[-6.834,13.3438],[-6.6178,13.3923],[-6.4324,13.3714],[-6.1721,13.5219],[-6.1233,13.5819],[-6.0792,13.7095],[-6.0482,13.7319],[-5.9613,13.684],[-5.8802,13.6743],[-5.7795,13.7356],[-5.6778,13.8426],[-5.5655,13.8897],[-5.5004,13.958],[-5.2395,13.9728],[-5.1383,14.1138],[-4.8845,14.1682],[-4.5701,14.2771],[-4.4858,14.2342],[-4.4517,14.3106],[-4.3829,14.3473],[-4.366,14.4167],[-4.2774,14.4364],[-4.2222,14.49],[-4.1614,14.6894],[-4.0872,14.7502],[-4.0891,14.8454],[-3.9263,14.942],[-3.8995,15.0616],[-3.9746,15.137],[-3.9795,15.2812]],[[4.6257,9.8645],[4.6503,9.7187],[4.5724,9.5856],[4.5737,9.5218],[4.625,9.3248],[4.7426,9.275],[4.7708,9.1487],[4.8294,9.142],[5.0059,9.1966],[5.1502,9.1133],[5.2095,9.0084],[5.4011,8.9895],[5.4662,8.9412],[5.538,8.9295],[5.6343,8.829],[5.746,8.8112],[5.7905,8.7458],[5.9146,8.7355],[6.0925,8.7586],[6.1607,8.7193],[6.2774,8.7368],[6.3577,8.694],[6.4653,8.4317],[6.5839,8.3403],[6.7763,8.0628],[6.7968,7.92],[6.749,7.7404],[6.7559,7.6934],[6.7097,7.5917],[6.6965,7.2393],[6.7194,7.149],[6.6492,6.8439],[6.6547,6.6208],[6.7577,6.1229],[6.7038,6.076],[6.689,5.9144],[6.6161,5.7928],[6.5469,5.501],[6.4746,5.4386],[6.4954,5.3714],[6.3333,5.3372],[6.2886,5.2637],[6.2095,5.2527],[6.2104,5.1837],[6.1536,5.1522],[6.0955,5.1529],[6.0502,5.1047],[5.9155,5.1878],[5.843,5.187],[5.8181,5.2078],[5.7498,5.1702],[5.7258,5.1844],[5.7187,5.165],[5.595,5.1424],[5.5747,5.1702],[5.4959,5.1424]],[[-10.7321,9.0899],[-10.6922,9.1561],[-10.6426,9.175],[-10.5557,9.4414],[-10.6557,9.566],[-10.6658,9.7139],[-10.6374,9.8118],[-10.7121,9.9308],[-10.7041,9.9601],[-10.7584,10.0042],[-10.7809,10.1658],[-10.8004,10.1656],[-10.8256,10.2247],[-10.8197,10.2567],[-10.7786,10.2823],[-10.7929,10.3099],[-10.7168,10.3016],[-10.67,10.3362],[-10.6284,10.3362],[-10.6495,10.4256],[-10.5049,10.4256],[-10.4956,10.4612],[-10.4093,10.5293],[-10.2244,10.5082],[-10.235,10.4883],[-10.2001,10.4393],[-10.1492,10.4877],[-10.142,10.5329],[-10.0809,10.543],[-10.0043,10.6118],[-9.9438,10.5901],[-9.9121,10.6249],[-9.8672,10.5981],[-9.8729,10.6545],[-9.7855,10.6658],[-9.7277,10.645],[-9.6655,10.6942],[-9.6053,10.6756],[-9.4913,10.8167],[-9.4699,10.9586],[-9.394,10.9768],[-9.3818,11.003]],[[6.5647,5.5401],[6.6077,5.5052],[6.62,5.3341],[6.49,5.2023],[6.4275,5.0188],[6.448,4.9779],[6.5222,4.9887],[6.5595,4.9539],[6.5921,4.8959],[6.612,4.7696],[6.6746,4.7451],[6.7361,4.6079]],[[6.5027,5.3819],[6.5015,5.3568],[6.4446,5.3447],[6.4077,5.2869],[6.3577,5.274],[6.3213,5.2032],[6.3701,5.1966],[6.37,5.1728],[6.33,5.1612],[6.3047,5.0946],[6.2533,5.0958],[6.2492,5.0371],[6.2842,5.0188],[6.2631,5.0126],[6.257,4.9498]],[[6.2568,4.9505],[6.257,4.9498]],[[6.257,4.9498],[6.2774,4.8959],[6.2426,4.7827],[6.2568,4.7178],[6.2289,4.67],[6.2615,4.5655],[6.2363,4.4981]],[[6.257,4.9498],[6.2227,4.9232],[6.2111,4.9414],[6.2029,4.8859],[6.147,4.8754],[6.085,4.8065],[6.0986,4.7792],[6.0713,4.7656],[6.0959,4.7344],[6.0925,4.6079],[6.0398,4.505],[6.0554,4.4199]]]}},{"type":"Feature","properties":{"name":"Sio","featurecla":"River","scalerank":7,"min_zoom":6},"geometry":{"type":"LineString","coordinates":[[18.0432,46.9165],[18.2341,46.864],[18.4402,46.7505],[18.5964,46.7474],[18.6323,46.6959],[18.5986,46.5665],[18.6043,46.5231],[18.6484,46.4888],[18.6358,46.398],[18.852,46.3411],[18.9065,46.348]]}},{"type":"Feature","properties":{"name":"Sobat","featurecla":"River","scalerank":7,"min_zoom":6},"geometry":{"type":"MultiLineString","coordinates":[[[33.2078,8.4382],[33.147,8.4456],[33.1602,8.4924],[33.1222,8.5074],[33.1129,8.5655],[33.085,8.5617],[33.0543,8.6216],[32.9785,8.6151],[32.9347,8.5617],[32.9203,8.6114],[32.8311,8.6375],[32.7664,8.6341],[32.7392,8.6094],[32.7149,8.6579],[32.6734,8.6647],[32.7197,8.7563],[32.6929,8.7979],[32.6021,8.8324],[32.5777,8.9043],[32.5265,8.8633],[32.4932,8.9255],[32.4146,8.9364],[32.4062,9.0527],[32.3687,9.0988],[32.2651,9.1247],[32.2206,9.0987],[32.194,9.1262],[32.2004,9.1514],[32.125,9.2107],[32.1253,9.2538],[32.0701,9.2469],[32.0334,9.3022],[31.8301,9.3652],[31.8137,9.3226],[31.7861,9.3277],[31.7786,9.3011],[31.7206,9.2817],[31.5913,9.3281],[31.5912,9.3708],[31.5362,9.3773]],[[32.9893,7.9174],[33.117,8.1043],[33.1847,8.1412],[33.1694,8.2057],[33.2078,8.2539],[33.1638,8.2929],[33.1607,8.3563],[33.1736,8.4046],[33.2097,8.421],[33.2009,8.4382]]]}},{"type":"Feature","properties":{"name":"Ishim","featurecla":"River","scalerank":7,"min_zoom":6},"geometry":{"type":"LineString","coordinates":[[67.0055,53.3376],[67.0305,53.3491],[67.013,53.3716],[67.044,53.4212],[67.1153,53.4952],[67.0838,53.5097],[67.0948,53.5436],[67.1962,53.5994],[67.2085,53.644],[67.2383,53.6597],[67.2232,53.6729],[67.3624,53.7416],[67.4614,53.9116],[67.6434,54.0]]}},{"type":"Feature","properties":{"name":"Bani","featurecla":"River","scalerank":7,"min_zoom":6},"geometry":{"type":"MultiLineString","coordinates":[[[-5.5437,13.2082],[-5.5028,13.2286],[-5.4322,13.2213],[-5.3574,13.2806],[-5.2358,13.2764],[-5.1567,13.3348],[-5.0571,13.3658],[-4.9464,13.3668],[-4.8574,13.3987],[-4.6787,13.6195],[-4.5909,13.647],[-4.5422,13.7064],[-4.5173,13.8846],[-4.468,13.8872],[-4.4554,13.9427],[-4.2715,13.9822],[-4.2558,14.0784],[-4.198,14.1278],[-4.1588,14.2071],[-4.1595,14.2565],[-4.18,14.2429],[-4.2148,14.3081],[-4.2617,14.3312],[-4.2031,14.4222],[-4.2113,14.5116]],[[-6.5176,12.6738],[-6.4792,12.7235],[-6.4002,12.7352],[-6.3144,12.7971],[-6.3047,12.8382],[-6.3457,12.9099],[-6.332,12.9885],[-6.3026,13.0154],[-6.1188,13.0532],[-5.949,13.2014],[-5.7082,13.191],[-5.6667,13.2327],[-5.5437,13.2014]]]}},{"type":"Feature","properties":{"name":"Hindiyah Channel","featurecla":"River","scalerank":7,"min_zoom":6},"geometry":{"type":"LineString","coordinates":[[44.3539,32.241],[44.3849,32.1417],[44.531,32.0531],[44.6314,31.8549],[44.5989,31.8229],[44.6109,31.7618],[44.5668,31.7128],[44.5632,31.6147]]}},{"type":"Feature","properties":{"name":"Shatt al Hillah","featurecla":"River","scalerank":7,"min_zoom":6},"geometry":{"type":"LineString","coordinates":[[44.2685,32.7313],[44.3159,32.6939],[44.3374,32.6282],[44.3709,32.6016],[44.4014,32.6132],[44.438,32.4846],[44.4887,32.4274],[44.666,32.3944],[44.7278,32.4098],[44.7379,32.3645],[44.8171,32.2788],[44.8097,32.07],[44.9719,31.9715],[44.981,31.9294],[44.9407,31.849],[44.9841,31.7888],[44.9941,31.7147],[45.2983,31.4567],[45.3168,31.4024],[45.207,31.3881]]}},{"type":"Feature","properties":{"featurecla":"River","scalerank":7,"min_zoom":6},"geometry":{"type":"LineString","coordinates":[[27.9865,45.2922],[28.0411,45.2582],[28.1221,45.2496],[28.0976,45.184],[28.1777,45.1345],[28.1313,45.0889],[28.1411,44.9597],[28.0698,44.7958],[28.0138,44.7578],[27.9456,44.7783],[27.8836,44.7578]]}},{"type":"Feature","properties":{"name":"Shabeelle","featurecla":"River","scalerank":7,"min_zoom":6},"geometry":{"type":"LineString","coordinates":[[45.0083,4.9642],[45.0305,4.8881],[45.1598,4.8538],[45.2056,4.7315],[45.1933,4.6973],[45.2485,4.6045],[45.2957,4.4466],[45.384,4.3336],[45.4204,4.2374],[45.4084,4.2099],[45.5017,4.1418],[45.5157,4.0]]}},{"type":"Feature","properties":{"name":"Euphrates","featurecla":"River","scalerank":3,"min_zoom":3},"geometry":{"type":"MultiLineString","coordinates":[[[40.9926,34.4285],[41.1057,34.3693],[41.1612,34.3741],[41.219,34.396],[41.1782,34.4239],[41.2239,34.4492],[41.2677,34.4163],[41.297,34.4568],[41.4319,34.4239],[41.4038,34.4598],[41.4244,34.4724],[41.4511,34.4282],[41.5274,34.4239],[41.5889,34.445],[41.5951,34.4792],[41.7134,34.4565],[41.7803,34.5216],[41.8421,34.4746],[41.9678,34.4717],[42.0304,34.3893],[42.1253,34.3325],[42.1445,34.2792],[42.2447,34.3149],[42.252,34.2735],[42.2776,34.2713],[42.2969,34.347],[42.3357,34.3496],[42.384,34.3209],[42.3853,34.2901],[42.3251,34.2573],[42.3152,34.2259],[42.3875,34.1912],[42.371,34.0882],[42.4046,34.0714],[42.4246,34.017],[42.4939,34.0472],[42.5559,33.9715],[42.5281,33.869],[42.5826,33.848],[42.6441,33.9017],[42.7334,33.8758],[42.7593,33.8535],[42.7192,33.807],[42.7475,33.7466],[42.7124,33.7182],[42.85,33.6358],[42.9321,33.5299],[43.011,33.5326],[43.0657,33.4938],[43.1187,33.537],[43.2647,33.4492],[43.3566,33.4718],[43.4367,33.4505],[43.4443,33.428],[43.4869,33.4309],[43.4949,33.404],[43.5553,33.4234],[43.6305,33.3735],[43.6446,33.3967],[43.7271,33.3346],[43.7545,33.3489],[43.7613,33.3005],[43.7852,33.3036],[43.8085,33.2521],[43.8367,33.2607],[43.8609,33.1828],[43.9068,33.2122],[43.9561,33.1558],[43.9889,33.1695],[44.0698,33.1422],[44.0357,33.1292],[44.1586,33.0323],[44.1753,32.9344],[44.253,32.8795],[44.2896,32.7996],[44.2226,32.5703],[44.2954,32.4666],[44.288,32.4101],[44.3543,32.2746],[44.3572,32.118],[44.4778,31.9357],[44.5042,31.7659],[44.4742,31.7045],[44.4942,31.6592],[44.614,31.6001],[44.6793,31.5253],[44.7765,31.4681],[44.8517,31.4912],[44.935,31.4307],[45.1325,31.428],[45.2003,31.4018],[45.2376,31.3277]],[[45.2376,31.3277],[45.4669,31.3052]],[[45.4631,31.3052],[45.532,31.2878],[45.5291,31.2516],[45.5667,31.2032],[45.6168,31.2062],[45.6874,31.1622],[45.7432,31.1764],[45.8945,31.1287],[46.0405,31.1263],[46.1044,31.0719],[46.252,31.0445],[46.5115,30.8837],[46.7482,30.9618],[46.9504,30.9598],[47.009,30.9793],[47.2559,30.9704],[47.2974,30.95],[47.4334,31.0164],[47.4532,31.015],[47.4685,30.9685]]]}},{"type":"Feature","properties":{"featurecla":"River","scalerank":7,"min_zoom":6},"geometry":{"type":"LineString","coordinates":[[30.7549,30.7644],[30.685,30.8736],[30.4094,31.0995],[30.1684,31.1378],[29.9583,31.2494]]}},{"type":"Feature","properties":{"name":"Euphrates","featurecla":"Lake Centerline","scalerank":3,"min_zoom":3},"geometry":{"type":"MultiLineString","coordinates":[[[38.7678,38.8128],[38.8126,38.875],[38.7778,38.905],[38.7866,38.9813],[38.7395,39.0784]],[[38.4713,38.7408],[38.4605,38.6924],[38.3871,38.6603],[38.3489,38.5956],[38.4029,38.5081],[38.689,38.4208],[38.8105,38.4404],[38.8855,38.3641],[38.9573,38.3305],[39.0733,38.348]],[[38.9827,37.8994],[38.978,37.8303],[38.9214,37.8251],[38.8889,37.7887],[38.9539,37.8014],[38.9648,37.7613],[38.8889,37.7409],[38.9231,37.7136],[38.8004,37.697],[38.8683,37.6515],[38.6456,37.6242],[38.4949,37.5007],[38.3269,37.4903]]]}},{"type":"Feature","properties":{"name":"Euphrates","featurecla":"River","scalerank":3,"min_zoom":3},"geometry":{"type":"MultiLineString","coordinates":[[[41.4555,40.1802],[41.319,40.005],[41.2769,39.9816],[41.0265,39.961],[40.8702,39.9195],[40.4685,39.9536],[40.303,39.9404],[40.1604,39.9],[40.1401,39.8557],[40.2511,39.7636],[40.2594,39.7283],[40.199,39.6738],[40.1837,39.5926],[40.1018,39.5601],[39.9099,39.5843],[39.5751,39.694],[39.4507,39.701],[39.3064,39.6307],[38.8658,39.5822],[38.7556,39.5453],[38.7115,39.5003],[38.6399,39.5128],[38.5708,39.4949],[38.3614,39.3994],[38.4251,39.3185],[38.5807,39.2249],[38.6199,39.1717],[38.7114,39.166],[38.7395,39.0785]],[[38.7678,38.8128],[38.677,38.7646],[38.6358,38.7818],[38.6187,38.7483],[38.4713,38.7408]],[[39.0733,38.348],[39.1148,38.3436],[39.145,38.3079],[39.1148,38.1927],[39.1414,38.1787],[39.2219,38.2051],[39.2564,38.1531],[39.2249,38.0638],[39.0723,37.9996],[39.0405,37.9252],[38.9827,37.8994]],[[38.3269,37.4903],[38.2499,37.4486],[38.2067,37.4536],[38.1802,37.4119],[38.0945,37.4536],[37.9897,37.4448],[37.8521,37.3038],[37.8406,37.2679],[37.8748,37.2133],[37.8526,37.2265],[37.8406,37.2031],[37.8762,37.1309],[37.8694,37.0652],[37.9225,37.042],[37.9788,37.0501],[37.9639,36.9988],[38.0405,36.8805],[38.0211,36.8711],[38.0258,36.8356]]]}},{"type":"Feature","properties":{"name":"Blue Nile","featurecla":"Lake Centerline","scalerank":3,"min_zoom":3},"geometry":{"type":"LineString","coordinates":[[37.113,11.855],[37.1304,11.8973],[37.1629,11.9068],[37.2581,11.9269],[37.2981,11.9016],[37.3657,11.8101],[37.3872,11.6323]]}},{"type":"Feature","properties":{"name":"Blue Nile","featurecla":"River","scalerank":3,"min_zoom":3},"geometry":{"type":"LineString","coordinates":[[37.179,11.0358],[37.0989,11.0927],[37.0457,11.1904],[36.9977,11.1928],[36.9635,11.2654],[36.9732,11.3255],[37.0182,11.3715],[36.9977,11.4945],[37.0733,11.5981],[37.0615,11.6347],[37.1098,11.6483],[37.1622,11.7216],[37.2022,11.7215],[37.1155,11.8091],[37.113,11.855]]}},{"type":"Feature","properties":{"name":"Volga","featurecla":"Lake Centerline","scalerank":3,"min_zoom":3},"geometry":{"type":"MultiLineString","coordinates":[[[48.8497,54.0],[48.989,53.8577],[48.9853,53.608],[49.0693,53.4938],[49.262,53.463],[49.9048,53.4567]],[[48.6616,53.1383],[48.5409,53.1287],[48.4824,53.067],[48.4966,52.9949],[48.5925,52.9195],[48.5807,52.8659],[48.4221,52.7709],[48.3872,52.7177],[48.2486,52.6235],[48.2095,52.5065],[48.0956,52.3143],[48.0015,52.2248],[47.9638,52.1541],[47.8276,52.1194],[47.769,52.074]],[[45.6636,50.2223],[45.8731,50.3716],[45.8871,50.4023],[45.8585,50.4669],[45.6821,50.6216],[45.6729,50.7215],[45.7372,50.7609],[45.9565,50.8028],[46.0232,50.8403],[46.0543,50.8877],[46.0037,50.9865],[46.012,51.0371],[45.8352,51.1525],[45.8372,51.2952],[45.9672,51.4018],[45.9834,51.4856],[46.1807,51.5677],[46.2765,51.7157],[46.3316,51.7542],[46.4825,51.7842],[46.5957,51.7488],[46.7765,51.7412]]]}},{"type":"Feature","properties":{"name":"Volga","featurecla":"River","scalerank":3,"min_zoom":3},"geometry":{"type":"MultiLineString","coordinates":[[[49.9048,53.4567],[50.0164,53.4737],[50.0879,53.454],[50.1528,53.3658],[50.1687,53.2569],[50.0083,53.1714],[49.8047,53.2268],[49.6155,53.1576],[49.4556,53.1321],[49.3438,53.2136],[49.0447,53.2352],[48.6616,53.1383]],[[47.769,52.074],[47.7122,52.0371],[47.4952,52.0734],[47.438,52.0609],[47.0919,51.9329],[47.0198,51.8653],[46.7765,51.7412]],[[45.6636,50.2223],[45.4321,50.0886],[45.3613,49.9586],[45.359,49.7894],[45.1438,49.5797],[45.075,49.4483],[45.0336,49.4132],[44.9617,49.2593],[44.9839,49.2025],[44.9688,49.1552],[44.7286,48.9346],[44.6314,48.7687],[44.4601,48.6234],[44.4609,48.5849],[44.5444,48.5235],[44.6555,48.534],[44.7278,48.4925],[44.999,48.426],[45.1729,48.4599],[45.3922,48.4064],[45.441,48.4779],[45.4677,48.4788],[45.6383,48.4241],[45.6983,48.3824],[45.8313,48.369],[45.8799,48.3332],[45.9566,48.3223],[45.9959,48.2529],[46.0772,48.2357],[46.1598,48.1682],[46.1287,48.0783],[46.1422,47.9357],[46.3461,47.8633],[46.3639,47.7817],[46.5425,47.7469],[46.8381,47.451],[46.9845,47.4248],[47.0806,47.3369],[47.0865,47.2015],[47.1923,47.1831],[47.4026,47.0317],[47.5038,47.0148],[47.5891,46.9714],[47.6021,46.9539],[47.5724,46.8546],[47.6187,46.836],[47.7296,46.8547],[47.7756,46.7741],[47.8416,46.7349]],[[47.8416,46.7349],[48.0098,46.725],[48.2047,46.666],[48.2682,46.511],[48.2656,46.4229],[48.459,46.3337],[48.5171,46.2661],[48.565,46.1338],[48.627,46.0873]],[[47.8416,46.7349],[47.9094,46.6035],[48.0125,46.527],[47.9711,46.4424],[48.0137,46.4029],[48.018,46.364],[47.8997,46.2142],[47.7568,46.0948],[47.739,46.015],[47.6436,45.9612],[47.6332,45.8341],[47.5387,45.807],[47.5558,45.7661]]]}},{"type":"Feature","properties":{"name":"Euphrates","featurecla":"Lake Centerline","scalerank":3,"min_zoom":3},"geometry":{"type":"LineString","coordinates":[[38.5611,35.8626],[38.4601,35.8588],[38.3001,35.9168],[38.1749,35.973],[38.0849,36.0542],[38.0619,36.1408],[38.1199,36.225],[38.1894,36.2649],[38.1838,36.3425]]}},{"type":"Feature","properties":{"name":"Euphrates","featurecla":"River","scalerank":3,"min_zoom":3},"geometry":{"type":"MultiLineString","coordinates":[[[38.0258,36.8356],[38.0667,36.7096],[38.0976,36.6789],[38.2105,36.6481],[38.2931,36.528],[38.2561,36.4628],[38.2031,36.4388],[38.1838,36.3425]],[[38.56,35.8633],[38.7214,35.8497],[38.7592,35.8838],[38.7429,35.9103],[38.7996,35.9117],[38.8132,35.9316],[39.0343,35.9293],[39.0881,35.8838],[39.2442,35.8597],[39.2834,35.8292],[39.3961,35.8497],[39.4165,35.8012],[39.5911,35.7929],[39.5947,35.7603],[39.6223,35.7946],[39.7426,35.7318],[39.766,35.7534],[39.8053,35.7352],[39.8355,35.6817],[39.8323,35.6256],[39.856,35.5889],[39.8894,35.5889],[39.8775,35.5694],[39.9168,35.5275],[39.9485,35.5348],[40.0593,35.461],[40.1093,35.3953],[40.1018,35.3699],[40.1702,35.3266],[40.232,35.2879],[40.2669,35.3078],[40.2532,35.2669],[40.2935,35.2805],[40.3385,35.2364],[40.4177,35.2116],[40.3972,35.1849],[40.4307,35.0825],[40.4711,35.0667],[40.4444,35.0349],[40.4922,34.9863],[40.5283,34.9893],[40.5657,34.9586],[40.581,34.8832],[40.6226,34.8832],[40.6383,34.7968],[40.6983,34.7808],[40.7665,34.7181],[40.8042,34.7288],[40.8286,34.6983],[40.8079,34.6704],[40.8389,34.6498],[40.8696,34.6704],[40.8917,34.6273],[40.9272,34.6185],[40.918,34.5782],[40.9448,34.5276],[40.9223,34.5008],[40.9306,34.4683],[40.9926,34.4285]]]}},{"type":"Feature","properties":{"name":"Karkheh","featurecla":"River","scalerank":8,"min_zoom":7},"geometry":{"type":"LineString","coordinates":[[48.9832,33.9478],[48.8876,34.0794],[48.8448,34.2353],[48.6803,34.3456],[48.4083,34.346],[48.2394,34.3209],[48.1804,34.2823],[48.082,34.3004],[47.9485,34.3693],[47.7092,34.3814],[47.6519,34.41],[47.6505,34.4549],[47.6119,34.4616],[47.434,34.3762],[47.3384,34.198],[47.4091,34.1241],[47.4309,34.0409],[47.4967,33.951],[47.5033,33.8449],[47.3589,33.7387],[47.0579,33.7114],[47.0025,33.6397],[47.0132,33.5936],[46.9343,33.6226],[46.8449,33.6152],[46.8279,33.5537],[46.9236,33.4713],[47.0094,33.4334],[47.0004,33.3973],[47.0294,33.3659],[47.1236,33.34],[47.2193,33.2642],[47.4104,33.1909],[47.6065,33.0398],[47.7966,32.9818],[48.0278,32.8309],[48.0851,32.7279],[47.9654,32.6535],[47.9736,32.6177],[47.939,32.6105],[47.9094,32.5614],[47.9671,32.5187],[48.0099,32.5382],[48.0547,32.4979],[48.1192,32.5054],[48.1472,32.4781],[48.1546,32.3273],[48.2227,32.187],[48.2159,32.0529],[48.27,31.9983],[48.2472,31.9645],[48.2638,31.9505],[48.2543,31.8905],[48.3383,31.8741],[48.49,31.7145],[48.5932,31.6434],[48.4586,31.565],[48.4418,31.5443],[48.4556,31.5123],[48.3965,31.4768],[48.1895,31.5606],[48.1347,31.5404],[48.106,31.4883],[47.8863,31.5315],[47.8173,31.5104],[47.6715,31.4073],[47.6254,31.3343],[47.6339,31.2535],[47.5302,31.128],[47.5219,31.0279],[47.4661,30.976]]}},{"type":"Feature","properties":{"name":"Blue Nile","featurecla":"Lake Centerline","scalerank":3,"min_zoom":3},"geometry":{"type":"LineString","coordinates":[[34.3796,11.7831],[34.3803,11.6906],[34.419,11.5908],[34.7776,11.2965]]}},{"type":"Feature","properties":{"name":"Blue Nile","featurecla":"River","scalerank":3,"min_zoom":3},"geometry":{"type":"MultiLineString","coordinates":[[[34.3796,11.7831],[34.3623,11.9527],[34.3054,12.1366],[34.3489,12.2247],[34.3523,12.3653],[34.2605,12.4578],[34.1878,12.4745],[34.1475,12.5155],[34.186,12.5907],[34.1375,12.6535],[34.1426,12.7748],[34.0649,12.8365],[34.0395,12.8929],[33.9916,12.8653],[34.0213,12.9282],[33.9785,12.9717],[33.9893,13.012],[33.9429,13.0707],[33.9763,13.1231],[33.9722,13.1601],[33.9209,13.1703],[33.9507,13.2369],[33.8794,13.2764],[33.8696,13.3212],[33.8362,13.3031],[33.7769,13.3332],[33.7153,13.3225],[33.6619,13.4185],[33.6731,13.4725],[33.6261,13.5782],[33.5701,13.594],[33.6192,13.6939],[33.551,13.7513],[33.6249,13.773],[33.5605,13.7992],[33.5442,13.832],[33.6099,13.8625],[33.6199,13.9136],[33.5852,13.9623],[33.6311,13.9771],[33.6124,14.0374],[33.6524,14.061],[33.6808,14.1404],[33.6404,14.2087],[33.6098,14.2108],[33.621,14.2907],[33.5489,14.3503],[33.5442,14.4346],[33.5147,14.4205],[33.4963,14.4831],[33.4594,14.4998],[33.3384,14.7505],[33.3176,14.7295],[33.3067,14.743],[33.304,14.791],[33.2158,14.9169],[33.2214,15.0174],[33.1671,15.1339],[33.0029,15.2858],[32.8931,15.3049],[32.7883,15.3572],[32.7109,15.4225],[32.7007,15.4761],[32.5751,15.6185],[32.4889,15.6326]],[[35.3508,10.1491],[35.3164,10.2039],[35.3296,10.3085],[35.2739,10.4985],[35.1475,10.5728],[35.1348,10.617],[35.2008,10.8933],[35.166,11.0034],[35.193,11.1083],[35.0992,11.1752],[35.065,11.2335],[34.8259,11.2555],[34.7776,11.2965]]]}},{"type":"Feature","properties":{"name":"Sakarya","featurecla":"River","scalerank":8,"min_zoom":7},"geometry":{"type":"LineString","coordinates":[[29.5346,40.0383],[29.4475,40.145],[29.4492,40.1717],[29.5069,40.2049],[29.5265,40.2439],[29.7776,40.2722],[29.8816,40.3764],[29.9915,40.3926],[30.0743,40.4895],[30.2249,40.5103],[30.3081,40.5567],[30.3333,40.6321],[30.3741,40.657],[30.3843,40.7078],[30.4185,40.7153],[30.4736,40.8387],[30.5973,40.8931],[30.5694,40.9685],[30.502,40.9777],[30.5078,41.0026],[30.5864,41.0008],[30.6177,41.0709],[30.6006,41.1067],[30.6416,41.0955],[30.6456,41.1329]]}},{"type":"Feature","properties":{"name":"Kura","featurecla":"Lake Centerline","scalerank":8,"min_zoom":7},"geometry":{"type":"LineString","coordinates":[[46.3384,40.9],[46.5683,40.9348],[46.7332,40.9212],[46.9673,40.838],[47.0201,40.78]]}},{"type":"Feature","properties":{"name":"Kura","featurecla":"River","scalerank":8,"min_zoom":7},"geometry":{"type":"MultiLineString","coordinates":[[[43.2883,40.9753],[43.283,40.9472],[43.3833,40.815],[43.4666,40.7978]],[[42.8223,40.9207],[42.7847,40.8996],[42.6072,40.8996],[42.5932,40.9344],[42.4273,40.984],[42.4988,41.0919],[42.7079,41.1263],[42.8131,41.2032],[42.922,41.1722],[43.0854,41.1748],[43.1821,41.3002],[43.3251,41.3768],[43.2831,41.4993],[43.2952,41.5472],[43.2263,41.5854],[43.0624,41.5916],[43.0899,41.6874],[43.3845,41.8522],[43.5362,41.9672],[43.7842,42.055],[43.9239,42.0212],[44.0318,42.0268],[44.1104,41.9879],[44.2315,41.9746],[44.3098,41.9343],[44.71,41.8343],[44.7595,41.7967],[44.8028,41.7002],[45.0015,41.5779],[45.0039,41.5313],[45.0984,41.3433],[45.1487,41.3024],[45.2758,41.2565],[45.5017,41.2292],[45.5838,41.1528],[45.7178,41.1159],[45.7276,41.0777],[45.7896,41.0649],[45.8062,41.031],[45.9063,40.9862],[45.9588,40.9916],[46.0099,40.9524],[46.0095,40.9821],[46.0318,40.9904],[46.0709,40.9412],[46.1044,40.9616],[46.146,40.9344],[46.187,40.9548],[46.34,40.8996]],[[47.0201,40.78],[47.0781,40.7163],[47.069,40.6773],[47.1277,40.679],[47.1565,40.6395],[47.1943,40.6361],[47.1807,40.5865],[47.2285,40.5477],[47.2222,40.5147],[47.2633,40.5433],[47.3108,40.4562],[47.3608,40.4567],[47.3241,40.4136],[47.3782,40.3986],[47.3657,40.3652],[47.4225,40.364],[47.4209,40.314],[47.4448,40.2901],[47.5239,40.2826],[47.484,40.254],[47.5439,40.1727],[47.5955,40.1967],[47.6817,40.1727],[47.7241,40.2032],[47.7358,40.1635],[47.7833,40.1535],[47.8014,40.0967],[47.8419,40.1039],[47.8932,40.0777],[47.9636,40.0763],[47.9721,40.1224],[48.0169,40.1119],[48.0728,40.1361],[48.0864,40.0965],[48.1607,40.0499],[48.229,40.0635],[48.2599,40.031],[48.3042,40.0499],[48.3283,40.0294],[48.4133,40.0406],[48.4662,40.0222],[48.5916,40.0987],[48.7505,40.0195],[48.8393,40.0027],[48.916,39.942],[48.9096,39.9022],[48.9553,39.7967],[48.9419,39.7742],[48.9917,39.7289],[48.9553,39.6663],[48.9902,39.6541],[49.0214,39.6022],[48.9968,39.5638],[49.0241,39.5189],[48.9832,39.4708],[49.1187,39.4261],[49.2432,39.4199],[49.3668,39.3509]]]}},{"type":"Feature","properties":{"name":"Uele","featurecla":"River","scalerank":3,"min_zoom":3},"geometry":{"type":"MultiLineString","coordinates":[[[26.7104,4.0],[26.6362,4.0175],[26.6006,4.0]],[[22.5369,4.0],[22.5115,4.1008],[22.4731,4.1278],[22.2068,4.1505],[22.001,4.2448],[21.8911,4.2374],[21.7368,4.2936],[21.6506,4.2958],[21.5376,4.2448],[21.3743,4.2783],[21.2878,4.3336],[21.2105,4.2918],[21.113,4.341],[21.0756,4.3956],[20.8709,4.4536],[20.7673,4.4229],[20.5798,4.4151],[20.4517,4.5291],[20.456,4.6216],[20.3384,4.772],[20.236,4.8065],[20.1712,4.8785],[20.0033,4.9746],[19.8904,5.0023],[19.8241,5.0971],[19.5683,5.1553],[19.4084,5.1306],[19.2365,5.0109],[19.1951,4.9505],[19.1157,4.9406],[19.0685,4.8914],[19.0112,4.7652],[18.8278,4.5601],[18.7529,4.4008],[18.6738,4.3615],[18.5759,4.3729],[18.5563,4.3543],[18.5366,4.3062],[18.6192,4.1697],[18.6451,4.0]]]}},{"type":"Feature","properties":{"name":"Talkeh","featurecla":"River","scalerank":8,"min_zoom":7},"geometry":{"type":"LineString","coordinates":[[45.7556,37.7272],[45.8372,37.8289],[45.9343,37.8575],[45.9142,37.9322],[46.2569,38.1311],[46.3429,38.086],[46.5844,38.1563],[46.9274,38.1722],[47.0029,38.0741],[47.0925,38.0611],[47.1909,37.9941],[47.4688,37.878],[47.6426,37.9194],[47.7437,37.9839],[47.7973,38.0532],[47.7651,38.1435]]}},{"type":"Feature","properties":{"name":"Blue Nile","featurecla":"River","scalerank":3,"min_zoom":3},"geometry":{"type":"LineString","coordinates":[[37.3867,11.634],[37.3956,11.5498],[37.6147,11.4882],[37.7436,11.3128],[37.8713,11.2241],[38.1047,11.1596],[38.2954,11.1505],[38.3756,11.0904],[38.4343,11.0898],[38.4819,11.0258],[38.5191,10.9058],[38.5054,10.8309],[38.5259,10.7757],[38.5112,10.6806],[38.4713,10.6075],[38.498,10.371],[38.4563,10.2459],[38.4264,10.2178],[38.4187,10.1421],[38.2462,10.1165],[38.1923,10.0554],[37.8976,9.9304],[37.796,9.8594],[37.7029,9.8428],[37.5313,10.0067],[37.3677,10.0626],[37.3147,10.0218],[37.2892,10.0946],[37.2195,10.1048],[37.186,10.1345],[37.1729,10.1683],[37.1963,10.2543],[36.7568,10.3767],[36.5543,10.3793],[36.5209,10.406],[36.5221,10.4583],[36.5004,10.4772],[36.4327,10.4464],[36.427,10.389],[36.3735,10.3534],[36.3384,10.2328],[36.2828,10.161],[36.2266,10.1372],[35.9794,10.1376],[35.8897,10.0311],[35.7276,10.0489],[35.7368,9.9844],[35.7202,9.9726],[35.6704,9.9632],[35.4959,10.107],[35.4417,10.1308],[35.4081,10.1103],[35.3508,10.1491]]}},{"type":"Feature","properties":{"name":"Büyük Menderes","featurecla":"River","scalerank":8,"min_zoom":7},"geometry":{"type":"MultiLineString","coordinates":[[[30.4804,38.3587],[30.481,38.2855],[30.4348,38.2152],[30.3555,38.194],[30.1636,38.085],[30.0945,38.1271],[30.041,38.197],[29.9678,38.1954],[29.843,38.2362],[29.6889,38.2078],[29.4578,38.0696],[29.4102,38.1769],[29.3119,38.2313],[29.2236,38.2132],[29.1821,38.1505],[29.0884,38.1506],[29.0118,38.1036],[28.957,38.0258],[28.9627,37.9675],[28.9446,37.9551],[28.7395,37.9669],[28.631,37.9171],[28.3836,37.8871],[28.2846,37.8989],[28.1489,37.8559],[27.9529,37.8617],[27.7896,37.7834],[27.6597,37.8104],[27.6365,37.7887],[27.616,37.8091],[27.5513,37.8022],[27.5341,37.7962],[27.5512,37.7824],[27.4863,37.7744],[27.4658,37.6863],[27.4863,37.6345],[27.3628,37.5696],[27.3718,37.5449],[27.1821,37.5488]],[[27.28,37.5454],[27.2119,37.515],[27.1908,37.4802]]]}},{"type":"Feature","properties":{"name":"Haliacmon","featurecla":"River","scalerank":8,"min_zoom":7},"geometry":{"type":"LineString","coordinates":[[20.822,40.3701],[20.9014,40.4614],[21.0501,40.4016],[21.1587,40.4925],[21.2261,40.5023],[21.2503,40.4477],[21.367,40.3999],[21.367,40.372],[21.3889,40.3731],[21.4898,40.2622],[21.4841,40.2306],[21.5444,40.2007],[21.5581,40.1597],[21.5034,40.1324],[21.6338,39.961],[21.7986,39.9959],[21.8152,40.0188],[21.7962,40.0987],[21.8405,40.1119],[21.9334,40.2222],[22.0994,40.3037],[22.1956,40.3999],[22.2351,40.4753],[22.3451,40.5537],[22.4665,40.5917],[22.5388,40.5507],[22.5993,40.5484],[22.655,40.4819]]}},{"type":"Feature","properties":{"featurecla":"River","scalerank":8,"min_zoom":7},"geometry":{"type":"LineString","coordinates":[[47.6332,30.6824],[47.6777,30.6039],[47.7629,30.5732]]}},{"type":"Feature","properties":{"name":"Aras","featurecla":"River","scalerank":8,"min_zoom":7},"geometry":{"type":"LineString","coordinates":[[43.4666,40.7978],[43.5293,40.7904],[43.5591,40.7425],[43.6521,40.7047],[43.7066,40.6122],[43.6521,40.5296],[43.631,40.5371],[43.6384,40.5228],[43.5591,40.4781],[43.6248,40.4204],[43.5938,40.3457],[43.6755,40.2662],[43.6909,40.2388],[43.6725,40.228],[43.7209,40.1696],[43.6521,40.1392],[43.665,40.1104],[43.9116,40.0245],[44.032,40.0089],[44.104,40.0362],[44.2886,40.0436],[44.4639,39.9725],[44.5475,39.9117],[44.5977,39.8312],[44.6915,39.7933],[44.8092,39.6372],[44.8718,39.6253],[44.9566,39.4348],[45.0874,39.3509],[45.1524,39.2138],[45.3106,39.2008],[45.3959,39.0735],[45.4341,39.053],[45.4382,39.0045],[45.5305,38.9695],[45.7164,38.955],[46.1256,38.8629],[46.3779,38.925],[46.5136,38.8824],[46.5693,38.898],[46.8505,39.1558],[46.9533,39.1609],[47.02,39.1902],[47.1017,39.3087],[47.2907,39.3798],[47.4065,39.477],[47.5406,39.5154],[47.8227,39.6806],[47.9348,39.6867],[47.9752,39.7215],[48.003,39.8034],[48.0636,39.8159],[48.1143,39.8812],[48.2428,39.8928],[48.4688,40.0225]]}},{"type":"Feature","properties":{"name":"Shatt al Arab","featurecla":"River","scalerank":3,"min_zoom":3},"geometry":{"type":"LineString","coordinates":[[47.4685,30.9685],[47.6196,30.7849],[47.7288,30.7438],[47.7556,30.5853],[47.8743,30.4876],[48.1301,30.4477],[48.1997,30.3241],[48.3053,30.3131],[48.4083,30.2026],[48.3806,30.1456],[48.4526,30.0017],[48.5318,29.9612]]}},{"type":"Feature","properties":{"name":"Murat","featurecla":"Lake Centerline","scalerank":9,"min_zoom":7.1},"geometry":{"type":"LineString","coordinates":[[39.8613,38.6846],[39.7804,38.6363],[39.6889,38.663],[39.5281,38.656],[39.4996,38.6689],[39.4766,38.7665],[39.3975,38.7773],[39.2485,38.8575],[39.004,38.8967],[38.8126,38.875]]}},{"type":"Feature","properties":{"name":"Murat","featurecla":"River","scalerank":9,"min_zoom":7.1},"geometry":{"type":"LineString","coordinates":[[43.5839,39.4124],[43.6795,39.5154],[43.6363,39.5748],[43.405,39.6253],[43.3123,39.6731],[43.0512,39.7106],[42.9111,39.5674],[42.726,39.5154],[42.575,39.3776],[42.5386,39.294],[42.5234,39.1619],[42.1657,39.1652],[42.0108,39.0909],[41.9663,39.1046],[41.9386,39.0825],[41.9043,39.0909],[41.891,39.057],[41.7316,39.0376],[41.5645,39.0772],[41.5361,39.0521],[41.5274,38.9932],[41.5392,38.8511],[41.4796,38.8712],[41.4381,38.8228],[41.4244,38.8445],[41.4041,38.8228],[41.3282,38.8582],[41.2223,38.8277],[41.1466,38.7551],[40.9384,38.8917],[40.6897,38.8371],[40.607,38.7797],[40.4177,38.7135],[40.1464,38.7551],[39.8613,38.6846]]}},{"type":"Feature","properties":{"name":"Ariège","featurecla":"River","scalerank":6,"min_zoom":5},"geometry":{"type":"LineString","coordinates":[[1.809,42.627],[1.8369,42.6884],[1.8119,42.7362],[1.6629,42.7895],[1.6034,42.8553],[1.5967,42.8808],[1.6293,42.9129],[1.5922,42.9914],[1.6194,43.0532],[1.5893,43.1545],[1.5988,43.1934],[1.5336,43.3135],[1.4528,43.3941],[1.4043,43.5176]]}},{"type":"Feature","properties":{"name":"Garonne","featurecla":"River","scalerank":6,"min_zoom":5},"geometry":{"type":"LineString","coordinates":[[0.9245,42.6461],[0.9026,42.699],[0.6987,42.7666],[0.7278,42.8858],[0.6499,42.9478],[0.5588,43.0719],[0.6611,43.115],[0.8661,43.1063],[1.1524,43.2521],[1.2875,43.3719],[1.333,43.4789],[1.4338,43.555],[1.4086,43.6246],[1.1667,43.9682],[1.0554,44.0725],[0.8889,44.0812],[0.7742,44.1393],[0.6172,44.1756],[0.5712,44.2264],[0.3332,44.26],[0.2944,44.4015],[0.2228,44.4254],[0.0724,44.536],[0.0317,44.5354],[-0.0413,44.5865],[-0.2295,44.5681],[-0.2843,44.588],[-0.3718,44.691],[-0.52,44.7783],[-0.535,44.8237],[-0.5758,44.8472],[-0.5417,44.898]]}},{"type":"Feature","properties":{"name":"Loire","featurecla":"River","scalerank":5,"min_zoom":4.7},"geometry":{"type":"LineString","coordinates":[[3.0111,47.174],[2.9717,47.2692],[2.8806,47.3332],[2.9299,47.4534],[2.7416,47.635],[2.459,47.7659],[2.2946,47.7967],[2.2983,47.8203],[2.2478,47.855],[2.0995,47.876],[2.0418,47.8624],[2.0247,47.8898],[1.8836,47.9056],[1.7302,47.8531],[1.5796,47.7077],[1.3095,47.5724],[1.2424,47.4981],[0.9055,47.4007],[0.7078,47.4086],[0.5452,47.3814],[0.2109,47.2425],[0.0754,47.2182],[-0.0718,47.2646],[-0.3135,47.4129],[-0.5347,47.4237],[-0.6872,47.3721],[-0.8817,47.4003],[-1.1648,47.3758],[-1.3043,47.3409],[-1.5006,47.2182],[-1.63,47.1961],[-1.7345,47.2108]]}},{"type":"Feature","properties":{"name":"Po","featurecla":"River","scalerank":6,"min_zoom":5},"geometry":{"type":"MultiLineString","coordinates":[[[7.6475,44.8391],[7.4511,44.7392],[7.4441,44.6581],[7.4068,44.6324],[7.2741,44.6821],[7.1041,44.7012]],[[7.6475,44.8391],[7.6972,44.9617],[7.6687,45.0734],[7.8711,45.2203],[7.9772,45.204],[8.2902,45.2183],[8.3921,45.1631],[8.5696,45.142],[8.6689,45.0247],[9.053,45.0873],[9.1856,45.1392],[9.5417,45.0859],[9.5425,45.1314],[9.5901,45.1124],[9.6284,45.1284],[9.6366,45.0938],[9.7222,45.0721],[9.7644,45.1147],[9.8335,45.0681],[9.8301,45.0961],[9.8957,45.0917],[9.8827,45.134],[9.9037,45.1383],[9.9158,45.1079],[9.9978,45.1246],[10.0717,45.0374],[10.1834,45.0464],[10.3503,44.9839],[10.3989,44.9912],[10.4434,44.9365],[10.5212,44.916],[10.6011,44.9223],[10.6633,44.9651],[10.6904,45.0184],[10.6742,45.0493],[10.8176,45.0452],[10.9362,45.0799],[11.0635,45.0532],[11.2726,45.0594],[11.2725,45.0337],[11.4189,44.9667],[11.4317,44.9376],[11.5247,44.9398],[11.6221,44.895],[11.7971,44.9775],[12.0522,44.9798],[12.0881,44.9912],[12.0603,45.0184],[12.1414,45.0303],[12.325,44.9576],[12.5339,44.97]]]}},{"type":"Feature","properties":{"name":"Loire","featurecla":"River","scalerank":5,"min_zoom":4.7},"geometry":{"type":"MultiLineString","coordinates":[[[3.0782,46.9851],[3.0708,47.0537],[3.0293,47.0878],[3.0111,47.174]],[[4.1906,44.8274],[4.1726,44.7829],[4.1483,44.7816],[3.9387,44.8773],[3.89,44.9965],[3.9292,45.0278],[3.9035,45.1251],[3.9292,45.191],[4.0497,45.2185],[4.124,45.2653],[4.1375,45.3225],[4.2401,45.4223],[4.2625,45.5697],[4.197,45.6718],[4.2059,45.7543],[4.1852,45.8147],[4.0274,45.9617],[4.0337,45.9967],[4.1033,46.0657],[4.0999,46.1423],[3.9871,46.3526],[3.9768,46.4669],[3.741,46.5493],[3.74,46.6154],[3.6106,46.761],[3.466,46.8352],[3.3467,46.8485],[3.2028,46.978],[3.0782,46.9852]]]}},{"type":"Feature","properties":{"name":"Drau","featurecla":"River","scalerank":7,"min_zoom":6},"geometry":{"type":"MultiLineString","coordinates":[[[12.2948,46.7327],[12.6919,46.7842],[12.7719,46.8381]],[[12.7719,46.8381],[12.957,46.7627],[13.1394,46.744],[13.3227,46.7742],[13.3686,46.8345],[13.4011,46.8347],[13.8589,46.6248],[14.0261,46.5947],[14.1389,46.5447],[14.4184,46.5638],[14.5933,46.6455],[14.7869,46.6445],[14.8574,46.6713],[14.9394,46.6518],[15.0188,46.5987],[15.1855,46.6179],[15.4424,46.583],[15.4658,46.5469],[15.5701,46.5723],[15.6751,46.5628],[15.7266,46.5076],[15.9423,46.3826],[16.1445,46.407],[16.3183,46.3687],[16.3588,46.3206],[16.4839,46.3018],[16.8779,46.3141]]]}}]}